Loanref,first_default_month,speed_label
F23Q10025763,17,0
F23Q30121363,15,0
F22Q30256457,16,0
F22Q10040026,15,0
F23Q20259844,18,0
F23Q20068931,15,0
F22Q20289911,9,1
F23Q20182632,19,0
F22Q30257927,10,1
F22Q30190206,23,0
F23Q20207716,20,0
F22Q30042938,19,0
F22Q30099160,6,1
F23Q30099596,12,1
F22Q20015967,18,0
F22Q40219595,24,0
F22Q30211692,14,0
F22Q10443034,24,0
F23Q10181445,18,0
F22Q20378157,22,0
F23Q30137748,12,1
F22Q30264495,20,0
F22Q10480010,13,0
F22Q10098214,13,0
F22Q30028292,7,1
F22Q20056358,23,0
F22Q40196211,21,0
F22Q20066971,23,0
F23Q20004401,15,0
F23Q20076805,19,0
F23Q30018420,23,0
F22Q20289026,13,0
F22Q40155771,22,0
F23Q20177283,7,1
F23Q10048492,11,1
F22Q30254149,22,0
F23Q30062132,15,0
F22Q20285587,22,0
F22Q10172911,8,1
F22Q10190529,16,0
F22Q40008182,13,0
F22Q20050610,18,0
F22Q20285813,20,0
F22Q10534569,20,0
F22Q40193556,7,1
F23Q20178363,6,1
F22Q40214120,22,0
F22Q10108295,11,1
F22Q30207832,23,0
F23Q20022152,19,0
F22Q40157672,16,0
F22Q20386613,13,0
F22Q30264790,13,0
F22Q30085208,5,1
F22Q10543023,21,0
F22Q20086448,18,0
F22Q10230236,12,1
F22Q30300119,20,0
F22Q30213298,8,1
F22Q30300369,4,1
F22Q40049088,21,0
F23Q20082474,16,0
F22Q20274778,6,1
F23Q30154776,14,0
F22Q30234898,24,0
F23Q20038211,18,0
F22Q30303028,22,0
F22Q10345354,18,0
F23Q20256892,19,0
F23Q10036942,7,1
F23Q10178581,15,0
F22Q40140516,22,0
F22Q40144440,19,0
F22Q20098232,12,1
F22Q10140150,3,1
F22Q10344909,9,1
F22Q10052561,16,0
F22Q30201392,14,0
F22Q20039527,16,0
F22Q40070033,23,0
F22Q10447939,9,1
F22Q10181122,4,1
F23Q30217132,22,0
F23Q10026726,22,0
F22Q10496969,6,1
F22Q10139193,15,0
F23Q30147374,16,0
F23Q30222828,15,0
F22Q10136341,20,0
F23Q20231116,18,0
F22Q20023562,23,0
F22Q20339478,4,1
F22Q30029907,14,0
F22Q30274065,24,0
F22Q20427911,3,1
F22Q20260835,4,1
F23Q10035647,21,0
F22Q30070185,5,1
F22Q20227395,7,1
F23Q10134511,13,0
F23Q20159312,24,0
F23Q10001549,17,0
F22Q10436323,10,1
F23Q30249054,12,1
F22Q30200038,8,1
F23Q30094455,11,1
F22Q10202158,11,1
F23Q30150252,10,1
F22Q20340973,17,0
F22Q40005372,21,0
F22Q40202727,11,1
F22Q10381230,6,1
F22Q30247439,17,0
F23Q20193107,24,0
F22Q10558247,19,0
F22Q20124632,5,1
F23Q10170542,8,1
F23Q20069591,16,0
F23Q10115865,19,0
F23Q30008023,19,0
F22Q20016161,17,0
F23Q20076688,8,1
F22Q20134834,11,1
F22Q20225480,16,0
F22Q20078671,7,1
F22Q20273168,7,1
F22Q10188771,19,0
F22Q20273130,10,1
F22Q10548139,14,0
F23Q20011009,6,1
F23Q30126784,12,1
F23Q20083432,18,0
F23Q30101166,18,0
F22Q30080017,16,0
F22Q10372981,16,0
F22Q20199603,8,1
F23Q10122399,19,0
F23Q20048615,19,0
F23Q30249941,21,0
F22Q10145473,21,0
F23Q30011074,20,0
F22Q10241689,24,0
F22Q10445905,8,1
F22Q40064133,6,1
F22Q20114575,15,0
F22Q30040349,6,1
F22Q30244170,20,0
F23Q30020308,17,0
F22Q20241290,18,0
F22Q10228210,21,0
F22Q30217186,21,0
F22Q20409837,20,0
F23Q20115343,5,1
F22Q20007816,8,1
F23Q20012738,21,0
F23Q30001314,11,1
F23Q20106347,18,0
F22Q20375561,12,1
F22Q10565543,9,1
F22Q30048030,6,1
F23Q30222122,16,0
F22Q40102684,23,0
F22Q40082141,22,0
F22Q30309988,14,0
F22Q10170475,17,0
F22Q20232114,24,0
F22Q20067524,5,1
F23Q30125983,15,0
F22Q10069026,6,1
F22Q10405841,22,0
F23Q30048324,20,0
F22Q30320400,11,1
F22Q10176415,18,0
F22Q10258165,15,0
F22Q20317227,23,0
F22Q20151902,22,0
F22Q30033362,6,1
F23Q10022606,9,1
F22Q10530967,5,1
F23Q30239862,16,0
F22Q20375809,8,1
F23Q30059378,4,1
F22Q10575525,7,1
F22Q30337040,14,0
F22Q20259281,16,0
F22Q40065322,21,0
F22Q30225373,22,0
F22Q40039782,16,0
F22Q20296301,6,1
F23Q30115620,14,0
F23Q30047413,4,1
F22Q30061267,8,1
F22Q30046109,6,1
F22Q40135451,19,0
F22Q10448239,6,1
F22Q40197472,9,1
F23Q10135305,21,0
F23Q30193328,21,0
F23Q20105328,13,0
F23Q10095542,3,1
F23Q30102281,12,1
F22Q20337750,5,1
F23Q30177683,24,0
F22Q40129296,8,1
F22Q30104919,22,0
F22Q40095295,13,0
F22Q20154808,13,0
F22Q20143959,18,0
F22Q20106988,13,0
F23Q30145903,18,0
F22Q20344501,11,1
F23Q10059329,22,0
F22Q20192047,5,1
F22Q20396798,6,1
F23Q10032268,9,1
F23Q30045711,20,0
F22Q20343023,7,1
F23Q20151021,14,0
F23Q10094130,7,1
F22Q40009039,7,1
F23Q10147789,17,0
F23Q10139927,11,1
F22Q20366911,22,0
F23Q10134515,7,1
F22Q10277832,21,0
F22Q10209189,17,0
F22Q10182356,6,1
F22Q40109031,3,1
F22Q10132553,12,1
F22Q20241348,7,1
F22Q10063804,11,1
F22Q20181193,18,0
F22Q20077104,24,0
F22Q10021038,19,0
F23Q20042725,5,1
F23Q20119787,15,0
F23Q20183260,6,1
F23Q20216908,11,1
F22Q40075239,15,0
F22Q10247290,10,1
F23Q10029384,19,0
F23Q20088241,23,0
F22Q10137540,22,0
F22Q10246744,13,0
F22Q10182318,21,0
F23Q10037322,9,1
F22Q20283735,18,0
F22Q20184573,9,1
F22Q10215924,11,1
F23Q30115962,9,1
F23Q20262162,15,0
F22Q30281951,15,0
F22Q10311904,23,0
F22Q10151284,21,0
F22Q30021378,19,0
F23Q20007342,23,0
F23Q10058946,18,0
F23Q20143245,21,0
F22Q10244661,20,0
F22Q20328803,6,1
F23Q30203616,13,0
F22Q10293519,7,1
F22Q40099049,20,0
F23Q30023493,4,1
F22Q10480255,11,1
F22Q10153284,17,0
F22Q10218570,10,1
F22Q20031440,13,0
F22Q40104576,22,0
F22Q10098177,5,1
F22Q40173430,12,1
F22Q40051246,14,0
F22Q20259057,22,0
F22Q40052380,5,1
F22Q40032447,6,1
F22Q20090529,15,0
F23Q10169631,21,0
F23Q30255591,11,1
F23Q30052060,16,0
F22Q20311885,22,0
F23Q20140487,23,0
F23Q30247178,16,0
F22Q20087650,13,0
F22Q30103175,21,0
F22Q30046614,6,1
F23Q20183533,3,1
F22Q10508471,13,0
F22Q30194720,19,0
F23Q10160711,4,1
F22Q20264256,3,1
F22Q30099234,20,0
F22Q40210148,24,0
F22Q20267579,8,1
F22Q20425967,4,1
F22Q30039065,22,0
F23Q30053439,14,0
F22Q10413697,23,0
F22Q30299893,15,0
F22Q10473520,13,0
F22Q30199901,16,0
F23Q10101238,17,0
F23Q30262400,11,1
F23Q10069157,4,1
F22Q20370683,8,1
F22Q20116677,5,1
F22Q20208016,21,0
F22Q40130948,19,0
F23Q20093063,14,0
F23Q30174574,12,1
F22Q40086617,20,0
F23Q20108340,13,0
F22Q20334633,17,0
F23Q10045422,10,1
F23Q30052725,17,0
F23Q20126074,21,0
F23Q10093175,8,1
F22Q10095734,19,0
F22Q10519719,23,0
F22Q40139145,8,1
F23Q10108153,13,0
F22Q20273915,18,0
F23Q10058475,24,0
F23Q10069756,21,0
F23Q30124251,20,0
F22Q20294800,8,1
F22Q30208020,15,0
F22Q40171241,18,0
F23Q30213187,13,0
F22Q20359573,3,1
F23Q20190625,16,0
F22Q40218294,4,1
F23Q30110764,19,0
F22Q20014979,9,1
F22Q40201057,9,1
F23Q20027036,23,0
F23Q30086876,22,0
F22Q40179052,19,0
F22Q30293695,22,0
F23Q20220158,3,1
F22Q20403261,15,0
F22Q20295254,6,1
F23Q30258352,15,0
F22Q20358772,4,1
F23Q30188717,23,0
F22Q10427508,13,0
F22Q10257373,12,1
F22Q10488934,19,0
F22Q40188881,17,0
F22Q30114849,17,0
F23Q30074269,19,0
F22Q30063480,8,1
F22Q10497479,10,1
F22Q40192636,24,0
F22Q40079937,24,0
F22Q20133580,20,0
F22Q20317977,6,1
F22Q30015413,17,0
F22Q40158710,12,1
F23Q10079974,4,1
F22Q10502402,9,1
F22Q10553842,7,1
F22Q20166334,13,0
F23Q30232128,20,0
F22Q40140231,15,0
F23Q10134509,5,1
F22Q30292196,22,0
F22Q10061907,18,0
F22Q10307706,12,1
F22Q10158976,20,0
F23Q20189257,9,1
F23Q30078458,19,0
F22Q20149005,24,0
F22Q30010583,11,1
F22Q10080559,7,1
F22Q30043364,3,1
F22Q10016586,13,0
F23Q20066556,9,1
F23Q10186178,22,0
F22Q40200502,23,0
F22Q40016991,14,0
F23Q20162835,12,1
F23Q30154135,13,0
F22Q20307588,12,1
F22Q20271474,5,1
F22Q20192729,9,1
F22Q30005006,21,0
F22Q40051736,19,0
F23Q30207340,8,1
F22Q20079253,10,1
F22Q10477531,8,1
F22Q10551703,23,0
F23Q30088928,15,0
F22Q10362885,22,0
F22Q30273002,14,0
F23Q30071402,15,0
F23Q20007083,14,0
F22Q20063437,9,1
F22Q20289097,6,1
F22Q10198329,3,1
F22Q20024091,19,0
F23Q30140414,23,0
F22Q30189245,17,0
F23Q30095046,21,0
F22Q10392728,23,0
F23Q30112342,16,0
F22Q10122583,9,1
F22Q10461457,6,1
F22Q10577935,4,1
F23Q20180375,18,0
F23Q30111708,24,0
F22Q30181348,22,0
F22Q10024187,19,0
F22Q30033077,11,1
F23Q20188755,23,0
F23Q30163578,19,0
F22Q30257257,12,1
F23Q20000187,17,0
F22Q40140300,8,1
F22Q20199057,22,0
F23Q30214122,13,0
F23Q30214159,8,1
F22Q30266474,16,0
F23Q10162390,20,0
F22Q10158778,7,1
F22Q40174947,16,0
F22Q40154039,11,1
F23Q20214571,21,0
F22Q30139870,15,0
F23Q20269894,18,0
F22Q40139848,14,0
F22Q20077700,23,0
F23Q20264664,13,0
F22Q30054599,17,0
F23Q10022227,11,1
F23Q10027374,18,0
F22Q20058186,24,0
F22Q10368953,9,1
F22Q30157040,20,0
F22Q20140449,17,0
F22Q20200097,15,0
F22Q30033306,5,1
F22Q30100489,12,1
F22Q20253163,21,0
F22Q10280728,5,1
F23Q30036505,15,0
F22Q30310287,6,1
F23Q30211246,18,0
F22Q10200830,17,0
F22Q40055735,11,1
F23Q10039236,8,1
F22Q10455409,10,1
F22Q20232140,9,1
F22Q30060159,9,1
F22Q10117291,14,0
F23Q10151124,10,1
F23Q10029480,10,1
F22Q40027354,12,1
F23Q30176036,14,0
F22Q10204875,14,0
F22Q30335849,6,1
F22Q20037373,14,0
F22Q10143522,23,0
F22Q30125461,6,1
F22Q10150292,11,1
F23Q30210732,3,1
F23Q20166730,24,0
F22Q30054421,21,0
F23Q30228305,4,1
F22Q20194150,24,0
F22Q30175467,23,0
F22Q30159404,24,0
F22Q30241628,24,0
F23Q20010495,10,1
F22Q20387027,23,0
F23Q20099389,10,1
F22Q30273274,6,1
F22Q40042400,19,0
F22Q20158735,9,1
F22Q40142999,8,1
F23Q10182066,10,1
F22Q10332995,22,0
F23Q20143675,23,0
F22Q10230700,13,0
F22Q10556103,6,1
F23Q10002195,14,0
F23Q10087529,22,0
F23Q30215247,8,1
F22Q40105937,15,0
F22Q30112024,23,0
F22Q20391615,7,1
F22Q30017805,4,1
F22Q20107391,11,1
F22Q10057608,16,0
F23Q10180948,18,0
F23Q20242808,18,0
F22Q40056130,24,0
F22Q20251817,4,1
F22Q30149619,16,0
F22Q10032289,3,1
F22Q10378059,19,0
F22Q30285004,11,1
F22Q40183928,23,0
F23Q20259865,14,0
F22Q30054075,24,0
F22Q40156269,4,1
F22Q30217409,4,1
F23Q20208359,23,0
F23Q10131546,7,1
F23Q10067155,10,1
F23Q10044488,23,0
F22Q20396355,13,0
F22Q30316068,6,1
F22Q10258620,3,1
F22Q40013745,7,1
F22Q30050420,14,0
F22Q30173723,12,1
F22Q30220811,9,1
F22Q30296073,23,0
F22Q40130519,22,0
F23Q20072028,20,0
F22Q30334112,13,0
F23Q20232077,6,1
F22Q40169394,13,0
F22Q40186018,21,0
F23Q20187191,19,0
F22Q20288125,7,1
F22Q30228982,13,0
F22Q10210860,3,1
F23Q30231558,9,1
F22Q10238651,6,1
F23Q30021225,10,1
F22Q40065290,14,0
F22Q20106808,3,1
F22Q30081933,11,1
F22Q40052438,12,1
F22Q40150354,22,0
F22Q40168138,15,0
F22Q30316593,10,1
F22Q20129977,22,0
F22Q20266905,18,0
F23Q20197265,10,1
F23Q10094133,10,1
F22Q20021104,17,0
F22Q20155083,19,0
F22Q10518674,19,0
F22Q40165805,17,0
F22Q10538061,13,0
F22Q10236332,12,1
F22Q10251088,19,0
F22Q20234576,9,1
F22Q10114155,17,0
F22Q20332158,24,0
F22Q10201722,3,1
F22Q30212854,19,0
F22Q40040624,10,1
F22Q40060559,7,1
F22Q20113607,4,1
F22Q40110203,8,1
F22Q30175438,23,0
F22Q40139744,24,0
F22Q10154399,23,0
F22Q30010255,5,1
F22Q10462116,20,0
F23Q20248470,24,0
F23Q10081456,11,1
F23Q10012570,18,0
F23Q30139637,23,0
F22Q40171364,12,1
F22Q40007893,16,0
F23Q30063720,18,0
F22Q30084249,9,1
F22Q10394157,15,0
F22Q30131414,9,1
F23Q20089352,6,1
F22Q20214052,11,1
F22Q20287692,12,1
F23Q10045163,16,0
F22Q30135579,24,0
F23Q10172312,13,0
F22Q10085570,16,0
F22Q30181501,13,0
F22Q10273967,20,0
F22Q10521611,6,1
F22Q30100317,16,0
F23Q10066016,23,0
F22Q10117154,3,1
F23Q30210744,16,0
F22Q20262296,16,0
F22Q10030501,5,1
F22Q10481061,5,1
F23Q20051135,16,0
F23Q20082335,15,0
F22Q20253769,20,0
F22Q40207378,4,1
F22Q30263024,16,0
F22Q30330850,10,1
F22Q30318671,11,1
F22Q30259581,6,1
F22Q40088993,13,0
F22Q10238625,3,1
F22Q10193778,13,0
F22Q20276755,10,1
F22Q40043252,11,1
F22Q10051857,17,0
F22Q30005449,16,0
F22Q40205367,21,0
F22Q20088769,13,0
F22Q30079637,4,1
F22Q30275945,22,0
F22Q10135827,10,1
F22Q40076142,16,0
F22Q40036729,14,0
F22Q10217584,12,1
F23Q30122737,24,0
F22Q10358533,14,0
F22Q30267963,18,0
F22Q20040596,19,0
F23Q10175710,16,0
F22Q30033006,14,0
F22Q10559129,16,0
F22Q30326126,22,0
F22Q20367588,9,1
F22Q30061675,16,0
F22Q10471595,5,1
F22Q40040476,3,1
F22Q40188982,19,0
F22Q40218966,21,0
F23Q20263929,20,0
F23Q10125831,10,1
F22Q30174165,4,1
F23Q20073693,22,0
F23Q30198647,21,0
F22Q30320871,20,0
F22Q40138015,4,1
F22Q10562006,8,1
F23Q20042218,6,1
F23Q20225335,17,0
F22Q40093001,19,0
F23Q30258593,10,1
F22Q20115836,17,0
F22Q10295019,15,0
F22Q20199920,21,0
F22Q40129442,4,1
F22Q30263987,19,0
F22Q40045371,11,1
F22Q40091669,7,1
F23Q10110322,14,0
F23Q20018486,3,1
F22Q40025397,18,0
F22Q20136884,18,0
F22Q40192470,9,1
F23Q10162534,17,0
F23Q30155923,11,1
F22Q30293170,22,0
F23Q20173061,20,0
F22Q20108198,4,1
F22Q10581372,22,0
F22Q20409969,8,1
F23Q10025318,22,0
F23Q30256384,20,0
F23Q10106552,4,1
F22Q20097856,11,1
F22Q20373746,4,1
F22Q30204683,17,0
F22Q20144709,9,1
F22Q30322215,17,0
F23Q30174211,19,0
F23Q20265315,17,0
F22Q10120823,23,0
F22Q10433419,16,0
F23Q10047875,18,0
F22Q40164687,23,0
F23Q30172852,10,1
F22Q20123930,9,1
F22Q20372862,4,1
F23Q20174957,23,0
F22Q40160318,13,0
F22Q20131417,24,0
F23Q30029926,19,0
F22Q30019627,8,1
F23Q30122497,23,0
F22Q10210973,8,1
F23Q10100098,4,1
F23Q10137135,8,1
F23Q10154017,10,1
F22Q20070271,11,1
F22Q10391169,22,0
F22Q30198511,7,1
F23Q30262965,13,0
F22Q20275855,16,0
F23Q20013113,24,0
F22Q30251907,4,1
F22Q20245059,14,0
F23Q20234869,23,0
F22Q20314080,22,0
F22Q30316086,11,1
F22Q30253765,14,0
F22Q20182564,9,1
F23Q10014532,3,1
F23Q20111271,17,0
F22Q10312171,10,1
F22Q30292255,21,0
F22Q10329135,7,1
F23Q20159695,17,0
F22Q10263184,14,0
F22Q20153856,23,0
F22Q20310929,8,1
F22Q30162376,8,1
F22Q20079560,7,1
F22Q20403441,15,0
F22Q30288336,3,1
F22Q20178577,13,0
F22Q10166262,10,1
F22Q20385880,7,1
F22Q30030587,19,0
F22Q30220429,22,0
F22Q10125964,24,0
F23Q30130415,14,0
F23Q30096410,21,0
F22Q40075443,13,0
F22Q40204815,13,0
F23Q10077330,3,1
F22Q10505258,5,1
F23Q30257187,23,0
F23Q10123324,19,0
F22Q20145043,23,0
F22Q10081832,8,1
F23Q10013348,3,1
F22Q40061180,8,1
F22Q30050307,12,1
F23Q30147466,15,0
F22Q30312966,11,1
F23Q20098258,15,0
F22Q20311410,9,1
F22Q10466375,10,1
F22Q10498999,22,0
F22Q20096131,16,0
F22Q40180779,16,0
F23Q30012686,14,0
F22Q40170739,10,1
F22Q10033349,21,0
F22Q20231643,4,1
F22Q20219122,15,0
F23Q10111551,21,0
F23Q30121804,8,1
F22Q30174975,10,1
F23Q30008510,3,1
F22Q20228034,4,1
F22Q30218850,24,0
F22Q40032009,22,0
F22Q10386601,17,0
F23Q20256249,14,0
F23Q20102083,15,0
F23Q30000944,14,0
F23Q30201623,18,0
F22Q30178955,7,1
F23Q30138206,15,0
F22Q30014195,18,0
F23Q30148500,21,0
F22Q10447269,12,1
F22Q30066006,24,0
F23Q10062515,24,0
F23Q20160131,15,0
F23Q20039150,14,0
F22Q40092963,17,0
F22Q30262853,6,1
F23Q20032114,20,0
F22Q10552465,14,0
F22Q20110805,11,1
F22Q40015612,22,0
F22Q20066615,16,0
F22Q30226748,17,0
F22Q20090075,16,0
F22Q20229542,16,0
F22Q30229528,18,0
F23Q30055200,15,0
F22Q10016720,11,1
F22Q40156591,21,0
F22Q10418923,3,1
F23Q30180352,15,0
F22Q30266171,12,1
F23Q10004219,9,1
F23Q20002923,17,0
F23Q10032560,9,1
F23Q30219004,12,1
F22Q20198023,13,0
F22Q10213996,7,1
F22Q20403287,17,0
F22Q20248736,11,1
F23Q20141378,13,0
F23Q10057492,7,1
F22Q30283810,20,0
F23Q10120764,10,1
F22Q30200069,14,0
F22Q20414297,19,0
F23Q30219996,12,1
F23Q20176736,9,1
F22Q10039530,11,1
F22Q40084292,22,0
F22Q30226097,21,0
F22Q10268600,9,1
F22Q20189849,18,0
F23Q20074340,10,1
F23Q20035654,9,1
F22Q30215254,17,0
F23Q30063109,16,0
F23Q30222480,15,0
F22Q30006311,12,1
F23Q10181888,14,0
F22Q20364448,23,0
F22Q40191340,23,0
F23Q10032724,15,0
F22Q10052440,5,1
F22Q10444547,7,1
F23Q20179697,20,0
F23Q10039290,3,1
F22Q30033044,6,1
F22Q30025505,5,1
F22Q20062002,21,0
F22Q40202416,10,1
F22Q20202396,7,1
F22Q10062829,3,1
F22Q10329114,16,0
F22Q20087434,21,0
F22Q40135266,14,0
F22Q30037078,17,0
F23Q10020183,5,1
F22Q30127874,21,0
F23Q10046079,22,0
F23Q10119664,17,0
F22Q10538324,9,1
F22Q30213583,9,1
F23Q20092873,13,0
F23Q30260431,18,0
F23Q30191795,20,0
F23Q30207740,14,0
F22Q20403197,19,0
F22Q30320914,13,0
F23Q10019269,22,0
F22Q10563510,18,0
F22Q30052427,12,1
F23Q30226276,15,0
F23Q10088498,15,0
F22Q10005251,12,1
F22Q20365470,14,0
F22Q30054602,8,1
F23Q10044181,12,1
F23Q10022042,21,0
F22Q10140117,5,1
F22Q20300587,17,0
F23Q20011276,4,1
F22Q20195578,19,0
F22Q10480113,8,1
F22Q10040482,10,1
F22Q30167060,21,0
F23Q30223611,5,1
F22Q40199408,21,0
F23Q10111257,6,1
F23Q20201704,17,0
F22Q10001190,23,0
F22Q10440074,10,1
F22Q10340273,20,0
F23Q30116777,22,0
F22Q10557955,17,0
F22Q30076072,16,0
F22Q40188007,22,0
F23Q20167817,8,1
F22Q30067949,7,1
F23Q30099428,21,0
F23Q30155338,19,0
F23Q10004059,14,0
F22Q20249367,19,0
F22Q30026325,3,1
F22Q20189014,14,0
F22Q20396899,24,0
F22Q10390426,5,1
F22Q10547111,8,1
F23Q20241358,17,0
F22Q10382858,9,1
F22Q30301474,5,1
F22Q10280173,20,0
F23Q30184112,23,0
F22Q20064077,20,0
F23Q20020640,10,1
F22Q10270116,19,0
F22Q30017668,7,1
F22Q30312758,13,0
F23Q10091989,22,0
F22Q10413076,23,0
F22Q40218081,19,0
F22Q40196442,11,1
F23Q10062255,18,0
F22Q10267533,23,0
F22Q10317148,20,0
F22Q10304562,8,1
F23Q20111560,18,0
F22Q20330418,8,1
F22Q20403324,6,1
F22Q20392672,13,0
F22Q20397053,3,1
F22Q20297592,11,1
F22Q20273155,20,0
F22Q20097150,16,0
F22Q40122114,14,0
F22Q10475913,4,1
F22Q20262833,12,1
F22Q10509779,21,0
F22Q10544630,18,0
F22Q10349921,13,0
F22Q10390794,14,0
F22Q10110627,11,1
F22Q30087659,9,1
F22Q30028239,6,1
F23Q10078584,15,0
F23Q20254393,19,0
F22Q20106974,6,1
F23Q30099308,19,0
F22Q10118421,20,0
F22Q30108213,4,1
F23Q30136945,21,0
F22Q20118708,19,0
F22Q40138952,21,0
F23Q20120799,7,1
F22Q20219369,23,0
F22Q40334637,24,0
F23Q20143742,12,1
F22Q10345407,7,1
F22Q10278013,5,1
F22Q30309818,22,0
F22Q40131923,3,1
F22Q10013686,5,1
F22Q30250379,13,0
F23Q30069163,14,0
F22Q30207609,24,0
F22Q10546778,10,1
F22Q30266335,10,1
F23Q10058718,15,0
F22Q40085115,11,1
F22Q20039186,12,1
F22Q30276502,13,0
F22Q10501262,8,1
F22Q10512262,16,0
F22Q30140899,24,0
F22Q40196157,20,0
F22Q20252003,11,1
F22Q20233129,3,1
F23Q10147434,21,0
F22Q30103139,4,1
F22Q10123763,6,1
F23Q20003253,10,1
F22Q20308027,9,1
F22Q10120686,15,0
F22Q20430124,23,0
F22Q30276996,15,0
F23Q20158374,18,0
F22Q10381620,24,0
F23Q10110447,11,1
F22Q10495227,23,0
F22Q20055324,16,0
F23Q30066541,16,0
F22Q30296319,15,0
F22Q30256701,18,0
F22Q40177972,16,0
F22Q30179246,10,1
F22Q10382038,12,1
F22Q20112339,24,0
F23Q20161248,12,1
F23Q20114181,23,0
F23Q20222051,22,0
F22Q20384334,3,1
F23Q20261780,7,1
F23Q30051136,15,0
F22Q30066827,24,0
F22Q10081867,7,1
F22Q20051587,8,1
F22Q30161093,15,0
F23Q10024243,7,1
F23Q20061094,15,0
F22Q10227209,22,0
F22Q40018274,20,0
F22Q30108578,6,1
F23Q20176092,11,1
F22Q10397166,17,0
F22Q30255333,14,0
F22Q40034361,12,1
F23Q20179606,4,1
F23Q10037048,23,0
F23Q10052938,23,0
F22Q20396282,5,1
F22Q20410398,12,1
F22Q10310273,8,1
F22Q20062933,16,0
F23Q20092495,13,0
F23Q20099210,18,0
F22Q20347110,19,0
F22Q10463351,23,0
F22Q30292824,16,0
F23Q30101913,3,1
F22Q10458763,20,0
F22Q10352329,11,1
F22Q40028768,22,0
F22Q20195766,14,0
F23Q20055465,20,0
F22Q10511755,9,1
F22Q10493302,7,1
F22Q10452134,18,0
F22Q20091794,8,1
F22Q20404075,23,0
F23Q30074891,17,0
F22Q10289639,9,1
F23Q10037595,19,0
F22Q30255689,19,0
F23Q10083647,5,1
F22Q20073784,12,1
F22Q10135151,20,0
F23Q30130277,23,0
F23Q20261850,15,0
F23Q10104643,22,0
F22Q10336677,13,0
F22Q20147039,4,1
F22Q20337416,7,1
F22Q40006161,24,0
F22Q40099871,20,0
F22Q10123521,21,0
F23Q30029706,3,1
F22Q40012757,13,0
F23Q10160402,17,0
F22Q40128540,12,1
F22Q30290885,14,0
F22Q30293663,3,1
F22Q20296616,11,1
F22Q10016415,6,1
F22Q20300954,14,0
F23Q20166035,22,0
F22Q20301460,21,0
F23Q30108991,14,0
F22Q30174346,21,0
F22Q20142010,15,0
F23Q20146223,10,1
F22Q10533042,15,0
F22Q20221079,14,0
F23Q10137844,24,0
F22Q30230691,14,0
F22Q10542020,12,1
F22Q20073026,17,0
F22Q10318436,3,1
F22Q30313845,23,0
F22Q40066383,22,0
F22Q10328779,4,1
F22Q10389718,11,1
F23Q30098328,18,0
F22Q40157976,12,1
F23Q10082833,8,1
F23Q10171453,20,0
F22Q30226013,23,0
F23Q20140275,18,0
F23Q20268627,14,0
F22Q10270933,13,0
F23Q30055353,17,0
F22Q20100414,24,0
F23Q20182356,18,0
F22Q10138921,20,0
F22Q20349452,19,0
F22Q40079251,15,0
F22Q20099849,17,0
F22Q20131776,13,0
F22Q20117995,20,0
F22Q10481740,17,0
F23Q10006861,23,0
F23Q10007516,24,0
F23Q10151633,10,1
F23Q30133316,19,0
F22Q10267695,16,0
F22Q10419017,4,1
F22Q20396656,5,1
F23Q20118947,13,0
F23Q20100030,23,0
F22Q30068028,24,0
F23Q30242609,16,0
F22Q30218726,18,0
F22Q30258282,17,0
F23Q30048498,6,1
F22Q20288746,5,1
F22Q20140287,13,0
F22Q20173262,11,1
F22Q40180288,6,1
F22Q20396814,7,1
F22Q10054017,3,1
F22Q20233587,8,1
F23Q10149584,10,1
F22Q40089408,3,1
F22Q40045795,6,1
F22Q30135815,12,1
F23Q20083314,3,1
F22Q10346909,20,0
F22Q10105809,19,0
F22Q10125355,8,1
F22Q10138019,17,0
F22Q30150574,4,1
F22Q40167046,10,1
F22Q20100545,11,1
F23Q20005365,17,0
F22Q30177986,20,0
F22Q30259578,21,0
F22Q10313381,5,1
F23Q20228661,12,1
F22Q10109880,23,0
F22Q10182301,12,1
F22Q20146185,24,0
F22Q20106901,22,0
F23Q10093485,20,0
F22Q20267149,22,0
F22Q10569663,12,1
F22Q30013217,3,1
F22Q20369673,17,0
F22Q10453544,22,0
F22Q30299564,17,0
F22Q40015901,13,0
F23Q30149005,12,1
F22Q10540602,23,0
F22Q40126073,11,1
F22Q10537699,7,1
F22Q20041732,10,1
F22Q10344197,22,0
F22Q40032924,14,0
F23Q20096961,24,0
F22Q10127441,24,0
F22Q30174936,11,1
F23Q20162112,18,0
F22Q30116086,6,1
F22Q30298701,24,0
F23Q20152896,19,0
F22Q10396935,23,0
F23Q30111724,10,1
F23Q20161421,22,0
F23Q30221351,12,1
F22Q20182736,22,0
F22Q30275135,14,0
F22Q30208092,4,1
F22Q20103369,19,0
F23Q30012070,16,0
F22Q30216627,5,1
F22Q10120275,9,1
F22Q20139148,19,0
F22Q40174756,9,1
F22Q20213543,7,1
F22Q20140916,23,0
F22Q30062721,12,1
F22Q20205811,13,0
F22Q30131053,11,1
F23Q30219681,22,0
F22Q20389684,24,0
F23Q20124263,5,1
F23Q30126131,8,1
F23Q30182136,15,0
F22Q20284364,13,0
F23Q10059872,23,0
F22Q10354036,18,0
F23Q30231049,23,0
F23Q30228180,13,0
F22Q40168081,20,0
F22Q20387298,17,0
F22Q40059850,20,0
F23Q10008657,6,1
F22Q20416120,19,0
F22Q40204774,14,0
F23Q30051024,10,1
F22Q10513724,18,0
F23Q20148708,15,0
F23Q30154188,14,0
F23Q10163614,11,1
F22Q40081646,18,0
F22Q40078857,11,1
F22Q10572924,16,0
F22Q10322953,9,1
F22Q10183107,4,1
F22Q30172662,3,1
F23Q30018423,12,1
F23Q20123493,18,0
F23Q20156085,5,1
F22Q10287539,24,0
F22Q20075166,23,0
F23Q30066104,9,1
F23Q30232607,15,0
F23Q20104441,14,0
F22Q10174430,17,0
F22Q30190778,24,0
F22Q20091429,14,0
F23Q10184081,19,0
F22Q20010485,17,0
F22Q40115767,19,0
F22Q30070875,24,0
F22Q40164420,8,1
F22Q20232277,9,1
F23Q20137342,19,0
F23Q20235331,12,1
F22Q10414794,7,1
F23Q10087511,3,1
F23Q20035569,16,0
F22Q30002965,15,0
F23Q20186811,20,0
F23Q20196775,12,1
F22Q30239736,7,1
F22Q20362253,23,0
F23Q20265795,20,0
F23Q30221933,15,0
F23Q20183287,21,0
F22Q20227285,9,1
F23Q20168550,5,1
F23Q20009161,19,0
F22Q10475752,5,1
F22Q40210106,14,0
F23Q20145782,7,1
F22Q20140815,14,0
F22Q40010184,24,0
F22Q20314337,3,1
F22Q20259067,6,1
F22Q30030261,20,0
F22Q20416673,9,1
F23Q20021550,17,0
F22Q10578123,7,1
F22Q20356945,10,1
F22Q20307659,21,0
F22Q10159879,16,0
F23Q20162217,14,0
F23Q10089228,3,1
F22Q40070150,4,1
F22Q20232213,9,1
F23Q30146484,19,0
F23Q20079288,15,0
F22Q10177794,16,0
F22Q20429033,5,1
F23Q20150730,21,0
F22Q20085048,18,0
F22Q20133976,19,0
F22Q20143439,12,1
F23Q10036471,20,0
F22Q10083308,18,0
F22Q20286633,4,1
F22Q10445994,23,0
F22Q10145306,12,1
F23Q20102133,6,1
F22Q30063050,6,1
F23Q10074164,22,0
F23Q10174300,19,0
F22Q40009104,14,0
F22Q30109153,14,0
F22Q20420384,23,0
F22Q40161982,24,0
F23Q10141350,14,0
F22Q20324935,9,1
F22Q20391169,13,0
F22Q30248839,21,0
F22Q30040058,4,1
F22Q10479467,20,0
F22Q30147551,23,0
F22Q10138416,10,1
F23Q20105785,22,0
F22Q10337611,15,0
F23Q10031183,17,0
F23Q20260184,24,0
F23Q20049356,3,1
F22Q20114875,5,1
F22Q20111921,23,0
F22Q10336539,18,0
F22Q10213955,6,1
F22Q20262701,23,0
F23Q30257219,23,0
F22Q30334359,14,0
F22Q20344854,15,0
F23Q20230783,14,0
F22Q10224566,22,0
F22Q10428168,17,0
F22Q30282050,8,1
F22Q10526686,15,0
F23Q10013509,14,0
F23Q10047211,15,0
F23Q20142961,14,0
F22Q20362279,23,0
F22Q30261924,6,1
F23Q10104926,19,0
F23Q30137545,17,0
F22Q20168313,3,1
F23Q30045258,7,1
F22Q10074810,23,0
F22Q20230667,21,0
F22Q30068449,6,1
F23Q30124694,20,0
F22Q40123539,24,0
F22Q40092399,6,1
F22Q20164142,22,0
F22Q10433590,4,1
F22Q40214481,22,0
F22Q10563522,18,0
F23Q30062281,5,1
F22Q10376332,18,0
F23Q10153780,13,0
F22Q30023648,19,0
F22Q20046679,6,1
F22Q30323088,23,0
F23Q30019814,22,0
F23Q20119655,4,1
F22Q40038696,10,1
F22Q30292593,5,1
F23Q20029358,17,0
F22Q20256238,12,1
F22Q20010881,3,1
F22Q20383704,17,0
F22Q30245863,10,1
F22Q40185730,6,1
F23Q20235567,11,1
F22Q20316411,15,0
F23Q20134019,5,1
F22Q30276959,3,1
F23Q10059501,15,0
F23Q20139238,19,0
F22Q10100007,22,0
F22Q30003312,14,0
F23Q30003236,20,0
F22Q30023575,6,1
F22Q30107621,10,1
F22Q40121143,7,1
F23Q30106054,24,0
F22Q30049031,14,0
F23Q10075417,9,1
F22Q20111253,4,1
F22Q10009049,10,1
F22Q10520360,15,0
F22Q20108376,21,0
F22Q20169849,4,1
F23Q30146557,11,1
F23Q20241330,3,1
F22Q40216583,23,0
F22Q20324324,8,1
F22Q30101444,23,0
F22Q10111152,20,0
F22Q10512487,18,0
F22Q30255590,14,0
F22Q10529718,19,0
F22Q10063351,13,0
F22Q20396961,17,0
F22Q10355616,12,1
F22Q10509673,17,0
F22Q30282736,6,1
F22Q20152414,17,0
F22Q40061271,4,1
F23Q20215580,4,1
F22Q30057540,12,1
F22Q30029802,8,1
F22Q20101618,14,0
F22Q20265900,14,0
F22Q20357706,6,1
F23Q30022875,10,1
F22Q10457830,20,0
F22Q40007709,4,1
F22Q20322586,15,0
F22Q30159516,10,1
F23Q20020300,20,0
F22Q40154760,23,0
F22Q30204157,17,0
F22Q10283151,8,1
F22Q20095912,10,1
F22Q10275110,19,0
F22Q20203777,5,1
F22Q10124558,8,1
F22Q10222790,12,1
F22Q10553922,23,0
F22Q10439950,19,0
F22Q20127179,9,1
F23Q20130651,17,0
F22Q30257294,3,1
F22Q10183537,16,0
F22Q20061453,20,0
F22Q30208036,7,1
F22Q10368014,11,1
F23Q20056290,18,0
F23Q10159270,16,0
F23Q10093030,23,0
F23Q30038601,19,0
F23Q20094774,8,1
F23Q30191471,22,0
F23Q10167235,24,0
F22Q20383595,18,0
F22Q30112009,24,0
F22Q10031319,16,0
F23Q10076160,17,0
F23Q10172583,21,0
F22Q40149665,12,1
F23Q30087161,19,0
F22Q40050649,23,0
F22Q10361562,8,1
F23Q20255304,13,0
F22Q10388507,9,1
F22Q10480615,8,1
F23Q20094407,20,0
F23Q30200890,9,1
F23Q10112312,20,0
F23Q20114694,17,0
F22Q30154047,16,0
F22Q20067690,11,1
F22Q40107233,16,0
F23Q20131909,8,1
F22Q40218316,5,1
F22Q10426358,15,0
F22Q10522091,15,0
F22Q40017338,8,1
F23Q30024531,14,0
F22Q10487896,9,1
F22Q30103939,11,1
F22Q20086590,12,1
F23Q10182819,21,0
F23Q30140838,23,0
F22Q20170681,23,0
F22Q30319267,13,0
F22Q10295382,24,0
F22Q20212473,18,0
F22Q20179519,22,0
F22Q10407153,5,1
F23Q20117390,22,0
F22Q10568316,10,1
F22Q20279294,3,1
F22Q30258321,16,0
F22Q40027646,9,1
F22Q20004123,7,1
F22Q20088333,15,0
F22Q40011026,17,0
F23Q20111166,17,0
F22Q10299283,3,1
F22Q30038051,24,0
F22Q10455133,22,0
F23Q30178994,24,0
F22Q20284055,3,1
F22Q20071415,24,0
F22Q30336623,19,0
F23Q10004764,18,0
F22Q10047303,23,0
F22Q10533858,3,1
F22Q10080322,3,1
F23Q30035295,6,1
F22Q40219894,9,1
F22Q10080968,9,1
F22Q10224033,13,0
F22Q10259990,19,0
F23Q30039170,14,0
F23Q10035368,16,0
F22Q20415345,15,0
F23Q30104010,19,0
F22Q10374077,20,0
F22Q10136602,18,0
F22Q40091959,23,0
F22Q40043812,15,0
F22Q10059167,23,0
F23Q10025934,20,0
F22Q10458542,9,1
F23Q10023815,22,0
F23Q30207818,18,0
F22Q30223914,24,0
F23Q10090704,9,1
F22Q20182452,19,0
F23Q10035798,10,1
F22Q40127816,19,0
F22Q10010695,4,1
F22Q40053618,23,0
F23Q10080143,17,0
F23Q30088976,10,1
F22Q10256310,23,0
F22Q20344618,7,1
F23Q20192422,18,0
F23Q20094526,24,0
F22Q30297110,24,0
F23Q30184851,12,1
F22Q30234625,5,1
F22Q20170186,5,1
F22Q10433166,14,0
F22Q30302249,15,0
F23Q30159386,17,0
F22Q40050018,5,1
F23Q20146151,17,0
F22Q20040461,23,0
F23Q20067987,16,0
F23Q30000515,24,0
F23Q20149725,4,1
F23Q20214591,20,0
F22Q10551704,7,1
F23Q20157041,14,0
F23Q20269740,21,0
F22Q20053661,3,1
F22Q40102079,22,0
F22Q40135966,24,0
F22Q20250731,23,0
F23Q30017879,15,0
F22Q10087151,23,0
F22Q10451477,19,0
F23Q30209679,21,0
F22Q30229148,21,0
F22Q20050494,6,1
F23Q30070006,20,0
F22Q30164420,4,1
F22Q30073102,17,0
F23Q30128088,15,0
F22Q20089753,8,1
F22Q40028279,17,0
F23Q30034892,16,0
F22Q30081181,7,1
F22Q20148380,9,1
F23Q30188958,4,1
F23Q10164575,14,0
F22Q30148029,5,1
F22Q20010979,19,0
F22Q20104584,4,1
F22Q10207787,19,0
F23Q20073230,8,1
F22Q10100717,10,1
F22Q20218429,11,1
F23Q30030590,14,0
F22Q10507887,15,0
F23Q10117865,7,1
F23Q30259052,11,1
F22Q10533033,19,0
F22Q10567202,23,0
F22Q40015932,13,0
F23Q10077866,7,1
F22Q20122980,18,0
F22Q40010830,4,1
F23Q30167061,12,1
F23Q20230793,12,1
F23Q20040439,15,0
F22Q20197967,17,0
F22Q10425462,3,1
F22Q10561204,7,1
F23Q30236581,13,0
F23Q20200328,20,0
F22Q10272842,14,0
F23Q30070357,19,0
F22Q30334056,11,1
F22Q20144076,6,1
F22Q20138405,13,0
F22Q20098553,11,1
F22Q30265573,14,0
F22Q40009710,15,0
F23Q10072468,6,1
F22Q30053420,24,0
F23Q20105019,10,1
F22Q20000751,9,1
F22Q30314175,11,1
F22Q20181257,13,0
F22Q10459593,12,1
F22Q30321548,4,1
F22Q30008245,15,0
F22Q20022655,15,0
F22Q30028930,5,1
F22Q30164037,9,1
F22Q20084183,16,0
F22Q10038420,22,0
F23Q20183740,20,0
F22Q20211346,16,0
F22Q30134425,23,0
F22Q10059583,8,1
F23Q20231305,17,0
F23Q20068349,24,0
F22Q10436238,16,0
F22Q20026406,15,0
F22Q30163919,19,0
F22Q30140841,22,0
F22Q40047244,14,0
F23Q30113108,16,0
F22Q40110827,7,1
F22Q40174569,17,0
F23Q10001582,11,1
F23Q10036003,7,1
F22Q20338273,15,0
F23Q10173950,9,1
F23Q30042580,15,0
F22Q20130405,17,0
F22Q10117104,19,0
F23Q30138049,16,0
F22Q20389978,8,1
F23Q30110263,3,1
F23Q20041074,18,0
F22Q10387753,9,1
F22Q10568322,6,1
F22Q20203198,9,1
F22Q40164428,21,0
F22Q10025054,8,1
F22Q10083712,10,1
F22Q30230599,24,0
F23Q20176272,8,1
F22Q20300991,14,0
F22Q10504788,9,1
F22Q30154869,15,0
F23Q30056735,23,0
F22Q10183028,23,0
F22Q40160687,13,0
F23Q10176048,4,1
F22Q30049166,13,0
F22Q20354887,3,1
F22Q30250267,21,0
F22Q20218452,24,0
F22Q10371316,15,0
F23Q20215643,21,0
F22Q20027436,16,0
F23Q20193850,12,1
F22Q30055664,10,1
F22Q10099881,11,1
F22Q30227300,11,1
F22Q10105489,15,0
F22Q10160662,11,1
F22Q30167679,19,0
F23Q10158368,24,0
F22Q10313650,12,1
F22Q10330385,9,1
F23Q20060849,4,1
F22Q10046288,5,1
F23Q20008273,8,1
F22Q20221039,13,0
F22Q20387625,24,0
F23Q30041400,16,0
F22Q30213579,12,1
F23Q30145005,7,1
F22Q40054502,13,0
F22Q30205515,3,1
F22Q10493265,6,1
F23Q30191793,10,1
F22Q10517742,15,0
F23Q10073292,18,0
F22Q40103488,19,0
F22Q20004631,24,0
F22Q20285449,13,0
F23Q30032035,8,1
F22Q30254595,17,0
F22Q10382161,19,0
F22Q20178564,11,1
F23Q20266273,18,0
F22Q30121416,5,1
F23Q20237565,18,0
F22Q30071090,21,0
F22Q40121164,5,1
F23Q10087739,16,0
F23Q10027799,14,0
F22Q10471226,5,1
F23Q10145149,7,1
F23Q20273896,5,1
F22Q10298544,6,1
F22Q20144448,21,0
F22Q10060737,24,0
F22Q10303472,12,1
F23Q20015039,14,0
F22Q10097224,21,0
F22Q10191978,13,0
F22Q40216173,14,0
F23Q20058507,23,0
F22Q10316371,17,0
F22Q20212845,13,0
F23Q30102541,23,0
F22Q40028131,23,0
F23Q30130720,8,1
F23Q20155733,17,0
F22Q10393859,3,1
F23Q10042431,21,0
F23Q20226375,19,0
F22Q30239094,8,1
F23Q20224011,21,0
F22Q20279878,22,0
F22Q10310451,9,1
F23Q30077594,12,1
F22Q30140158,5,1
F22Q20213460,5,1
F22Q40190075,15,0
F23Q10177740,21,0
F22Q10501588,13,0
F22Q30040843,7,1
F23Q20033071,17,0
F22Q20231092,8,1
F22Q30194674,10,1
F22Q20167866,5,1
F23Q20234555,15,0
F22Q30124289,23,0
F22Q10156309,23,0
F22Q30281877,13,0
F22Q40161338,8,1
F22Q40154485,9,1
F22Q10247590,21,0
F22Q10384016,17,0
F23Q30134122,18,0
F23Q30056007,21,0
F22Q20268546,13,0
F22Q10028427,19,0
F23Q30225012,14,0
F22Q40153461,18,0
F22Q20116223,15,0
F23Q10089189,11,1
F23Q30189604,21,0
F23Q20267223,24,0
F23Q10038872,21,0
F22Q10191543,22,0
F22Q10537312,18,0
F22Q10470246,19,0
F23Q10171550,4,1
F22Q20259632,18,0
F22Q40190718,19,0
F23Q20122847,4,1
F23Q20229835,14,0
F22Q40093005,8,1
F22Q10188791,24,0
F22Q10266528,11,1
F22Q10158124,23,0
F22Q10107112,3,1
F22Q20166675,14,0
F23Q20160228,13,0
F22Q20062928,24,0
F23Q10152944,23,0
F22Q30070458,4,1
F22Q30178570,16,0
F22Q30288713,13,0
F22Q20299806,8,1
F22Q10540922,16,0
F23Q30227178,15,0
F22Q10495119,9,1
F22Q10061579,6,1
F22Q10386911,3,1
F23Q30145474,15,0
F22Q30203745,24,0
F22Q20037135,19,0
F23Q20077342,13,0
F22Q30277960,13,0
F22Q20079123,14,0
F23Q10087786,20,0
F22Q40160551,22,0
F22Q10517301,14,0
F22Q10236348,23,0
F22Q40069683,18,0
F22Q10195635,21,0
F22Q10319977,20,0
F22Q40023805,14,0
F23Q10162141,23,0
F22Q10276043,14,0
F23Q10086586,22,0
F23Q20102293,15,0
F22Q40132337,24,0
F22Q40161302,24,0
F23Q30033048,13,0
F22Q40125291,3,1
F22Q10582367,22,0
F22Q30238859,15,0
F22Q10216028,9,1
F22Q10073041,24,0
F22Q40167378,11,1
F23Q30262488,23,0
F23Q20204909,22,0
F22Q30216645,6,1
F22Q10359822,6,1
F23Q10185697,17,0
F22Q10509040,15,0
F23Q10035379,8,1
F23Q20200238,16,0
F22Q10363574,24,0
F22Q10481623,16,0
F22Q40124624,12,1
F23Q10037493,21,0
F22Q20317344,11,1
F23Q20198487,12,1
F22Q20067824,3,1
F23Q30170728,20,0
F23Q10162823,10,1
F22Q20027482,9,1
F22Q20390536,24,0
F22Q40138582,8,1
F23Q20040050,19,0
F22Q30051787,23,0
F22Q40073704,24,0
F22Q40134825,13,0
F22Q10042336,5,1
F22Q20375726,7,1
F23Q20089549,15,0
F22Q10235214,20,0
F22Q10458277,7,1
F22Q20274981,24,0
F22Q40077455,10,1
F22Q20152193,5,1
F22Q10033978,8,1
F23Q10083395,16,0
F22Q30220102,21,0
F22Q10561895,22,0
F22Q30205078,7,1
F22Q10480735,18,0
F22Q20425097,19,0
F23Q30234363,14,0
F22Q10210549,11,1
F22Q30129005,7,1
F22Q10456796,17,0
F22Q20140330,10,1
F22Q10088584,16,0
F22Q10174183,3,1
F22Q20030825,15,0
F22Q40019438,23,0
F22Q20203443,20,0
F22Q10012582,7,1
F23Q20078353,22,0
F22Q20270129,15,0
F22Q20264208,12,1
F22Q30210010,3,1
F22Q10453367,8,1
F22Q30163254,10,1
F22Q20341898,15,0
F22Q30235854,15,0
F22Q10081852,21,0
F22Q10410805,22,0
F23Q10163404,20,0
F23Q20147634,23,0
F22Q10493576,15,0
F22Q10005723,11,1
F22Q40027540,4,1
F22Q40040712,11,1
F22Q30326453,8,1
F22Q40038811,21,0
F22Q10464161,20,0
F23Q20204073,3,1
F22Q20041033,8,1
F22Q20400094,22,0
F22Q20103057,8,1
F22Q40127193,19,0
F22Q30316990,13,0
F22Q10480795,19,0
F23Q20072563,20,0
F23Q30104083,20,0
F22Q30166166,18,0
F22Q40201457,11,1
F22Q40191763,23,0
F22Q10052572,16,0
F22Q10228126,7,1
F22Q30336717,7,1
F22Q20333907,10,1
F22Q40194654,13,0
F23Q20210757,18,0
F22Q10497471,14,0
F22Q30017598,4,1
F22Q40153151,17,0
F22Q20326543,10,1
F23Q30094154,15,0
F22Q10169831,10,1
F23Q20276096,13,0
F23Q30038930,10,1
F22Q10467969,15,0
F22Q10243312,5,1
F23Q10060570,17,0
F22Q30255810,18,0
F23Q30017477,16,0
F22Q20230066,23,0
F22Q40012562,23,0
F23Q30071450,11,1
F22Q20021533,7,1
F23Q20072132,8,1
F23Q20081376,18,0
F22Q30012364,15,0
F22Q10062395,24,0
F22Q40137605,20,0
F23Q20143584,20,0
F22Q30200785,10,1
F22Q10340522,14,0
F22Q10129620,11,1
F23Q20199782,4,1
F22Q30102705,7,1
F22Q30322170,3,1
F22Q20333803,3,1
F23Q10051956,24,0
F22Q10217146,24,0
F22Q40200348,12,1
F22Q20266926,6,1
F22Q10188549,13,0
F22Q30018542,11,1
F23Q30100715,18,0
F22Q20110529,9,1
F22Q40088942,13,0
F22Q20124327,13,0
F23Q20228183,12,1
F23Q10049728,9,1
F23Q20145194,9,1
F22Q20079909,24,0
F23Q20142523,6,1
F23Q10005345,16,0
F22Q20261305,8,1
F22Q30095141,16,0
F23Q30144978,9,1
F22Q40101075,12,1
F23Q10169293,17,0
F23Q30090479,18,0
F22Q20246066,15,0
F22Q10419236,12,1
F23Q30144162,21,0
F22Q10481495,13,0
F23Q20003850,15,0
F22Q30103528,11,1
F23Q30244603,22,0
F22Q10452013,11,1
F22Q10552844,12,1
F22Q20432709,15,0
F22Q40211379,19,0
F22Q40065274,15,0
F23Q30236556,14,0
F22Q20290208,22,0
F23Q30039803,24,0
F22Q10287826,9,1
F22Q10059811,11,1
F22Q30194911,5,1
F22Q40101386,21,0
F23Q10036561,14,0
F22Q20206193,10,1
F22Q20299753,16,0
F22Q20257354,13,0
F22Q30238894,9,1
F22Q20048255,24,0
F22Q20253788,12,1
F22Q40180891,7,1
F23Q10101149,17,0
F23Q30116765,19,0
F22Q10008404,6,1
F22Q10137890,10,1
F22Q20353708,9,1
F23Q10065675,18,0
F22Q20433620,17,0
F22Q20109436,17,0
F23Q20225482,16,0
F22Q10382987,20,0
F22Q30074452,24,0
F22Q10353486,5,1
F22Q10333852,18,0
F22Q20274931,15,0
F22Q30046825,14,0
F22Q20364936,12,1
F23Q10174375,11,1
F22Q20101588,9,1
F22Q30229088,10,1
F22Q10088162,7,1
F22Q10288508,13,0
F22Q20128352,20,0
F23Q30017609,14,0
F22Q40201842,13,0
F22Q30053231,11,1
F23Q20182405,5,1
F22Q20145448,14,0
F23Q10066686,4,1
F22Q10005826,22,0
F22Q40200305,14,0
F23Q30077361,20,0
F23Q20142520,6,1
F22Q20252419,12,1
F22Q20179273,13,0
F22Q40110029,7,1
F22Q40134763,23,0
F22Q30106062,5,1
F22Q40192649,19,0
F22Q40110019,24,0
F22Q20176676,13,0
F23Q20161948,15,0
F22Q20251823,10,1
F22Q20082099,17,0
F22Q20393472,23,0
F23Q20216257,17,0
F23Q30072409,17,0
F23Q10065219,20,0
F23Q30044088,16,0
F22Q20094666,4,1
F23Q10005208,4,1
F23Q30155623,23,0
F22Q20136181,6,1
F22Q30147476,23,0
F22Q40038802,3,1
F22Q40160094,8,1
F22Q20243285,17,0
F22Q40165242,15,0
F22Q10188405,22,0
F22Q40170274,16,0
F22Q20323207,7,1
F22Q40164927,23,0
F23Q30220153,16,0
F22Q30034087,13,0
F22Q30082922,16,0
F23Q20167758,22,0
F22Q10055234,20,0
F23Q20052168,7,1
F23Q20029472,4,1
F22Q20007290,13,0
F23Q30115340,15,0
F23Q10048822,24,0
F22Q30005088,10,1
F22Q40204684,23,0
F22Q30075781,17,0
F22Q10184562,21,0
F22Q30235857,18,0
F22Q30303867,20,0
F22Q20205929,15,0
F22Q10477255,9,1
F22Q40188307,21,0
F22Q10176596,10,1
F22Q30041823,9,1
F23Q30064219,21,0
F22Q10096011,16,0
F23Q20259019,13,0
F22Q30035832,8,1
F22Q20132034,22,0
F22Q30279788,15,0
F22Q40125974,13,0
F22Q40015309,6,1
F23Q30073525,19,0
F23Q30014281,13,0
F22Q20026924,22,0
F22Q30070394,13,0
F23Q10075720,14,0
F23Q30058400,20,0
F22Q30161142,11,1
F22Q20090268,23,0
F22Q10074816,4,1
F22Q30186908,21,0
F22Q10576604,9,1
F22Q10414667,14,0
F23Q30240017,4,1
F23Q20211751,16,0
F22Q10093572,10,1
F22Q30229054,19,0
F22Q10187291,23,0
F23Q20267963,23,0
F22Q10101875,20,0
F23Q20175746,22,0
F23Q20214239,19,0
F23Q20256084,11,1
F23Q10045361,15,0
F22Q30034135,14,0
F22Q20369017,12,1
F22Q30145709,5,1
F22Q10546137,22,0
F22Q40001490,18,0
F22Q20080998,21,0
F22Q40135416,12,1
F22Q40194891,22,0
F22Q30059075,8,1
F22Q20142887,17,0
F23Q10176732,17,0
F22Q30319987,24,0
F22Q40162218,9,1
F23Q30022669,17,0
F22Q10514924,24,0
F22Q10054606,13,0
F22Q20010185,18,0
F22Q40167541,16,0
F22Q20251180,4,1
F22Q10069162,8,1
F22Q40128762,22,0
F23Q30147123,16,0
F22Q30127493,16,0
F23Q30161904,20,0
F23Q30189177,15,0
F22Q20114766,7,1
F22Q10031884,20,0
F23Q10176129,11,1
F22Q30306764,21,0
F22Q20370081,11,1
F23Q30120142,24,0
F23Q20263028,11,1
F22Q20231034,7,1
F23Q10082981,11,1
F22Q10035926,11,1
F22Q10575367,21,0
F22Q40055520,9,1
F22Q40213420,24,0
F22Q10504622,4,1
F22Q40078027,23,0
F22Q20224924,14,0
F22Q30006622,22,0
F22Q10069161,21,0
F22Q30258205,11,1
F22Q10349034,7,1
F22Q30326261,24,0
F23Q20145916,10,1
F22Q20399108,10,1
F22Q10064572,6,1
F22Q10181624,12,1
F22Q20410274,23,0
F23Q10047248,11,1
F23Q30026057,17,0
F22Q20108228,4,1
F22Q30124916,9,1
F23Q30137863,24,0
F22Q20160937,17,0
F22Q20408003,17,0
F23Q30132984,20,0
F22Q10159411,13,0
F23Q10054329,19,0
F22Q10321281,11,1
F22Q10516915,13,0
F22Q20368999,10,1
F23Q30160847,3,1
F22Q30255497,15,0
F22Q30102646,24,0
F22Q30144588,6,1
F23Q30007912,11,1
F22Q30204278,5,1
F22Q20417528,18,0
F22Q20332219,11,1
F22Q30292605,7,1
F22Q40205293,15,0
F22Q20095966,21,0
F23Q30199865,22,0
F23Q30160438,4,1
F22Q40083192,16,0
F22Q30301042,16,0
F22Q20298818,23,0
F22Q20346749,23,0
F22Q30198126,5,1
F23Q20190006,13,0
F22Q40152855,21,0
F23Q30219554,15,0
F23Q10020742,7,1
F23Q30142609,22,0
F22Q30104231,8,1
F23Q30196533,4,1
F22Q40123603,12,1
F22Q10499432,16,0
F23Q30168422,12,1
F22Q30323481,4,1
F22Q20194573,18,0
F22Q10400092,5,1
F23Q10150898,13,0
F23Q10008300,6,1
F22Q40001704,18,0
F22Q30316190,11,1
F22Q30292551,17,0
F22Q20096715,20,0
F22Q40053774,13,0
F22Q20176762,18,0
F22Q20079087,8,1
F23Q30144668,9,1
F23Q20098740,15,0
F23Q20141398,13,0
F22Q20157714,24,0
F22Q10404089,9,1
F23Q20160120,10,1
F22Q40012377,16,0
F22Q20244341,15,0
F22Q40218005,12,1
F22Q10368580,14,0
F22Q20197984,18,0
F23Q10128466,23,0
F23Q30167583,17,0
F22Q40167812,13,0
F22Q10204141,7,1
F22Q20146777,17,0
F22Q20333245,24,0
F23Q30097207,15,0
F22Q20157362,16,0
F23Q30161761,8,1
F22Q40069632,15,0
F22Q10054197,12,1
F22Q10028356,11,1
F22Q30077506,21,0
F23Q10169268,11,1
F22Q30169317,5,1
F22Q20416128,22,0
F23Q10166021,13,0
F23Q30150285,21,0
F23Q20252601,15,0
F22Q40105513,19,0
F23Q10156129,20,0
F22Q20365822,6,1
F22Q30239531,15,0
F23Q10054628,12,1
F22Q10327210,18,0
F22Q30291388,3,1
F22Q40129473,9,1
F22Q20263833,17,0
F23Q20147092,24,0
F23Q10056593,20,0
F22Q20017904,5,1
F23Q10161525,15,0
F22Q30167352,21,0
F23Q30109934,14,0
F22Q10509864,16,0
F22Q20369317,23,0
F22Q10216159,24,0
F23Q30194886,6,1
F22Q20227784,22,0
F22Q20302920,12,1
F22Q10360440,23,0
F22Q20016086,14,0
F23Q20036511,11,1
F23Q30003241,6,1
F22Q10338345,19,0
F23Q10037185,6,1
F22Q30287082,6,1
F22Q20296105,12,1
F22Q30100414,9,1
F23Q20235871,6,1
F23Q10087387,23,0
F22Q20174522,24,0
F23Q20068203,23,0
F23Q20226371,12,1
F22Q30035021,21,0
F22Q30229052,11,1
F22Q20298365,24,0
F23Q30222638,16,0
F22Q40032221,10,1
F22Q10211586,5,1
F22Q30069025,10,1
F22Q20011798,14,0
F22Q30065546,24,0
F23Q20140466,15,0
F22Q20391945,15,0
F22Q20175684,10,1
F22Q20121424,7,1
F23Q20154013,10,1
F23Q20166959,11,1
F22Q30333769,18,0
F23Q10163939,19,0
F22Q20433641,6,1
F23Q20210849,13,0
F22Q10038627,10,1
F22Q20423715,19,0
F22Q20052244,13,0
F23Q20186243,4,1
F23Q30161095,9,1
F23Q30014525,12,1
F22Q10474961,21,0
F22Q10487893,8,1
F22Q20058082,10,1
F22Q20077243,16,0
F22Q20149482,4,1
F22Q40089048,20,0
F22Q20167089,19,0
F22Q10540820,24,0
F22Q40216396,21,0
F23Q30040912,15,0
F22Q20104896,20,0
F22Q20012374,8,1
F22Q20147683,4,1
F22Q20059707,20,0
F22Q30067514,4,1
F22Q20365333,11,1
F22Q20407185,23,0
F23Q30195286,11,1
F22Q10392149,14,0
F22Q40145578,24,0
F23Q10084410,9,1
F22Q20433803,23,0
F22Q10281887,17,0
F23Q10117288,22,0
F22Q30082172,20,0
F22Q40150893,12,1
F23Q10071409,8,1
F23Q30055590,15,0
F23Q20116250,14,0
F22Q10418457,7,1
F23Q30071122,16,0
F22Q10009768,15,0
F23Q30027245,13,0
F22Q10466470,8,1
F23Q20094799,13,0
F23Q10120978,4,1
F22Q20154899,12,1
F22Q10143018,21,0
F23Q30081388,6,1
F22Q10367167,18,0
F23Q10161989,22,0
F22Q30090395,17,0
F22Q10481336,8,1
F22Q10564973,6,1
F22Q20350348,4,1
F22Q40193917,11,1
F22Q10438052,4,1
F23Q10093769,24,0
F22Q30008464,19,0
F23Q20141562,19,0
F22Q40006275,21,0
F22Q30210467,7,1
F22Q30017769,19,0
F23Q10149647,23,0
F22Q20124174,23,0
F22Q40179540,8,1
F23Q30081798,17,0
F22Q20354367,13,0
F22Q20347627,4,1
F23Q30255606,15,0
F23Q10026531,24,0
F22Q10283186,20,0
F22Q40142921,20,0
F22Q20264381,23,0
F23Q20143155,15,0
F22Q40190558,10,1
F22Q10505926,6,1
F22Q10142265,10,1
F22Q10370231,6,1
F22Q20160419,19,0
F22Q20325506,22,0
F22Q10146523,5,1
F23Q30219089,12,1
F22Q10029090,8,1
F23Q10111590,20,0
F22Q30291659,16,0
F22Q20033867,14,0
F23Q20030364,15,0
F23Q30217757,7,1
F22Q20280155,20,0
F22Q40086684,21,0
F22Q40207895,22,0
F22Q40055172,19,0
F23Q10018301,23,0
F22Q30075939,4,1
F23Q30233582,21,0
F22Q10272045,19,0
F22Q40082668,24,0
F23Q30032743,23,0
F22Q10414067,11,1
F22Q10170311,21,0
F22Q20333818,11,1
F23Q10092262,23,0
F22Q30284284,12,1
F22Q10036022,23,0
F22Q30061357,13,0
F22Q30083420,19,0
F22Q10227007,13,0
F22Q30095017,24,0
F22Q40027514,9,1
F23Q10176514,13,0
F23Q20018936,19,0
F22Q20382518,7,1
F22Q40006078,23,0
F23Q30163501,5,1
F22Q30076319,15,0
F22Q20291878,6,1
F22Q40092053,23,0
F23Q10136897,21,0
F22Q30002738,6,1
F22Q10051056,13,0
F22Q10289867,13,0
F23Q20140388,18,0
F23Q30063116,4,1
F22Q20182269,9,1
F22Q10490025,21,0
F23Q20079724,16,0
F23Q30076879,14,0
F23Q30044194,13,0
F22Q30038765,16,0
F22Q30014033,23,0
F22Q30127532,9,1
F22Q10536398,8,1
F22Q10369695,21,0
F22Q20416104,8,1
F22Q30139556,23,0
F22Q30290880,8,1
F23Q30055787,21,0
F23Q10137456,22,0
F22Q10550446,9,1
F22Q20381201,24,0
F22Q10497220,9,1
F23Q20204226,11,1
F22Q40196792,19,0
F23Q20155236,15,0
F22Q20197547,4,1
F22Q30028175,7,1
F22Q30320334,20,0
F23Q30081273,24,0
F22Q30273445,6,1
F22Q20250921,8,1
F22Q40014460,12,1
F22Q30080964,11,1
F23Q10027655,22,0
F22Q10147151,11,1
F23Q10177084,20,0
F22Q10290316,14,0
F23Q10118123,7,1
F22Q30093566,12,1
F22Q30007014,7,1
F22Q10080159,20,0
F22Q30108832,10,1
F22Q20224922,17,0
F22Q10025371,8,1
F22Q30283582,17,0
F22Q30091019,22,0
F22Q30275735,12,1
F22Q40000913,5,1
F22Q30229435,17,0
F22Q10465340,13,0
F23Q30239849,10,1
F22Q20388009,19,0
F22Q40214436,22,0
F22Q30185860,5,1
F22Q20227179,7,1
F23Q10041146,12,1
F22Q40046224,5,1
F22Q10462136,7,1
F22Q40089085,19,0
F22Q20413802,5,1
F22Q30156765,8,1
F22Q10465742,21,0
F22Q10252302,5,1
F22Q30116030,15,0
F23Q30067496,14,0
F23Q20039546,18,0
F22Q40165520,4,1
F23Q30015619,17,0
F22Q10236075,6,1
F22Q20237002,12,1
F22Q40128084,24,0
F22Q30124671,3,1
F22Q40119572,20,0
F22Q30268568,15,0
F22Q10027986,7,1
F22Q20339290,24,0
F22Q40171094,10,1
F23Q20259926,12,1
F22Q30067481,8,1
F22Q20076546,6,1
F22Q20136047,24,0
F23Q30145468,13,0
F22Q10059250,23,0
F23Q30143432,9,1
F22Q10520098,5,1
F22Q10186917,4,1
F23Q30252303,18,0
F22Q40106524,4,1
F22Q30214817,16,0
F22Q30233778,13,0
F23Q10089893,14,0
F22Q20421810,21,0
F23Q30042818,21,0
F22Q10349470,10,1
F23Q20260549,22,0
F22Q20375992,17,0
F23Q10080897,3,1
F23Q20140401,24,0
F23Q20188403,14,0
F23Q30167324,17,0
F22Q40195206,22,0
F23Q20177318,12,1
F22Q30220682,22,0
F23Q20029556,7,1
F22Q20045847,18,0
F22Q10387689,8,1
F22Q10546356,18,0
F22Q30242221,3,1
F22Q30050707,9,1
F22Q10061875,11,1
F22Q20062400,21,0
F23Q20066680,24,0
F22Q40102282,13,0
F22Q10460696,9,1
F22Q30101007,4,1
F23Q20188087,17,0
F23Q20140892,18,0
F22Q30163971,8,1
F22Q40149067,5,1
F23Q10147063,5,1
F23Q10142560,23,0
F22Q30227745,23,0
F22Q20139962,16,0
F23Q30132886,16,0
F22Q20294336,5,1
F22Q20109882,3,1
F23Q20027775,3,1
F23Q30240711,14,0
F22Q10065177,24,0
F22Q10541860,24,0
F22Q20203057,7,1
F22Q40011482,18,0
F22Q10083347,19,0
F23Q10134889,17,0
F23Q20163434,17,0
F22Q10244569,10,1
F22Q30090300,7,1
F22Q20278492,11,1
F22Q40007008,21,0
F22Q10090381,9,1
F22Q20112844,12,1
F23Q20067788,24,0
F23Q30026122,17,0
F23Q10181248,22,0
F23Q10121099,13,0
F23Q30174558,23,0
F22Q20074552,6,1
F22Q40220128,9,1
F22Q40043773,3,1
F23Q30180569,21,0
F22Q20289969,17,0
F22Q30140569,11,1
F22Q20008395,23,0
F22Q10395910,14,0
F22Q10383224,20,0
F22Q10327325,18,0
F22Q40051391,8,1
F23Q20192451,9,1
F22Q30033000,13,0
F23Q30206916,14,0
F22Q20420242,14,0
F22Q10147479,13,0
F22Q10097268,9,1
F22Q30268133,21,0
F23Q20151600,13,0
F22Q10169165,18,0
F23Q20060115,7,1
F22Q20074133,23,0
F22Q20102328,11,1
F22Q20264601,16,0
F23Q10185033,16,0
F22Q20027292,10,1
F23Q10056955,22,0
F22Q10480106,24,0
F22Q10546504,8,1
F22Q30331077,12,1
F22Q10287112,9,1
F22Q40133566,4,1
F22Q20285795,17,0
F22Q40029747,12,1
F22Q20178497,20,0
F22Q10182772,18,0
F22Q30034328,8,1
F22Q40053743,23,0
F22Q40177519,12,1
F22Q40182168,11,1
F22Q30286685,24,0
F22Q40060775,23,0
F22Q30293078,20,0
F22Q10397633,21,0
F23Q30038658,21,0
F22Q40198689,12,1
F23Q20248577,5,1
F22Q10498841,11,1
F22Q20189905,18,0
F22Q10377867,17,0
F22Q20388476,10,1
F22Q30298553,23,0
F22Q10358446,8,1
F22Q20369258,4,1
F22Q40136200,9,1
F23Q30149716,16,0
F22Q20228302,6,1
F23Q20243852,21,0
F22Q20009187,21,0
F22Q10372570,10,1
F23Q20054104,8,1
F22Q10236463,10,1
F23Q20200845,19,0
F23Q20171039,13,0
F23Q10146237,21,0
F23Q10093862,16,0
F22Q40138763,3,1
F22Q10175597,14,0
F23Q10075215,5,1
F22Q20084616,8,1
F22Q10070794,8,1
F22Q20400487,14,0
F22Q20142648,22,0
F22Q20102213,18,0
F23Q30008463,20,0
F23Q20105730,23,0
F23Q30010022,9,1
F23Q30236612,12,1
F22Q20233066,15,0
F22Q30233690,8,1
F23Q30084970,18,0
F23Q30144175,15,0
F23Q20259390,10,1
F22Q20427704,16,0
F23Q10018845,5,1
F22Q30205730,3,1
F22Q40057570,18,0
F22Q10058536,20,0
F22Q10508372,22,0
F22Q30227071,14,0
F22Q10125848,16,0
F22Q10064034,22,0
F22Q20349919,16,0
F22Q30256257,11,1
F22Q20382968,7,1
F23Q30194718,8,1
F22Q20033185,20,0
F22Q30224294,22,0
F22Q40127842,9,1
F22Q20387174,5,1
F23Q30186106,20,0
F22Q20135340,10,1
F22Q10385614,15,0
F22Q10249443,24,0
F22Q20137906,11,1
F22Q20265398,19,0
F22Q30224574,18,0
F22Q20170460,6,1
F23Q20033049,9,1
F22Q30029266,15,0
F22Q40038570,4,1
F22Q10395305,22,0
F22Q30287345,6,1
F22Q10210766,7,1
F22Q40206323,13,0
F22Q30085358,21,0
F22Q30323837,24,0
F22Q20231540,11,1
F22Q40085732,21,0
F22Q30096464,18,0
F22Q30231008,4,1
F23Q20239051,13,0
F22Q10030877,22,0
F22Q30331466,16,0
F22Q20027721,10,1
F22Q20352819,24,0
F22Q20384960,9,1
F22Q30143119,17,0
F22Q40031371,24,0
F23Q30213001,19,0
F23Q10178423,15,0
F22Q10011349,17,0
F22Q20280233,19,0
F22Q10365439,9,1
F23Q20140108,8,1
F23Q20204813,15,0
F23Q20187427,4,1
F22Q10480328,9,1
F23Q20038762,24,0
F23Q30084317,6,1
F22Q20112797,19,0
F22Q10420263,10,1
F22Q30106346,22,0
F22Q30008742,10,1
F22Q10254897,9,1
F22Q10534871,18,0
F23Q20232898,19,0
F22Q20232305,15,0
F22Q10505822,20,0
F23Q10113163,3,1
F22Q40098910,8,1
F22Q20043243,15,0
F23Q30076007,20,0
F22Q10139127,6,1
F23Q30177158,20,0
F22Q40188150,6,1
F23Q20089666,18,0
F23Q30205042,24,0
F22Q20173373,24,0
F23Q20148755,6,1
F23Q30160555,15,0
F22Q10323599,7,1
F22Q30173842,20,0
F22Q20104934,16,0
F22Q40165938,10,1
F22Q30099650,19,0
F23Q30135297,7,1
F22Q20265230,15,0
F22Q30200422,22,0
F23Q30252351,13,0
F22Q10435503,24,0
F22Q40334221,18,0
F22Q20393785,14,0
F22Q10348223,6,1
F22Q10356651,6,1
F23Q20200346,20,0
F23Q10053739,24,0
F23Q30169142,21,0
F22Q20137187,19,0
F22Q10479228,5,1
F22Q10456398,22,0
F22Q20364396,10,1
F22Q10053427,23,0
F22Q10507393,11,1
F22Q10300652,12,1
F22Q10206368,4,1
F23Q10174927,15,0
F22Q20249601,16,0
F22Q30076288,13,0
F23Q30045301,21,0
F22Q20096731,15,0
F23Q20240284,13,0
F22Q10224341,22,0
F22Q40190819,21,0
F22Q20394863,21,0
F22Q20229347,5,1
F22Q10273440,11,1
F23Q10162272,17,0
F22Q40187368,19,0
F22Q10248188,4,1
F23Q20021438,20,0
F22Q20005435,8,1
F22Q40165795,5,1
F22Q20128009,16,0
F23Q10101147,19,0
F23Q30009980,13,0
F22Q20354047,7,1
F22Q30325083,10,1
F22Q40192549,19,0
F23Q10082111,21,0
F23Q20052264,21,0
F22Q30186879,16,0
F23Q20022641,4,1
F23Q20086906,13,0
F22Q40175074,18,0
F22Q40009097,23,0
F22Q10414090,21,0
F22Q40088529,18,0
F23Q10102604,16,0
F22Q30084054,22,0
F23Q20097301,17,0
F22Q10341679,18,0
F22Q40183126,14,0
F23Q30007986,16,0
F22Q30058067,19,0
F22Q40116825,24,0
F22Q40075810,13,0
F22Q30005924,22,0
F23Q20053955,15,0
F22Q10026475,16,0
F23Q20206548,19,0
F22Q30059818,8,1
F23Q20131399,19,0
F23Q20072122,18,0
F22Q30154222,5,1
F23Q20066187,24,0
F22Q20400881,6,1
F22Q10563287,9,1
F22Q20030606,15,0
F23Q10034260,19,0
F22Q20169731,11,1
F22Q20024011,8,1
F23Q10185297,22,0
F22Q10545415,3,1
F23Q30101058,24,0
F22Q20428006,5,1
F22Q20323521,15,0
F22Q30164321,10,1
F23Q30118463,10,1
F22Q40001950,22,0
F22Q10299510,7,1
F22Q10219416,19,0
F22Q10541712,14,0
F23Q30111167,18,0
F22Q10348880,12,1
F22Q20216670,6,1
F23Q20259898,21,0
F22Q40191374,7,1
F23Q10133045,18,0
F22Q20340049,10,1
F22Q10573792,18,0
F23Q10150390,10,1
F23Q30221766,23,0
F23Q20162006,7,1
F22Q10071019,19,0
F23Q20268241,24,0
F23Q30025226,23,0
F23Q20260141,13,0
F22Q20266131,20,0
F22Q20220562,7,1
F23Q20047935,19,0
F22Q30081999,19,0
F23Q20146831,22,0
F22Q20119800,10,1
F22Q10570463,10,1
F22Q30050432,14,0
F22Q40108235,7,1
F22Q10508571,3,1
F23Q10002447,23,0
F22Q10577498,22,0
F23Q30178763,22,0
F22Q20382133,18,0
F22Q10328194,8,1
F22Q40074709,13,0
F22Q40212841,24,0
F22Q10116687,14,0
F22Q10422065,24,0
F23Q20196313,12,1
F22Q30175809,3,1
F23Q20062145,20,0
F22Q10171045,12,1
F23Q10023618,9,1
F22Q20117417,19,0
F23Q30161123,17,0
F23Q10081310,3,1
F22Q10098111,12,1
F22Q20301399,8,1
F22Q30005303,15,0
F22Q40010416,17,0
F22Q40202302,13,0
F22Q40186097,18,0
F22Q20287116,11,1
F22Q20406599,16,0
F23Q20076637,9,1
F22Q10536307,17,0
F22Q10582803,16,0
F22Q10193533,18,0
F22Q20295171,16,0
F23Q20093077,20,0
F23Q20154657,5,1
F22Q20376912,20,0
F22Q20016869,9,1
F22Q40014743,22,0
F23Q10099630,9,1
F22Q40083237,18,0
F22Q30018936,16,0
F22Q30208972,7,1
F22Q30193157,16,0
F22Q30004832,20,0
F22Q40217010,21,0
F22Q10025369,12,1
F22Q30034119,24,0
F22Q10182336,19,0
F23Q30089707,21,0
F23Q20144039,3,1
F22Q40050276,12,1
F22Q20033510,8,1
F22Q20184611,16,0
F22Q10147768,20,0
F22Q20357790,3,1
F22Q10137123,21,0
F22Q10090951,12,1
F22Q10468939,5,1
F22Q20234516,14,0
F22Q20321556,9,1
F22Q10083281,10,1
F23Q20132962,23,0
F22Q20329822,18,0
F22Q20159145,23,0
F23Q10006263,18,0
F23Q30246036,15,0
F22Q20266941,22,0
F22Q10537084,20,0
F22Q30244876,12,1
F22Q20142888,14,0
F22Q10577236,3,1
F22Q10257550,22,0
F23Q20021846,11,1
F22Q20135675,6,1
F23Q20246626,21,0
F23Q10010521,9,1
F22Q40205040,10,1
F22Q10140696,16,0
F22Q20367334,19,0
F22Q20154531,8,1
F22Q40007913,18,0
F22Q20425955,4,1
F23Q10013175,23,0
F22Q40146988,4,1
F22Q10339320,22,0
F23Q10041720,7,1
F22Q30279648,8,1
F22Q40143884,15,0
F22Q10293303,10,1
F22Q20423080,6,1
F22Q30292092,11,1
F22Q30329510,11,1
F23Q20271743,8,1
F22Q30153159,7,1
F23Q20141655,11,1
F22Q30158793,8,1
F22Q30056389,21,0
F22Q20307280,12,1
F22Q30093536,23,0
F22Q10005234,9,1
F23Q30185733,13,0
F22Q20251050,21,0
F23Q20233895,21,0
F23Q20240575,13,0
F22Q10143880,16,0
F22Q20409690,14,0
F22Q30105287,3,1
F23Q30164480,14,0
F22Q30087727,17,0
F22Q40037454,15,0
F22Q20068034,12,1
F23Q20180633,12,1
F22Q40035861,19,0
F23Q30184862,6,1
F22Q40164837,21,0
F22Q40036215,14,0
F22Q40214788,21,0
F22Q10161641,9,1
F22Q20197176,18,0
F22Q20274352,11,1
F22Q30181450,20,0
F23Q30176281,11,1
F23Q20189961,23,0
F22Q30271193,13,0
F23Q10030683,12,1
F22Q10497525,10,1
F22Q20347711,8,1
F22Q30173734,12,1
F22Q20045156,19,0
F23Q30190022,9,1
F22Q20122218,22,0
F22Q30209868,6,1
F22Q30271860,12,1
F22Q10028221,18,0
F23Q20114402,17,0
F23Q30245001,11,1
F22Q30147882,13,0
F23Q30191330,8,1
F23Q30116867,21,0
F22Q30167832,19,0
F22Q10295475,17,0
F22Q20136810,14,0
F22Q30202717,14,0
F23Q30064675,19,0
F22Q40056318,24,0
F22Q10326918,18,0
F22Q20347350,13,0
F23Q20107862,20,0
F22Q10528943,22,0
F23Q30145584,20,0
F22Q20207442,12,1
F22Q20128498,22,0
F22Q40047299,3,1
F22Q10450744,5,1
F22Q10317298,16,0
F23Q30102549,16,0
F23Q20040881,17,0
F22Q10161418,21,0
F22Q30056944,4,1
F22Q40095507,21,0
F23Q20094148,19,0
F23Q10014243,22,0
F23Q10044434,13,0
F22Q10324842,7,1
F22Q30147478,12,1
F22Q10265159,23,0
F22Q10086841,13,0
F22Q10535601,15,0
F22Q10536083,23,0
F23Q30251381,11,1
F23Q30202880,12,1
F22Q20040178,18,0
F22Q20302098,14,0
F22Q10295604,21,0
F22Q30322430,23,0
F23Q20044320,14,0
F23Q30243824,15,0
F22Q20405367,15,0
F23Q20159913,8,1
F22Q30094939,13,0
F22Q40163172,15,0
F23Q20091770,16,0
F23Q30048131,12,1
F22Q20130577,14,0
F22Q20351226,9,1
F22Q10499855,16,0
F23Q30242842,12,1
F23Q10049614,18,0
F22Q20058110,18,0
F22Q10087164,21,0
F23Q20071115,4,1
F22Q30113499,19,0
F23Q10119134,13,0
F22Q40134784,4,1
F23Q20042117,13,0
F22Q10276974,11,1
F23Q30149444,18,0
F22Q40109790,5,1
F22Q20196628,5,1
F22Q30126809,18,0
F23Q20067202,14,0
F23Q10078581,18,0
F23Q30129932,23,0
F22Q10435705,4,1
F22Q20415912,12,1
F22Q40200745,14,0
F22Q30274085,20,0
F22Q40122229,17,0
F22Q40218392,23,0
F23Q20153672,15,0
F22Q10578223,24,0
F23Q30053832,13,0
F22Q40187274,20,0
F23Q30015838,7,1
F22Q40126551,4,1
F22Q20061573,6,1
F22Q20401691,15,0
F22Q30273622,18,0
F23Q30097385,8,1
F23Q20146304,5,1
F22Q20017971,21,0
F23Q20111898,21,0
F22Q10008106,8,1
F22Q10357354,19,0
F22Q20423580,19,0
F23Q20063712,15,0
F23Q30028424,18,0
F22Q20331239,9,1
F22Q10031202,11,1
F23Q30007920,16,0
F22Q40133409,13,0
F22Q20142124,15,0
F23Q30072545,10,1
F22Q10350194,21,0
F22Q10217633,22,0
F22Q30209691,19,0
F22Q30239679,6,1
F23Q20080145,23,0
F22Q20177723,23,0
F22Q20425801,3,1
F22Q30158662,24,0
F22Q10176436,21,0
F23Q30044600,19,0
F23Q20030093,19,0
F22Q40013612,19,0
F22Q30262492,13,0
F22Q30209754,10,1
F22Q20037529,16,0
F22Q30282724,24,0
F22Q30152395,15,0
F23Q10180818,4,1
F22Q10274146,9,1
F23Q20197134,10,1
F23Q30239300,18,0
F23Q20069321,11,1
F22Q20174250,7,1
F22Q30110416,7,1
F23Q30011708,17,0
F22Q40097144,6,1
F23Q30181147,6,1
F22Q40055166,13,0
F22Q40142381,6,1
F22Q30019580,23,0
F22Q20075742,15,0
F22Q10404975,17,0
F23Q10109413,20,0
F22Q10546428,17,0
F22Q30228574,10,1
F22Q30108556,20,0
F22Q30099092,23,0
F23Q30185039,19,0
F22Q40071804,19,0
F22Q20260358,15,0
F22Q20263923,5,1
F22Q30048828,9,1
F22Q20037566,21,0
F22Q40193838,14,0
F23Q30207015,16,0
F23Q30007895,15,0
F22Q20369358,5,1
F22Q30058347,24,0
F22Q40124119,8,1
F22Q10169427,21,0
F23Q20057347,17,0
F22Q10457014,21,0
F22Q40054595,11,1
F23Q20216030,18,0
F22Q20013459,8,1
F22Q20183356,13,0
F22Q10313563,8,1
F23Q30173086,17,0
F22Q20219556,22,0
F22Q20051698,13,0
F23Q30207560,23,0
F22Q10343870,16,0
F22Q30003737,16,0
F23Q20094071,24,0
F22Q30243186,21,0
F23Q30117107,13,0
F23Q30198125,23,0
F22Q10295855,8,1
F22Q20139676,16,0
F22Q30147797,19,0
F22Q30301666,18,0
F23Q20019550,13,0
F22Q10354973,16,0
F22Q10106337,12,1
F22Q20177128,8,1
F22Q40198483,20,0
F22Q10234790,6,1
F23Q20253504,13,0
F22Q20246575,5,1
F22Q20354850,8,1
F22Q10261113,10,1
F22Q30050105,14,0
F23Q20069469,21,0
F22Q30283543,13,0
F22Q10080533,8,1
F22Q20258581,12,1
F23Q10051982,21,0
F22Q20286611,12,1
F23Q20204893,20,0
F22Q20051129,9,1
F22Q10114735,4,1
F22Q30146529,17,0
F23Q20052296,18,0
F22Q30229368,24,0
F22Q40107479,7,1
F23Q10125536,7,1
F22Q30322685,5,1
F22Q30076078,12,1
F23Q10101747,22,0
F22Q10432932,19,0
F22Q20312052,12,1
F22Q20413171,20,0
F22Q40069566,19,0
F22Q40183807,8,1
F23Q20030969,20,0
F23Q20259370,9,1
F23Q20009489,19,0
F22Q30055641,23,0
F23Q20064283,19,0
F22Q30227133,5,1
F22Q20191968,10,1
F22Q30111370,11,1
F22Q10205762,17,0
F22Q30101720,13,0
F22Q30025511,8,1
F23Q30136871,7,1
F22Q20131336,9,1
F22Q20094930,19,0
F22Q30154257,22,0
F22Q30086162,16,0
F22Q30300504,16,0
F23Q20148383,6,1
F23Q30137788,13,0
F22Q30100323,5,1
F23Q20115297,19,0
F22Q10564584,9,1
F23Q30168316,4,1
F23Q10137463,22,0
F22Q20021779,15,0
F23Q10000058,13,0
F22Q40102833,3,1
F22Q10337751,22,0
F23Q30135408,17,0
F22Q20418030,23,0
F23Q20276216,10,1
F23Q20232129,6,1
F22Q20052265,10,1
F22Q10317978,12,1
F22Q20264983,13,0
F23Q20064760,19,0
F22Q40024091,24,0
F22Q40142178,7,1
F22Q20081559,5,1
F23Q10013243,23,0
F23Q30038958,11,1
F23Q30142648,22,0
F22Q20410852,22,0
F22Q30184657,8,1
F23Q10046454,3,1
F23Q20158272,21,0
F22Q20311203,24,0
F22Q30288017,24,0
F22Q40047496,8,1
F22Q40138928,8,1
F22Q40196187,24,0
F22Q30303648,24,0
F23Q30237409,17,0
F22Q30027875,15,0
F23Q10044763,18,0
F22Q10182815,7,1
F22Q40017544,9,1
F23Q30026352,22,0
F23Q20203435,24,0
F22Q10583128,20,0
F22Q30008654,9,1
F22Q40137922,24,0
F23Q10146368,16,0
F23Q20180530,24,0
F22Q20425766,19,0
F22Q10215985,23,0
F22Q10361828,6,1
F23Q30156539,6,1
F22Q30300207,18,0
F22Q20433319,14,0
F22Q10404067,9,1
F22Q20266539,22,0
F23Q10104511,22,0
F22Q30300088,9,1
F22Q10554514,15,0
F23Q10174977,4,1
F23Q30091268,5,1
F22Q40128185,22,0
F23Q20245097,23,0
F22Q30294210,7,1
F22Q10056408,12,1
F22Q20228326,8,1
F22Q30300983,14,0
F22Q40176427,24,0
F22Q10476349,13,0
F22Q30026817,14,0
F22Q30093709,14,0
F22Q10270103,18,0
F22Q30161655,6,1
F23Q30015604,16,0
F22Q20371931,15,0
F23Q20015215,20,0
F22Q20399402,14,0
F22Q10310172,13,0
F22Q20182587,20,0
F22Q10357579,8,1
F23Q20216899,16,0
F22Q20212215,19,0
F22Q10419250,24,0
F23Q30212057,21,0
F22Q20222459,19,0
F22Q10041431,19,0
F23Q20186786,11,1
F22Q10442278,8,1
F22Q10177038,16,0
F22Q20275293,11,1
F22Q10417526,18,0
F22Q40062585,14,0
F22Q20289222,14,0
F22Q30292566,19,0
F22Q10411236,3,1
F22Q30325234,15,0
F22Q20073389,16,0
F23Q20193760,19,0
F22Q20085538,4,1
F22Q20065386,7,1
F23Q20121307,6,1
F22Q10266407,10,1
F23Q10000767,4,1
F22Q20029748,13,0
F23Q10059658,10,1
F22Q40206148,4,1
F23Q10044944,13,0
F22Q40218784,13,0
F22Q30114698,24,0
F22Q20192516,24,0
F22Q40034363,19,0
F22Q30280264,4,1
F22Q10214493,17,0
F23Q30193931,9,1
F22Q10482025,18,0
F22Q40200310,4,1
F22Q10506437,11,1
F23Q10159314,21,0
F22Q20061506,22,0
F23Q30124646,12,1
F23Q10120062,21,0
F22Q20242687,6,1
F22Q40098562,13,0
F23Q20225351,21,0
F22Q10160345,12,1
F22Q10248779,18,0
F23Q10093331,17,0
F23Q10104983,4,1
F22Q10361218,19,0
F22Q30202174,22,0
F23Q10183945,13,0
F23Q20224312,9,1
F22Q10039566,9,1
F22Q10183353,22,0
F22Q20066787,11,1
F22Q30226733,4,1
F22Q20363150,14,0
F22Q30249771,10,1
F22Q40153497,22,0
F22Q40087871,12,1
F22Q10075334,14,0
F22Q30246400,16,0
F22Q20241509,8,1
F22Q20112854,20,0
F23Q20209391,19,0
F22Q20243997,24,0
F23Q30020365,16,0
F22Q10401821,11,1
F23Q30045055,18,0
F23Q30259122,16,0
F23Q10160404,12,1
F22Q20393200,16,0
F22Q40126747,12,1
F22Q40128527,16,0
F22Q20347370,12,1
F23Q30097626,14,0
F22Q20429998,9,1
F22Q40039469,23,0
F23Q20143741,13,0
F22Q20006451,8,1
F22Q10083051,20,0
F22Q40201430,13,0
F23Q30049291,6,1
F22Q30088356,24,0
F22Q20211396,10,1
F22Q30112614,14,0
F22Q30289979,15,0
F22Q10212436,7,1
F23Q30212484,10,1
F23Q10087665,19,0
F22Q10521630,16,0
F22Q40190682,7,1
F22Q20206827,9,1
F22Q30163028,19,0
F23Q20194037,11,1
F22Q30232637,24,0
F22Q30251167,22,0
F23Q30025845,6,1
F22Q20097451,19,0
F23Q10128685,5,1
F22Q20321888,6,1
F23Q30134739,7,1
F23Q20267325,19,0
F22Q20212040,6,1
F22Q40063319,23,0
F23Q30009368,16,0
F22Q30245100,7,1
F22Q30330973,17,0
F23Q10023126,8,1
F23Q30256765,16,0
F23Q10002440,9,1
F23Q20043462,19,0
F22Q20351719,24,0
F22Q40043790,10,1
F23Q10107754,24,0
F23Q20252572,18,0
F22Q10109231,13,0
F22Q30165888,16,0
F22Q20293568,6,1
F22Q20035380,19,0
F22Q40186446,23,0
F23Q30218719,13,0
F23Q20097380,20,0
F22Q30317864,4,1
F23Q30027908,22,0
F22Q20397722,19,0
F23Q20196489,4,1
F22Q30227521,18,0
F23Q30020925,10,1
F22Q30264433,11,1
F22Q20089393,10,1
F22Q30056443,15,0
F22Q40011758,15,0
F22Q20212667,14,0
F22Q30032618,16,0
F23Q10170964,21,0
F22Q30057157,13,0
F23Q30258738,23,0
F23Q30145531,17,0
F22Q20224341,18,0
F23Q20164574,12,1
F22Q30033089,7,1
F22Q30030548,23,0
F22Q10466335,20,0
F23Q20179112,24,0
F22Q20155218,16,0
F22Q20258148,7,1
F22Q20102187,22,0
F22Q10171733,10,1
F22Q20151564,15,0
F22Q20169320,24,0
F22Q40053280,22,0
F22Q20269297,14,0
F22Q10205769,15,0
F22Q30079207,23,0
F22Q40115893,3,1
F22Q20384326,17,0
F23Q20035622,16,0
F22Q30245465,15,0
F23Q30043245,9,1
F22Q10074426,11,1
F23Q10015254,8,1
F22Q20023457,17,0
F22Q20234798,13,0
F22Q20146942,22,0
F23Q10041545,20,0
F22Q20117188,18,0
F22Q20172786,6,1
F22Q10390737,22,0
F22Q40097002,10,1
F22Q20221100,19,0
F23Q10102990,22,0
F23Q10095504,24,0
F22Q20247657,21,0
F23Q20031142,4,1
F22Q10544391,3,1
F22Q30229441,10,1
F22Q40207796,22,0
F23Q30220062,7,1
F22Q30038791,9,1
F23Q20104529,13,0
F22Q10353413,19,0
F22Q30041995,21,0
F23Q30095256,22,0
F22Q10383690,6,1
F22Q10369432,23,0
F22Q10340085,5,1
F22Q10298541,20,0
F22Q30325703,14,0
F23Q10041288,8,1
F23Q10062077,23,0
F22Q20115374,7,1
F22Q40184122,14,0
F23Q20165003,17,0
F23Q30096247,5,1
F22Q20170857,19,0
F22Q10198762,10,1
F22Q40195298,4,1
F22Q20024927,20,0
F22Q10264985,19,0
F22Q20289525,5,1
F22Q30010934,10,1
F22Q30088779,12,1
F22Q10529111,8,1
F22Q10460361,24,0
F23Q20100668,9,1
F22Q10206594,5,1
F22Q20380501,8,1
F22Q30207681,11,1
F23Q30060710,24,0
F23Q10082081,24,0
F22Q10072262,10,1
F23Q10007504,21,0
F22Q40082855,7,1
F22Q10396219,9,1
F22Q20024637,11,1
F22Q30249694,4,1
F22Q20321946,24,0
F22Q20061576,19,0
F22Q20186370,4,1
F22Q20172847,23,0
F22Q10571350,14,0
F22Q20161194,6,1
F23Q30228534,11,1
F23Q30160941,17,0
F22Q30253341,14,0
F22Q30108110,13,0
F23Q20252836,15,0
F23Q30120563,24,0
F23Q20234449,23,0
F22Q30026161,11,1
F22Q10019938,5,1
F22Q20282805,22,0
F22Q10519786,10,1
F23Q20190684,21,0
F22Q40052779,15,0
F23Q30119198,4,1
F23Q10027498,20,0
F23Q10147019,20,0
F22Q10390586,5,1
F22Q30181751,21,0
F23Q30001554,18,0
F22Q30033115,6,1
F23Q30152722,13,0
F22Q30082666,14,0
F23Q30214546,20,0
F23Q30116915,9,1
F22Q10097136,23,0
F22Q40193373,9,1
F22Q20243889,11,1
F22Q20001125,3,1
F22Q40088965,8,1
F22Q10222544,6,1
F22Q10297191,13,0
F23Q30249033,4,1
F23Q20199659,13,0
F22Q10041050,22,0
F22Q30298789,19,0
F22Q20279917,3,1
F22Q20179486,3,1
F22Q20160655,22,0
F22Q10358451,22,0
F22Q20231517,17,0
F22Q10007857,11,1
F22Q10278353,8,1
F22Q20352696,5,1
F22Q10292872,18,0
F22Q10246986,10,1
F22Q20063125,19,0
F22Q10107902,21,0
F23Q30245828,13,0
F22Q30085596,13,0
F23Q10030252,9,1
F22Q30075352,15,0
F23Q10065319,21,0
F23Q20260453,24,0
F22Q20396825,18,0
F22Q10531227,14,0
F22Q10510063,9,1
F22Q10479666,5,1
F22Q10083577,6,1
F22Q30332515,22,0
F22Q30153545,10,1
F23Q30144224,3,1
F22Q20081689,23,0
F23Q10175585,24,0
F22Q20383693,16,0
F22Q20382680,24,0
F23Q30137875,6,1
F23Q30170482,22,0
F22Q20247122,19,0
F22Q20413735,20,0
F22Q30267934,21,0
F22Q20282218,13,0
F23Q20058083,21,0
F23Q10051676,7,1
F22Q30044847,17,0
F22Q10388522,12,1
F23Q30179179,22,0
F23Q10012598,11,1
F22Q20057408,18,0
F22Q10132092,3,1
F22Q30011340,6,1
F22Q30176798,3,1
F23Q10115944,10,1
F23Q20122124,14,0
F22Q20415368,16,0
F23Q30168134,13,0
F22Q20242612,6,1
F23Q30100653,18,0
F22Q30221370,23,0
F22Q30122759,17,0
F23Q30152542,20,0
F22Q40168678,18,0
F22Q20065711,15,0
F22Q30008319,8,1
F22Q20039963,23,0
F23Q20165864,20,0
F23Q20271003,19,0
F22Q10420160,19,0
F23Q30106176,4,1
F22Q40212856,16,0
F23Q20205720,16,0
F22Q30259889,15,0
F22Q10079814,7,1
F22Q30154115,6,1
F22Q40161812,15,0
F23Q30158731,22,0
F22Q10207941,19,0
F22Q20027501,8,1
F22Q40204056,19,0
F22Q30023864,14,0
F23Q30109559,15,0
F22Q40031784,10,1
F22Q10162145,21,0
F22Q10315580,7,1
F22Q20138689,7,1
F23Q30072910,13,0
F22Q10408545,11,1
F23Q20075016,4,1
F22Q10455119,22,0
F22Q20051218,21,0
F22Q20155174,12,1
F22Q10167964,15,0
F23Q30032651,15,0
F23Q30065365,13,0
F23Q20098953,16,0
F22Q10418520,19,0
F22Q20039202,19,0
F22Q20062706,17,0
F22Q30102686,8,1
F23Q10089366,5,1
F23Q10166905,6,1
F22Q20352797,20,0
F23Q10090448,10,1
F22Q10078262,10,1
F23Q30258088,24,0
F22Q30313400,8,1
F23Q20190718,13,0
F22Q10569633,16,0
F22Q10369729,15,0
F22Q30314844,8,1
F23Q30152742,14,0
F22Q30221711,11,1
F22Q10228889,6,1
F22Q30213977,6,1
F22Q20171331,9,1
F22Q20284432,4,1
F22Q10363766,20,0
F22Q20332348,23,0
F23Q20019897,12,1
F22Q40150866,23,0
F22Q20007786,18,0
F22Q30027968,8,1
F22Q10234344,19,0
F23Q30019211,11,1
F22Q20320442,17,0
F22Q20354247,16,0
F22Q40112027,13,0
F23Q20004782,19,0
F22Q10028073,15,0
F22Q10180877,8,1
F22Q10443865,22,0
F23Q20052099,22,0
F22Q30105242,12,1
F22Q10367349,20,0
F22Q30111502,8,1
F22Q30232066,14,0
F22Q30059773,12,1
F22Q30150773,15,0
F22Q20311005,21,0
F22Q10443585,13,0
F22Q10423235,21,0
F22Q40054652,23,0
F22Q20047733,3,1
F23Q30091141,18,0
F22Q10354413,16,0
F22Q20024307,24,0
F22Q10022385,10,1
F22Q30141608,11,1
F23Q30261141,15,0
F22Q20032800,13,0
F22Q10177760,15,0
F22Q10277221,22,0
F22Q10503412,11,1
F22Q10032285,10,1
F22Q30033139,4,1
F22Q20198846,15,0
F23Q10034573,15,0
F22Q10399363,11,1
F23Q30028291,24,0
F22Q10189955,9,1
F22Q30235201,6,1
F22Q10144595,11,1
F22Q40002415,12,1
F22Q20071745,24,0
F22Q30013346,15,0
F23Q20045428,19,0
F23Q30243835,14,0
F22Q20206740,5,1
F23Q10004514,22,0
F22Q20403019,14,0
F23Q20065365,13,0
F23Q30124846,19,0
F22Q20136793,6,1
F22Q10269025,14,0
F23Q10158576,21,0
F22Q40107937,22,0
F23Q10097651,12,1
F22Q40069410,12,1
F22Q10175897,16,0
F23Q20135306,13,0
F23Q30151917,13,0
F23Q30188970,17,0
F23Q10121062,18,0
F23Q30076594,17,0
F23Q20239261,9,1
F22Q10054494,9,1
F23Q10120108,21,0
F23Q30094589,18,0
F22Q10124992,8,1
F23Q20120948,22,0
F22Q20280459,5,1
F23Q10160826,12,1
F22Q10577914,10,1
F22Q20088055,20,0
F23Q30233126,6,1
F22Q40169980,23,0
F22Q40090691,12,1
F22Q20294348,9,1
F22Q10118743,22,0
F22Q40014445,24,0
F22Q20280278,11,1
F22Q20339030,8,1
F22Q10090810,4,1
F23Q10020515,11,1
F23Q20146359,12,1
F22Q10040940,20,0
F23Q30026268,14,0
F22Q20143447,20,0
F22Q40190211,18,0
F22Q20190048,9,1
F22Q30252439,19,0
F23Q30208524,16,0
F22Q10365784,11,1
F22Q10538222,7,1
F23Q10034613,23,0
F22Q30181372,18,0
F22Q20343857,8,1
F23Q20032127,10,1
F23Q20085174,7,1
F22Q20126443,23,0
F23Q20139551,19,0
F22Q30236524,21,0
F22Q40192655,11,1
F22Q10243227,5,1
F23Q20276314,16,0
F23Q10061130,7,1
F22Q20229750,15,0
F22Q30112620,23,0
F23Q20039009,21,0
F22Q10514259,13,0
F23Q20156947,16,0
F22Q30289573,3,1
F22Q40114119,24,0
F22Q30313907,5,1
F22Q20172815,19,0
F22Q10141188,13,0
F22Q40208737,24,0
F23Q30240930,17,0
F22Q20233022,24,0
F23Q20204329,4,1
F22Q30134370,23,0
F22Q10542370,5,1
F22Q10267757,24,0
F22Q20109625,10,1
F22Q10011892,17,0
F23Q10175846,5,1
F22Q10440914,15,0
F22Q30148037,22,0
F22Q30157870,19,0
F22Q10535027,10,1
F22Q10432985,6,1
F22Q20347010,19,0
F22Q30027282,3,1
F22Q40146189,20,0
F23Q20076024,17,0
F23Q10072667,20,0
F23Q20224287,21,0
F22Q30013942,10,1
F22Q10223028,20,0
F22Q20199991,14,0
F23Q10012109,17,0
F23Q30228438,14,0
F22Q40161119,11,1
F23Q30259026,23,0
F22Q20064650,23,0
F22Q10397431,9,1
F23Q30255719,10,1
F22Q10106562,14,0
F22Q10177373,17,0
F22Q30279700,16,0
F22Q20252206,23,0
F23Q10103673,8,1
F22Q20021305,3,1
F22Q40005964,24,0
F23Q20250556,19,0
F22Q10104199,24,0
F22Q10358914,19,0
F22Q40112899,18,0
F22Q10465638,8,1
F22Q20266062,18,0
F22Q40184697,24,0
F22Q10354943,21,0
F22Q20389953,24,0
F23Q10142842,18,0
F23Q30038724,17,0
F23Q30140698,16,0
F22Q20197061,20,0
F23Q20242075,13,0
F23Q20061138,18,0
F23Q10137212,22,0
F23Q10152497,20,0
F22Q20255235,9,1
F23Q10069122,18,0
F23Q20005731,7,1
F23Q30094349,19,0
F23Q10146387,7,1
F22Q20119576,17,0
F23Q30110749,20,0
F22Q20223177,14,0
F22Q20330986,6,1
F22Q10387927,22,0
F22Q20010545,6,1
F22Q10334678,5,1
F22Q10531877,16,0
F22Q10516260,16,0
F22Q40082772,23,0
F22Q40043041,4,1
F23Q20004736,15,0
F22Q30132415,16,0
F22Q20014841,23,0
F22Q40043778,8,1
F22Q10271709,3,1
F22Q10463107,11,1
F22Q20033560,6,1
F22Q10173239,5,1
F23Q20265953,20,0
F22Q10463348,13,0
F22Q30327026,20,0
F22Q10076462,7,1
F23Q10160188,24,0
F22Q40045015,8,1
F22Q40193856,13,0
F22Q10204150,9,1
F22Q20324477,14,0
F22Q40123773,24,0
F23Q10076513,9,1
F22Q10417935,16,0
F22Q30229485,22,0
F22Q30277076,10,1
F22Q20297253,20,0
F22Q10511388,7,1
F23Q10077341,20,0
F22Q30013550,7,1
F22Q20052957,18,0
F22Q30170330,22,0
F22Q20382105,13,0
F22Q20173814,21,0
F23Q30122839,13,0
F23Q30011876,10,1
F22Q10386781,4,1
F22Q30267488,21,0
F22Q10167165,22,0
F22Q30096440,19,0
F22Q30240174,18,0
F22Q20145949,20,0
F22Q20341810,24,0
F22Q10144002,22,0
F22Q30090596,21,0
F23Q20238557,23,0
F22Q10488091,15,0
F23Q10044740,15,0
F23Q20170106,11,1
F22Q20106404,8,1
F22Q10355285,9,1
F23Q30251267,10,1
F22Q40184109,21,0
F22Q40071391,9,1
F22Q10579742,5,1
F22Q30157603,5,1
F23Q30006860,4,1
F23Q10123669,13,0
F22Q10244331,17,0
F22Q10525903,12,1
F22Q40202397,12,1
F22Q10072835,22,0
F22Q10505280,6,1
F22Q10404855,4,1
F22Q30005311,12,1
F22Q10179837,16,0
F23Q30205516,15,0
F23Q30211071,15,0
F22Q40132512,21,0
F22Q20285755,12,1
F22Q10365452,20,0
F23Q30085722,23,0
F22Q10109279,22,0
F22Q20323186,24,0
F23Q20002692,16,0
F23Q20052473,13,0
F23Q20011139,15,0
F22Q20379859,14,0
F22Q30242738,4,1
F22Q10117910,10,1
F22Q30121835,13,0
F23Q30058272,15,0
F22Q10058741,6,1
F23Q30190020,7,1
F23Q20225491,17,0
F22Q30122547,24,0
F22Q40109492,21,0
F23Q30055429,6,1
F22Q30189534,4,1
F22Q20135102,14,0
F22Q30163240,7,1
F22Q30065143,12,1
F22Q40182219,14,0
F22Q20133299,6,1
F22Q40172605,13,0
F22Q10138238,22,0
F22Q20086995,15,0
F22Q20414014,3,1
F22Q20033360,14,0
F23Q30259315,15,0
F22Q30042328,3,1
F22Q20026703,11,1
F22Q20391461,23,0
F23Q20079440,20,0
F22Q20316820,3,1
F23Q20102915,5,1
F22Q10431098,4,1
F22Q20104954,4,1
F22Q30311816,23,0
F22Q40177818,14,0
F23Q10152619,4,1
F22Q20306888,7,1
F23Q30248404,12,1
F22Q10394361,5,1
F23Q30153325,12,1
F22Q30101953,7,1
F23Q30120444,13,0
F23Q30244103,15,0
F22Q10250093,7,1
F22Q40147477,23,0
F22Q40001644,13,0
F23Q20213405,15,0
F22Q30205237,21,0
F22Q40003958,24,0
F22Q40177809,21,0
F22Q30254910,10,1
F23Q30082139,20,0
F22Q30179753,5,1
F22Q20149115,18,0
F23Q10050278,8,1
F22Q30162173,18,0
F23Q20022462,15,0
F23Q30234122,5,1
F22Q30034380,24,0
F23Q30034936,22,0
F22Q10230146,17,0
F22Q10576372,22,0
F23Q30004672,5,1
F22Q20325757,6,1
F22Q10117906,9,1
F23Q30097841,21,0
F23Q20123867,6,1
F22Q40044302,14,0
F23Q30171376,5,1
F23Q10016661,18,0
F23Q20130148,18,0
F22Q20132745,17,0
F23Q20169878,17,0
F23Q30230149,17,0
F23Q10162513,9,1
F22Q20347470,4,1
F22Q20306870,7,1
F22Q10446006,10,1
F22Q40073416,4,1
F22Q20389335,11,1
F22Q20290148,23,0
F22Q30285288,16,0
F23Q20265638,6,1
F23Q10033099,9,1
F22Q30215429,15,0
F22Q10266674,9,1
F22Q40127773,24,0
F23Q10046404,24,0
F22Q30010915,24,0
F22Q10043474,5,1
F22Q10029066,7,1
F22Q20087473,13,0
F23Q10069435,3,1
F23Q10033568,8,1
F22Q10276911,23,0
F22Q30144193,16,0
F22Q20301556,20,0
F22Q10161247,17,0
F23Q30235107,14,0
F22Q10238223,8,1
F22Q20074274,7,1
F22Q10393386,23,0
F22Q10507182,20,0
F22Q20192200,15,0
F22Q30165013,16,0
F22Q30206835,12,1
F22Q10021466,6,1
F23Q20259112,12,1
F23Q10061162,18,0
F23Q20177183,20,0
F22Q10176370,15,0
F22Q10392105,12,1
F22Q10562587,6,1
F22Q10389226,18,0
F23Q10154315,19,0
F23Q20248718,23,0
F23Q10136355,19,0
F22Q10532423,14,0
F22Q20070084,21,0
F22Q20328081,15,0
F22Q10343968,11,1
F22Q30295402,10,1
F22Q20421211,6,1
F22Q40080675,19,0
F22Q10552124,15,0
F22Q30167263,12,1
F23Q10007644,16,0
F22Q20124201,19,0
F22Q20117786,19,0
F23Q20162078,20,0
F22Q10356792,14,0
F22Q20329194,5,1
F22Q20233964,20,0
F22Q20118097,6,1
F22Q40023559,3,1
F23Q30181913,12,1
F22Q20107521,22,0
F22Q10077182,11,1
F22Q30249719,9,1
F22Q20219732,18,0
F23Q20086581,17,0
F22Q20144701,13,0
F22Q30192945,4,1
F22Q30286117,17,0
F22Q10508841,19,0
F22Q30229407,3,1
F23Q20012067,24,0
F22Q30175129,4,1
F22Q10353690,19,0
F23Q30068513,15,0
F22Q30305699,22,0
F22Q30091746,16,0
F23Q30069895,22,0
F23Q30244660,15,0
F22Q10173849,23,0
F23Q30031914,16,0
F22Q10430245,3,1
F22Q30025079,23,0
F22Q40026166,23,0
F22Q30313429,18,0
F22Q10528304,10,1
F22Q20368541,13,0
F23Q30062404,24,0
F22Q20123932,9,1
F23Q30046378,12,1
F22Q10203377,21,0
F22Q20333062,13,0
F23Q10168489,23,0
F22Q10460363,11,1
F22Q40176538,20,0
F23Q10163325,18,0
F22Q40070995,12,1
F22Q30171219,5,1
F23Q10152272,16,0
F23Q20031096,5,1
F22Q30167209,14,0
F23Q20103519,23,0
F22Q10403138,13,0
F22Q10102440,10,1
F23Q30010103,12,1
F23Q20066986,13,0
F23Q20104193,11,1
F23Q20180722,19,0
F22Q20283932,16,0
F22Q40054846,14,0
F22Q20168629,8,1
F22Q20355181,23,0
F22Q30169119,20,0
F22Q40098360,20,0
F23Q30186302,5,1
F22Q30115984,24,0
F23Q30127309,14,0
F22Q30108552,12,1
F22Q10534640,5,1
F23Q20238596,22,0
F22Q20264953,4,1
F22Q40062010,15,0
F22Q20331418,20,0
F22Q20410392,5,1
F23Q30068905,11,1
F22Q20316288,23,0
F23Q20090955,22,0
F22Q40045481,20,0
F22Q20028953,24,0
F23Q10046460,19,0
F22Q40061379,24,0
F22Q20108975,18,0
F23Q10181405,24,0
F23Q30045812,6,1
F23Q20053561,6,1
F22Q20350237,20,0
F22Q10440281,23,0
F23Q10132314,19,0
F22Q30103810,9,1
F22Q20400525,12,1
F23Q30246132,15,0
F22Q20343135,22,0
F23Q30173902,20,0
F23Q10172582,22,0
F23Q20081951,23,0
F22Q10232506,10,1
F23Q20239567,14,0
F22Q20264765,5,1
F23Q20264910,22,0
F22Q10364607,6,1
F22Q20133618,8,1
F22Q20126124,17,0
F22Q20240133,9,1
F22Q30033875,21,0
F22Q30085753,12,1
F22Q40192701,14,0
F22Q30092776,5,1
F23Q30194553,23,0
F23Q30140938,18,0
F23Q10170833,11,1
F22Q10008309,15,0
F22Q20280181,15,0
F22Q20100636,13,0
F22Q20159967,21,0
F22Q10584300,5,1
F22Q20137753,9,1
F22Q30017955,19,0
F22Q20230565,6,1
F23Q20020926,18,0
F23Q30125720,19,0
F22Q20015004,11,1
F22Q20207196,22,0
F22Q10280344,16,0
F22Q10266687,14,0
F22Q30245202,13,0
F22Q10411341,22,0
F22Q20334546,16,0
F22Q10153073,8,1
F22Q40053650,12,1
F22Q10180631,4,1
F22Q20121018,8,1
F22Q40073219,16,0
F23Q30262805,10,1
F22Q20154829,6,1
F22Q30303091,17,0
F22Q10485667,22,0
F22Q20399582,7,1
F23Q10009909,21,0
F23Q20021313,18,0
F22Q40055374,24,0
F22Q30128787,6,1
F22Q30335364,21,0
F22Q30272553,16,0
F23Q10006035,23,0
F22Q40194062,21,0
F22Q20281680,23,0
F22Q30119840,9,1
F23Q20164211,24,0
F22Q20326339,9,1
F22Q20386186,15,0
F22Q10407392,3,1
F23Q10043323,4,1
F23Q30046048,7,1
F22Q10108274,17,0
F23Q30090639,18,0
F22Q30184722,17,0
F22Q20044362,13,0
F22Q10323951,7,1
F22Q10328258,6,1
F23Q20139320,9,1
F22Q10210490,20,0
F22Q40096744,20,0
F23Q20257092,17,0
F22Q30263599,15,0
F22Q40156152,5,1
F22Q20017138,3,1
F22Q40106248,17,0
F22Q20326285,15,0
F23Q30195841,10,1
F23Q10065028,18,0
F22Q20354841,12,1
F22Q40119054,6,1
F23Q20235716,7,1
F22Q30229050,12,1
F22Q30073461,11,1
F22Q10096110,10,1
F22Q20093578,5,1
F23Q10057845,20,0
F22Q10170268,7,1
F22Q30145073,16,0
F22Q20284695,18,0
F22Q20170060,15,0
F22Q20434166,19,0
F23Q10051968,14,0
F23Q30051182,15,0
F22Q40162659,4,1
F22Q30200487,12,1
F22Q10347069,12,1
F22Q20433927,14,0
F22Q10093103,23,0
F22Q20110884,21,0
F22Q30012216,9,1
F22Q20065041,4,1
F22Q20438440,15,0
F22Q30228361,21,0
F22Q20351375,9,1
F22Q40027596,7,1
F23Q20095270,17,0
F23Q10119304,15,0
F22Q20184649,12,1
F22Q30282625,8,1
F22Q30034186,6,1
F23Q20196622,19,0
F22Q20046180,19,0
F22Q20137881,3,1
F22Q40105901,21,0
F22Q40057852,7,1
F23Q10155441,20,0
F23Q20098728,6,1
F22Q20246241,21,0
F22Q20395112,24,0
F23Q30136716,18,0
F22Q40103688,17,0
F23Q30218578,17,0
F22Q30009660,6,1
F22Q20384119,19,0
F22Q20344145,7,1
F22Q10386097,10,1
F23Q20051712,19,0
F22Q20061958,16,0
F22Q40105873,18,0
F22Q20308241,9,1
F22Q30242563,19,0
F23Q30090834,7,1
F23Q10116952,15,0
F23Q10183812,14,0
F23Q30226575,17,0
F23Q10121968,23,0
F23Q30015630,16,0
F22Q40036975,7,1
F22Q30278892,21,0
F23Q20228494,7,1
F22Q10154007,19,0
F22Q30278242,21,0
F22Q30222573,10,1
F23Q30136260,17,0
F22Q20119131,21,0
F22Q10523086,19,0
F22Q10534710,22,0
F22Q30105645,4,1
F23Q30178053,6,1
F22Q40129467,19,0
F23Q20234440,18,0
F23Q30091053,10,1
F22Q10017687,16,0
F22Q10255947,8,1
F22Q20396865,23,0
F23Q10055359,15,0
F23Q20076630,13,0
F23Q30123925,14,0
F23Q20212966,6,1
F22Q20100328,11,1
F22Q30273459,13,0
F22Q30168931,24,0
F22Q10515263,10,1
F23Q10007426,4,1
F22Q30289319,16,0
F22Q20118181,19,0
F22Q30028233,9,1
F22Q40056779,22,0
F23Q20042688,8,1
F22Q20127665,13,0
F23Q20008211,22,0
F22Q30210926,10,1
F23Q10131645,9,1
F22Q30125222,14,0
F22Q40157426,22,0
F22Q30182028,12,1
F23Q20057188,4,1
F22Q40210839,24,0
F23Q20033279,20,0
F22Q20256692,8,1
F22Q20034079,8,1
F22Q20308744,6,1
F22Q10525517,19,0
F22Q40066229,3,1
F22Q20012444,9,1
F22Q10203990,16,0
F22Q30118138,19,0
F22Q40199263,8,1
F22Q20391349,6,1
F22Q40104173,20,0
F22Q30135714,11,1
F22Q40168249,12,1
F22Q20291279,3,1
F23Q20183807,18,0
F22Q20268783,7,1
F22Q20048267,11,1
F23Q10065689,17,0
F23Q30193042,9,1
F22Q30250009,4,1
F22Q40109507,17,0
F22Q10215080,23,0
F22Q40100503,23,0
F23Q20050902,17,0
F22Q30111790,10,1
F22Q20209333,21,0
F22Q10026007,7,1
F22Q40154038,23,0
F22Q40218021,6,1
F22Q30311975,23,0
F23Q20151145,20,0
F22Q20335701,16,0
F22Q10437920,20,0
F22Q20280175,19,0
F22Q10331265,9,1
F22Q20219957,14,0
F22Q10434990,12,1
F22Q30055295,10,1
F22Q30198162,16,0
F23Q20248747,21,0
F22Q40011318,14,0
F22Q10507311,12,1
F23Q10084662,14,0
F22Q10500990,7,1
F23Q20141916,24,0
F22Q40069431,16,0
F22Q10241887,11,1
F22Q30182628,19,0
F23Q30115770,23,0
F22Q10389141,20,0
F23Q20265513,9,1
F22Q20069225,15,0
F22Q20264368,6,1
F22Q30006226,15,0
F23Q10111415,5,1
F22Q30062141,19,0
F23Q20009029,19,0
F23Q30065680,16,0
F22Q20026859,6,1
F22Q10128781,15,0
F22Q20051925,17,0
F22Q20386499,17,0
F23Q20008113,16,0
F23Q30116010,12,1
F22Q20209673,13,0
F23Q20236653,5,1
F22Q10349471,21,0
F23Q10069888,11,1
F22Q10302283,12,1
F22Q30248270,7,1
F22Q40212215,7,1
F22Q20206950,11,1
F22Q20260313,18,0
F22Q10009847,3,1
F23Q20021101,10,1
F22Q30311372,5,1
F22Q40157003,21,0
F23Q30179400,22,0
F22Q20120907,14,0
F22Q10346805,8,1
F23Q10077442,19,0
F22Q20202511,16,0
F22Q40107227,6,1
F22Q20042209,18,0
F22Q30292193,3,1
F22Q30011090,20,0
F22Q40069560,9,1
F23Q20054627,5,1
F23Q10077689,8,1
F23Q10052460,7,1
F22Q10504098,13,0
F22Q20264089,4,1
F23Q30188591,15,0
F23Q30227169,20,0
F22Q20149270,14,0
F22Q20105230,3,1
F22Q10242397,10,1
F22Q40140760,18,0
F23Q20029899,16,0
F23Q10060132,15,0
F23Q10064804,20,0
F22Q10209460,7,1
F23Q20239814,18,0
F22Q10488063,10,1
F22Q20381040,4,1
F22Q40202592,22,0
F22Q40040592,3,1
F23Q30218836,17,0
F22Q20265529,20,0
F22Q10476457,9,1
F22Q30175366,5,1
F22Q40087671,4,1
F22Q30190647,5,1
F22Q20402436,24,0
F22Q20281327,9,1
F22Q40170488,4,1
F22Q30015070,16,0
F22Q10155817,19,0
F22Q30314557,22,0
F23Q20150602,11,1
F23Q30075231,16,0
F23Q30022106,18,0
F22Q20255593,21,0
F22Q10327459,16,0
F22Q20264656,6,1
F22Q10022116,9,1
F22Q10008763,15,0
F23Q30051738,12,1
F23Q20078095,17,0
F22Q20201653,6,1
F22Q10005289,24,0
F22Q30046137,18,0
F22Q20347845,16,0
F22Q20038341,12,1
F22Q20191610,22,0
F22Q10087197,12,1
F22Q40207006,24,0
F23Q10071064,3,1
F22Q10493285,20,0
F22Q10352598,13,0
F22Q10169135,11,1
F23Q30205111,5,1
F22Q40095689,16,0
F22Q10545839,15,0
F22Q10478770,18,0
F22Q10350447,20,0
F22Q20196239,17,0
F22Q40132332,4,1
F23Q20193012,15,0
F23Q20010368,23,0
F22Q40159207,20,0
F23Q30103931,10,1
F22Q40076359,6,1
F23Q20096335,19,0
F22Q40077283,24,0
F23Q20063620,10,1
F23Q30206106,23,0
F22Q10029791,10,1
F23Q10026489,21,0
F22Q20396850,14,0
F22Q30051453,21,0
F23Q20143416,7,1
F23Q20241693,17,0
F22Q30073005,16,0
F22Q10089127,24,0
F22Q20264624,14,0
F23Q30028090,16,0
F23Q30234825,15,0
F22Q20031441,16,0
F22Q20164654,9,1
F23Q30043058,20,0
F23Q10149844,22,0
F22Q20084131,19,0
F22Q40073206,7,1
F22Q10107212,11,1
F23Q30071839,13,0
F22Q30331156,16,0
F22Q30211398,17,0
F22Q30105216,16,0
F22Q20134435,21,0
F22Q10535760,20,0
F22Q20030232,15,0
F23Q10117697,6,1
F22Q10451810,10,1
F22Q40033633,20,0
F22Q30044350,5,1
F22Q20050185,22,0
F22Q30029029,17,0
F22Q10536602,24,0
F22Q20107553,20,0
F22Q10399155,20,0
F22Q30134986,21,0
F23Q20034400,14,0
F22Q30319568,20,0
F22Q30179160,14,0
F22Q10169921,10,1
F22Q30331292,14,0
F23Q20051639,17,0
F22Q20070013,22,0
F22Q40042102,16,0
F22Q30194141,6,1
F23Q20153669,21,0
F22Q30203575,15,0
F22Q10431449,12,1
F22Q30254233,22,0
F22Q30215120,23,0
F23Q30184468,12,1
F22Q40106514,9,1
F23Q10066236,20,0
F22Q10469654,21,0
F23Q10146679,19,0
F22Q30064216,21,0
F22Q40045244,14,0
F22Q40008020,12,1
F23Q10067467,22,0
F22Q30157352,16,0
F23Q30189951,7,1
F23Q10021808,8,1
F23Q10170387,13,0
F22Q30192719,9,1
F22Q20321926,24,0
F23Q10087181,13,0
F23Q20245748,10,1
F23Q10059009,21,0
F22Q20113562,19,0
F23Q30005044,5,1
F23Q30029939,15,0
F22Q30261971,7,1
F22Q20428671,14,0
F22Q10082589,10,1
F23Q20115002,5,1
F22Q20403356,21,0
F22Q40126450,24,0
F23Q10032684,10,1
F22Q20180914,12,1
F22Q10247542,12,1
F22Q20267829,8,1
F23Q30158813,20,0
F22Q20061826,15,0
F22Q10479068,18,0
F22Q10130223,14,0
F23Q20182191,20,0
F23Q30163944,24,0
F22Q20274604,5,1
F22Q30221026,4,1
F23Q20075105,4,1
F22Q20282313,13,0
F22Q10107853,9,1
F22Q30319797,14,0
F22Q40027584,16,0
F23Q30073151,16,0
F22Q10071673,15,0
F22Q10458508,8,1
F22Q40176190,20,0
F22Q10556958,23,0
F22Q30101479,22,0
F23Q20007668,19,0
F22Q10454077,18,0
F23Q30120639,15,0
F22Q10280735,7,1
F22Q20273776,5,1
F22Q30110529,14,0
F22Q30177657,11,1
F22Q40088967,7,1
F22Q10156378,11,1
F22Q40040828,16,0
F23Q30004860,13,0
F22Q40162117,5,1
F22Q20267106,23,0
F22Q30326585,5,1
F22Q10111414,19,0
F22Q20287524,23,0
F22Q40021564,20,0
F22Q40027296,16,0
F23Q20061344,24,0
F23Q10145185,9,1
F22Q30184073,19,0
F22Q30213818,15,0
F23Q30076776,6,1
F23Q30077247,24,0
F22Q10397227,5,1
F23Q10050119,18,0
F22Q10430909,8,1
F23Q30087630,17,0
F23Q20184810,21,0
F22Q10538257,10,1
F22Q30055730,16,0
F23Q20034122,22,0
F22Q30214659,8,1
F22Q30066764,20,0
F23Q10096602,22,0
F22Q40129836,4,1
F22Q20051876,21,0
F22Q30071033,24,0
F23Q20125608,14,0
F23Q20191978,19,0
F22Q20359847,13,0
F22Q10547737,8,1
F23Q20204782,19,0
F22Q40060794,20,0
F22Q20247766,10,1
F23Q10126720,5,1
F22Q20371942,20,0
F22Q20210985,23,0
F22Q30210697,18,0
F22Q20099451,23,0
F22Q30261754,4,1
F22Q10380425,18,0
F22Q30286425,15,0
F23Q30236768,20,0
F22Q40143739,20,0
F22Q30335526,9,1
F22Q20180342,16,0
F22Q20398357,6,1
F22Q20126415,7,1
F22Q30092236,22,0
F22Q30179448,5,1
F22Q30265530,22,0
F22Q20300795,4,1
F22Q30111204,4,1
F23Q20176148,24,0
F22Q30083869,24,0
F22Q20093595,19,0
F22Q20137539,24,0
F22Q20238778,8,1
F22Q20425715,5,1
F22Q20158826,12,1
F22Q40171525,14,0
F23Q30157481,3,1
F23Q10168428,14,0
F22Q10555117,15,0
F22Q30139694,17,0
F22Q10130240,18,0
F22Q30035280,23,0
F22Q30102325,4,1
F22Q40064631,23,0
F23Q10167159,8,1
F23Q30113731,3,1
F23Q30150440,21,0
F23Q30253106,22,0
F22Q30118467,20,0
F23Q30004684,13,0
F22Q20163784,7,1
F22Q40173160,21,0
F22Q30259339,15,0
F22Q40036210,3,1
F22Q20166336,24,0
F22Q40197322,15,0
F22Q30121288,5,1
F22Q10237180,10,1
F22Q10075371,13,0
F22Q10519356,11,1
F22Q20265097,10,1
F22Q20223267,16,0
F22Q20110860,18,0
F23Q10105619,22,0
F23Q10008769,14,0
F22Q30249177,12,1
F22Q10453373,21,0
F22Q10232099,10,1
F22Q10026920,23,0
F23Q10055065,19,0
F23Q20270738,16,0
F23Q10142871,19,0
F23Q10104666,6,1
F22Q30141826,16,0
F23Q30152391,13,0
F22Q10181048,22,0
F23Q30228840,15,0
F23Q30036059,13,0
F22Q20381629,8,1
F23Q30207072,14,0
F22Q30043760,22,0
F22Q10008583,3,1
F22Q30042596,7,1
F23Q20101182,5,1
F22Q10300143,17,0
F22Q10496501,16,0
F22Q10517895,8,1
F22Q20164088,24,0
F22Q10571955,21,0
F23Q30243149,14,0
F22Q30076390,5,1
F22Q10416031,20,0
F22Q40085767,3,1
F23Q20164589,24,0
F23Q10082673,17,0
F22Q10416783,23,0
F22Q30132265,4,1
F22Q10183648,8,1
F22Q10344243,3,1
F22Q30274490,20,0
F22Q20303197,18,0
F22Q10202766,7,1
F22Q10122440,17,0
F23Q30173383,10,1
F23Q30226139,16,0
F22Q10564275,19,0
F22Q20412029,24,0
F22Q20010721,18,0
F22Q20292816,5,1
F23Q30207831,16,0
F23Q20212982,9,1
F23Q10134973,11,1
F22Q20198817,14,0
F22Q20204340,7,1
F22Q20406854,3,1
F22Q10295255,22,0
F23Q10154739,21,0
F22Q10447114,23,0
F22Q20321925,19,0
F22Q30217427,18,0
F23Q30185590,6,1
F22Q30162137,23,0
F22Q30153390,3,1
F23Q20161841,23,0
F22Q20064773,11,1
F23Q20171991,14,0
F23Q10048013,18,0
F22Q30211410,6,1
F23Q30209820,15,0
F22Q40138766,19,0
F22Q40134054,20,0
F22Q10469279,3,1
F22Q10498721,22,0
F22Q40205087,8,1
F22Q30173875,21,0
F22Q10521763,8,1
F22Q20047256,18,0
F22Q30043971,10,1
F22Q20330230,17,0
F22Q30062964,13,0
F23Q10109409,10,1
F22Q10429375,21,0
F22Q10177113,5,1
F22Q10462450,20,0
F23Q10162131,22,0
F22Q10273716,5,1
F23Q30188856,5,1
F22Q30260583,18,0
F22Q10255627,3,1
F22Q40027518,19,0
F22Q40195409,17,0
F23Q30195497,9,1
F22Q20136388,15,0
F22Q30016831,23,0
F22Q10344571,5,1
F23Q20149031,20,0
F22Q20014988,9,1
F22Q30154207,4,1
F23Q10009426,20,0
F22Q30300093,15,0
F22Q20364246,5,1
F22Q30307833,8,1
F23Q30160365,21,0
F23Q20221613,21,0
F23Q10156248,22,0
F22Q30159278,15,0
F22Q10528528,23,0
F22Q10115193,10,1
F23Q20090274,24,0
F22Q10241409,5,1
F23Q20042015,21,0
F22Q10009091,7,1
F22Q30014203,11,1
F22Q10419020,3,1
F23Q10057325,3,1
F22Q20079180,3,1
F23Q10105884,8,1
F22Q10381119,19,0
F22Q30264293,5,1
F22Q10314952,15,0
F23Q10130374,6,1
F23Q10013715,10,1
F23Q10162198,11,1
F22Q10114846,10,1
F22Q20251243,17,0
F23Q10068186,8,1
F23Q10165216,5,1
F23Q30006310,22,0
F22Q40193627,24,0
F22Q20006143,10,1
F22Q20329711,12,1
F23Q20056648,13,0
F22Q10257552,9,1
F22Q20381087,14,0
F22Q10427560,18,0
F22Q40047565,14,0
F23Q20223449,3,1
F22Q40113103,21,0
F23Q10096714,7,1
F23Q10051830,22,0
F22Q30002131,3,1
F23Q20018423,15,0
F23Q20043050,15,0
F22Q20380174,23,0
F22Q20367830,12,1
F22Q40180384,17,0
F22Q20328594,14,0
F23Q20040183,11,1
F23Q20164066,23,0
F23Q20115072,16,0
F22Q30227308,10,1
F23Q10113791,14,0
F23Q20200632,23,0
F23Q20248355,22,0
F22Q30229638,14,0
F22Q10057135,12,1
F22Q40202208,9,1
F22Q40042343,22,0
F22Q40061432,20,0
F23Q20266674,6,1
F22Q20330987,15,0
F22Q30003043,12,1
F22Q30006094,20,0
F23Q20104003,13,0
F22Q30072182,11,1
F23Q10112946,19,0
F23Q20068288,3,1
F22Q10368645,6,1
F22Q10043902,21,0
F22Q30155310,11,1
F22Q30135667,18,0
F23Q30248739,23,0
F23Q20250414,20,0
F22Q10197937,24,0
F22Q40043551,12,1
F23Q30243952,6,1
F22Q10348911,10,1
F22Q40210122,10,1
F23Q20030382,4,1
F22Q40102740,17,0
F23Q10072864,8,1
F22Q30078786,18,0
F22Q20216631,16,0
F22Q10301837,9,1
F23Q20150561,16,0
F23Q30152650,21,0
F22Q20356334,23,0
F22Q30282950,24,0
F23Q30194209,7,1
F23Q10166939,18,0
F22Q20169390,15,0
F23Q20175724,12,1
F23Q10106209,16,0
F22Q30225864,15,0
F22Q30291588,6,1
F22Q10133880,17,0
F22Q20159366,23,0
F22Q40169682,17,0
F23Q20186745,4,1
F22Q10531142,8,1
F22Q20393909,24,0
F22Q30267844,9,1
F22Q30173829,8,1
F22Q20334469,3,1
F23Q20271240,19,0
F23Q10073450,23,0
F22Q10265673,11,1
F22Q10244555,20,0
F22Q20035619,16,0
F22Q40123636,18,0
F22Q10410518,21,0
F22Q10422797,7,1
F22Q20204914,15,0
F23Q10153350,9,1
F23Q30040127,21,0
F23Q30246873,3,1
F22Q10256207,24,0
F22Q10332997,24,0
F22Q20373294,15,0
F23Q30177384,12,1
F23Q30142685,16,0
F22Q20078396,20,0
F23Q10077185,15,0
F22Q20335184,6,1
F23Q20011331,20,0
F23Q10138518,16,0
F23Q20249201,15,0
F22Q30001338,9,1
F22Q10186578,7,1
F23Q30077268,20,0
F23Q20259413,14,0
F22Q40025797,22,0
F22Q20288813,17,0
F22Q20384143,13,0
F23Q10049151,23,0
F23Q20064998,21,0
F22Q20052310,14,0
F23Q10034175,12,1
F23Q10078881,14,0
F23Q10095959,8,1
F22Q40184650,21,0
F22Q20269965,14,0
F22Q10196075,9,1
F22Q20381282,12,1
F22Q30068087,16,0
F23Q20240902,9,1
F22Q40050713,11,1
F22Q20009323,13,0
F23Q20221149,22,0
F22Q30186676,5,1
F23Q10052853,16,0
F22Q20084598,21,0
F22Q10108123,19,0
F23Q30045617,6,1
F23Q20198477,18,0
F22Q30313221,24,0
F22Q20075487,6,1
F22Q30237682,21,0
F23Q30084138,24,0
F22Q20321303,22,0
F22Q20373642,6,1
F23Q10157611,17,0
F22Q40104596,13,0
F22Q30206826,10,1
F22Q40115022,22,0
F22Q20215546,7,1
F23Q30070193,9,1
F23Q10114034,22,0
F22Q20347103,4,1
F22Q10220853,23,0
F22Q40055981,24,0
F23Q20091793,14,0
F22Q10190539,8,1
F22Q10088518,16,0
F22Q30102702,15,0
F22Q20038791,19,0
F22Q40043542,13,0
F23Q20036925,21,0
F22Q10534724,3,1
F23Q20026361,21,0
F22Q30162904,7,1
F22Q20093348,24,0
F22Q20098574,16,0
F22Q20392419,7,1
F23Q20264034,23,0
F22Q20041725,19,0
F23Q20215225,15,0
F23Q30135654,20,0
F23Q30004180,9,1
F22Q10575197,11,1
F22Q30152104,12,1
F22Q30334703,11,1
F23Q30087819,20,0
F22Q10054839,11,1
F22Q20113030,24,0
F22Q20156717,5,1
F23Q20076406,16,0
F23Q20117237,21,0
F22Q40198480,4,1
F23Q10158477,19,0
F22Q10097046,19,0
F22Q30071071,18,0
F23Q30168107,17,0
F23Q20160843,18,0
F22Q10313486,13,0
F22Q10319894,17,0
F23Q10048870,24,0
F22Q30259386,16,0
F22Q20413631,3,1
F22Q30222045,8,1
F22Q10193346,9,1
F23Q20089594,9,1
F22Q10193026,3,1
F22Q30100087,3,1
F22Q10501749,8,1
F22Q20044759,16,0
F22Q40216324,21,0
F22Q10184666,15,0
F22Q40030736,3,1
F23Q30117633,8,1
F22Q10150945,18,0
F22Q20414536,13,0
F22Q30017923,15,0
F22Q20187886,24,0
F22Q30332578,3,1
F22Q10318462,18,0
F23Q30164367,16,0
F22Q10161204,17,0
F22Q30151966,12,1
F22Q10519047,4,1
F22Q40011555,8,1
F22Q20371805,18,0
F23Q30209649,14,0
F23Q10159576,16,0
F22Q40215900,6,1
F22Q20323382,7,1
F23Q30155770,18,0
F22Q40179101,17,0
F23Q20271922,21,0
F22Q10576316,23,0
F22Q20004953,20,0
F23Q20201821,19,0
F22Q20374011,18,0
F23Q30176857,18,0
F23Q10163507,18,0
F22Q20156467,19,0
F22Q10258466,20,0
F22Q40069973,19,0
F23Q20031922,6,1
F22Q10048743,10,1
F22Q20058745,12,1
F23Q20152886,16,0
F22Q10129914,13,0
F22Q30135359,17,0
F22Q10008648,14,0
F22Q40193481,7,1
F23Q20054297,17,0
F23Q30174793,21,0
F22Q10159331,4,1
F23Q10109207,17,0
F23Q10004969,22,0
F23Q20114427,19,0
F22Q30157170,24,0
F22Q20403822,16,0
F23Q20136763,6,1
F22Q10136327,23,0
F22Q20193629,24,0
F23Q20020045,16,0
F23Q10184050,14,0
F22Q10199333,22,0
F22Q40009959,18,0
F22Q40198125,21,0
F22Q20191651,11,1
F22Q30245044,17,0
F22Q20140173,20,0
F22Q30156959,13,0
F23Q10084788,5,1
F22Q10240310,21,0
F22Q40032367,19,0
F22Q10498824,4,1
F23Q10121005,19,0
F22Q10340680,19,0
F23Q20094655,6,1
F22Q10265681,15,0
F23Q10098207,15,0
F22Q10256581,22,0
F22Q30219543,3,1
F22Q10486458,17,0
F22Q20244630,18,0
F22Q20330326,22,0
F22Q30289865,5,1
F22Q20384393,8,1
F22Q30025884,10,1
F22Q30154287,24,0
F23Q20261920,13,0
F22Q30048295,23,0
F22Q20269105,15,0
F22Q20150460,11,1
F22Q10201628,17,0
F22Q20431088,16,0
F22Q40103433,17,0
F22Q20234952,16,0
F22Q20136414,10,1
F22Q10273642,8,1
F22Q20325795,4,1
F23Q20109648,19,0
F23Q20272521,15,0
F22Q10475692,19,0
F22Q30239581,23,0
F22Q10567351,19,0
F22Q10296625,10,1
F22Q40037930,23,0
F22Q20354326,3,1
F22Q30010096,4,1
F22Q20369375,17,0
F22Q10172135,17,0
F22Q40038786,5,1
F23Q30081363,16,0
F22Q40181368,18,0
F22Q20047299,8,1
F23Q20131939,21,0
F22Q10530511,16,0
F23Q20251573,14,0
F22Q10126584,20,0
F22Q10448185,15,0
F22Q20023510,8,1
F23Q30024131,24,0
F22Q30244814,8,1
F22Q20274513,5,1
F22Q20026574,5,1
F22Q30070080,13,0
F22Q30282275,16,0
F23Q30228025,11,1
F22Q10468556,17,0
F22Q20048040,13,0
F22Q30254903,17,0
F22Q20307893,20,0
F22Q20182334,12,1
F22Q10394672,8,1
F22Q30034304,15,0
F22Q30041415,17,0
F23Q20142510,5,1
F22Q10195959,20,0
F22Q30135768,24,0
F22Q20135378,7,1
F22Q20168011,8,1
F23Q20199481,11,1
F22Q20314172,23,0
F22Q10265540,6,1
F23Q20011605,18,0
F22Q10155298,9,1
F23Q30029258,14,0
F23Q30044424,16,0
F22Q40033804,3,1
F22Q40158807,12,1
F23Q30197350,16,0
F23Q30004802,17,0
F22Q20055668,7,1
F22Q30189124,12,1
F22Q20203442,12,1
F23Q30074629,20,0
F22Q20203096,8,1
F22Q10185389,13,0
F22Q20161238,6,1
F23Q30030449,17,0
F22Q20195294,8,1
F23Q10011483,23,0
F22Q10019785,11,1
F22Q10027137,11,1
F22Q20366098,19,0
F22Q20081474,6,1
F23Q10005405,23,0
F22Q20353806,20,0
F22Q40077532,17,0
F23Q10113609,16,0
F22Q10182289,10,1
F23Q30108681,16,0
F22Q30303265,4,1
F22Q10532612,21,0
F22Q40087572,9,1
F22Q40015879,14,0
F22Q30244643,21,0
F22Q20023482,6,1
F22Q20055109,18,0
F23Q20095352,13,0
F23Q20026755,21,0
F22Q20364924,20,0
F22Q40157387,15,0
F22Q10513366,10,1
F22Q30085958,9,1
F23Q20197806,16,0
F23Q30061029,8,1
F22Q40193138,23,0
F22Q20133650,20,0
F23Q30039881,11,1
F22Q40212461,12,1
F23Q20133057,4,1
F22Q30111433,20,0
F23Q30023251,4,1
F22Q30263953,13,0
F23Q30033562,18,0
F22Q40183799,9,1
F22Q40017159,5,1
F23Q30194517,14,0
F22Q20029579,6,1
F23Q20031462,5,1
F23Q20066873,3,1
F22Q10132044,5,1
F22Q30258091,16,0
F23Q20183794,14,0
F23Q30232306,21,0
F23Q30150683,23,0
F22Q20041639,21,0
F23Q30218512,13,0
F23Q20017724,17,0
F23Q30227266,4,1
F22Q10386011,22,0
F22Q10410594,18,0
F23Q10075581,5,1
F23Q30039809,14,0
F22Q40210591,10,1
F22Q20310092,21,0
F22Q10354703,9,1
F22Q20263279,8,1
F22Q10119113,23,0
F22Q10382963,14,0
F22Q20195506,24,0
F23Q20126940,7,1
F23Q30092444,10,1
F22Q10019043,18,0
F22Q10129626,17,0
F22Q20318842,22,0
F22Q10046594,11,1
F22Q30294560,15,0
F22Q40069178,19,0
F22Q20285635,3,1
F23Q20075772,13,0
F22Q30196722,9,1
F23Q30024124,13,0
F22Q10469508,14,0
F22Q40027327,12,1
F22Q20324504,10,1
F22Q10447763,18,0
F23Q30202783,12,1
F23Q30021339,5,1
F22Q30305513,12,1
F23Q30167438,10,1
F22Q40127614,12,1
F23Q30180133,19,0
F22Q10431186,22,0
F22Q40084564,24,0
F22Q40167450,5,1
F22Q30076068,16,0
F22Q40075581,24,0
F22Q40205543,15,0
F23Q10140672,19,0
F22Q10218777,19,0
F22Q20320020,16,0
F22Q10091508,3,1
F22Q20426199,13,0
F22Q40215926,21,0
F23Q10081199,5,1
F23Q30201466,10,1
F22Q20122041,16,0
F22Q30065118,17,0
F23Q30260442,22,0
F23Q20081920,5,1
F22Q30028814,9,1
F23Q10016807,3,1
F22Q30183205,7,1
F22Q10346967,19,0
F22Q20161928,5,1
F22Q20137734,12,1
F22Q10045555,7,1
F22Q20052330,11,1
F22Q30236643,23,0
F22Q20208193,6,1
F23Q30091367,17,0
F23Q30251962,8,1
F23Q20146671,14,0
F22Q20226151,6,1
F22Q30180513,20,0
F22Q20067798,5,1
F22Q20264990,21,0
F22Q10234166,19,0
F22Q30180256,15,0
F22Q10378036,14,0
F22Q20004542,19,0
F22Q30237805,13,0
F22Q10315210,13,0
F22Q10514159,7,1
F23Q20017649,18,0
F22Q20114722,6,1
F22Q10110888,17,0
F23Q20216109,6,1
F23Q30114210,13,0
F23Q30185783,18,0
F22Q20396787,7,1
F23Q10055021,6,1
F23Q30044694,7,1
F22Q10421598,17,0
F22Q40010646,16,0
F22Q10435327,24,0
F22Q40211031,13,0
F22Q20362348,13,0
F22Q40154771,8,1
F22Q10368465,18,0
F23Q30249366,17,0
F22Q40166583,19,0
F23Q10011116,21,0
F23Q20020123,11,1
F22Q40047571,24,0
F23Q30232738,14,0
F22Q10115135,12,1
F23Q20106991,19,0
F22Q10428858,20,0
F23Q30099935,21,0
F23Q30079035,24,0
F22Q10270635,14,0
F22Q10083439,17,0
F22Q30287874,11,1
F22Q10390636,8,1
F22Q40136084,5,1
F23Q20083330,8,1
F22Q10109922,3,1
F22Q20294060,7,1
F22Q10520040,13,0
F23Q10044425,20,0
F22Q20222727,13,0
F23Q30136990,3,1
F22Q10469880,22,0
F22Q10574520,9,1
F22Q40184680,14,0
F22Q10082362,15,0
F22Q30055678,18,0
F23Q20175175,19,0
F23Q30098842,14,0
F23Q20165608,7,1
F22Q30179016,3,1
F23Q10111404,22,0
F22Q20126130,5,1
F23Q30219828,17,0
F22Q30243803,19,0
F22Q10141116,10,1
F23Q20010072,16,0
F22Q40045468,22,0
F22Q40097062,16,0
F22Q30146915,14,0
F23Q10020726,13,0
F22Q30069166,13,0
F22Q10183276,17,0
F23Q20263720,18,0
F23Q20078632,8,1
F23Q30119254,9,1
F22Q20247604,21,0
F22Q30178763,6,1
F22Q20289017,15,0
F23Q10008074,12,1
F22Q30103970,6,1
F22Q10106602,18,0
F22Q10281166,4,1
F22Q30064417,20,0
F22Q20143607,8,1
F23Q30138111,16,0
F23Q10026949,22,0
F23Q10128131,16,0
F22Q30075673,7,1
F22Q10112817,12,1
F22Q20119125,23,0
F22Q20238001,5,1
F22Q20170009,20,0
F23Q30032849,14,0
F22Q10249300,14,0
F23Q20245029,5,1
F22Q10135192,21,0
F22Q20416249,14,0
F22Q40023839,8,1
F22Q40083205,16,0
F22Q10354044,11,1
F22Q10559112,9,1
F23Q20105857,18,0
F22Q20189807,19,0
F23Q20004233,3,1
F22Q10486059,14,0
F23Q20273029,14,0
F22Q30088702,13,0
F22Q20264700,9,1
F22Q20048681,16,0
F23Q10006451,7,1
F23Q30097907,22,0
F22Q20320721,3,1
F22Q30006494,8,1
F23Q10092547,20,0
F22Q20274779,22,0
F22Q20110436,21,0
F22Q20237479,15,0
F22Q20288529,16,0
F22Q40054977,22,0
F22Q30102343,24,0
F23Q20043180,19,0
F22Q30126562,4,1
F22Q10299329,12,1
F23Q20146257,17,0
F22Q30046631,8,1
F23Q30016151,14,0
F22Q40148494,22,0
F22Q10141871,11,1
F22Q30095459,12,1
F22Q40048787,19,0
F23Q30236447,15,0
F23Q20011948,15,0
F23Q10033692,14,0
F22Q10400096,16,0
F22Q20237168,21,0
F22Q20160818,6,1
F22Q30039426,23,0
F22Q40192109,16,0
F22Q40168224,24,0
F22Q40002142,23,0
F22Q30049301,4,1
F22Q40010026,4,1
F23Q10185015,6,1
F22Q20223112,13,0
F22Q30269917,12,1
F22Q40035046,7,1
F23Q10009120,18,0
F22Q30184455,16,0
F22Q40020653,14,0
F23Q30209513,9,1
F23Q10111026,23,0
F22Q10479209,9,1
F22Q10194506,12,1
F22Q40177889,9,1
F22Q20163615,12,1
F22Q30186591,18,0
F22Q10383931,7,1
F22Q10365296,9,1
F23Q10052438,4,1
F22Q10377285,8,1
F22Q20131569,21,0
F22Q20380325,12,1
F22Q40141273,6,1
F22Q30159826,8,1
F22Q30273379,21,0
F22Q10351173,8,1
F22Q20380945,17,0
F22Q30169699,16,0
F23Q20088906,5,1
F22Q20341169,5,1
F23Q30228779,14,0
F22Q20045266,6,1
F22Q30188783,5,1
F22Q40124700,10,1
F23Q20064152,14,0
F22Q40060472,11,1
F22Q30132810,20,0
F22Q30282309,19,0
F22Q40076032,15,0
F23Q10002361,23,0
F23Q10041679,22,0
F22Q10392452,24,0
F23Q20259377,14,0
F23Q30112046,22,0
F22Q40121929,10,1
F22Q20270789,13,0
F23Q10111518,23,0
F23Q30125845,19,0
F22Q20354861,8,1
F22Q30330690,14,0
F23Q20209809,19,0
F22Q30329911,6,1
F22Q10408309,7,1
F23Q20182812,17,0
F22Q20185296,19,0
F22Q20280245,22,0
F22Q20080822,13,0
F22Q10532845,15,0
F22Q10056204,15,0
F22Q40174170,24,0
F22Q20340422,17,0
F22Q40161590,15,0
F22Q20325936,13,0
F23Q10082808,23,0
F22Q40013368,16,0
F22Q30034532,11,1
F23Q30002133,20,0
F22Q10186314,21,0
F22Q10219482,10,1
F23Q30228444,11,1
F23Q20248740,6,1
F22Q40103976,15,0
F22Q30052405,23,0
F22Q40103794,13,0
F22Q10344763,20,0
F23Q10181816,10,1
F22Q10316130,10,1
F23Q30140489,20,0
F22Q20369155,20,0
F22Q30016809,5,1
F22Q10373300,9,1
F22Q20225109,7,1
F22Q20164887,13,0
F22Q20195475,18,0
F22Q30264312,24,0
F22Q10205317,15,0
F22Q10379674,8,1
F22Q10368872,8,1
F23Q30198579,9,1
F23Q10159381,12,1
F22Q10032466,11,1
F23Q10081695,10,1
F23Q10156396,17,0
F23Q30088489,9,1
F22Q20289637,13,0
F22Q20341678,8,1
F23Q10037321,9,1
F22Q30137798,16,0
F22Q20426247,4,1
F22Q10016397,12,1
F22Q20306274,9,1
F22Q40112490,23,0
F22Q30333999,23,0
F23Q30158350,12,1
F23Q30139997,16,0
F23Q20062844,20,0
F22Q10572679,15,0
F23Q20260677,20,0
F23Q20082103,19,0
F22Q20107012,22,0
F22Q40212145,14,0
F22Q10474181,8,1
F22Q20035078,14,0
F22Q20065269,22,0
F23Q20238898,22,0
F22Q20217056,19,0
F23Q30061755,16,0
F22Q10503721,22,0
F22Q10374118,19,0
F22Q20086336,3,1
F23Q10120617,5,1
F22Q40187651,14,0
F23Q10085664,13,0
F22Q30096151,10,1
F23Q20091952,12,1
F23Q20112979,22,0
F22Q20316104,10,1
F23Q20181767,9,1
F23Q10154894,4,1
F22Q10394384,12,1
F22Q10247004,16,0
F22Q10255532,20,0
F22Q30094404,15,0
F22Q30078832,21,0
F22Q30142643,8,1
F22Q30279789,21,0
F22Q10400135,5,1
F22Q20277061,8,1
F23Q10023054,20,0
F23Q30232767,19,0
F23Q10029053,5,1
F23Q30228926,9,1
F22Q30078931,18,0
F22Q10474483,22,0
F22Q10430358,10,1
F22Q20145214,22,0
F22Q30312798,7,1
F22Q20153071,8,1
F22Q10309610,22,0
F22Q30316511,21,0
F23Q10144521,8,1
F23Q30233210,24,0
F23Q20204902,8,1
F22Q10561923,9,1
F23Q20039190,9,1
F22Q20273868,15,0
F23Q30239097,18,0
F23Q30240345,12,1
F22Q40098086,21,0
F22Q40029983,10,1
F22Q30234447,7,1
F22Q20360923,17,0
F22Q30055536,12,1
F22Q30071659,9,1
F22Q10555157,16,0
F22Q20315034,11,1
F22Q30104476,15,0
F23Q20120601,4,1
F23Q30131359,10,1
F23Q20268168,24,0
F22Q10059455,22,0
F23Q30130986,5,1
F22Q10481311,4,1
F22Q40067942,23,0
F23Q20079118,18,0
F22Q40036784,17,0
F22Q30161664,24,0
F23Q10151095,24,0
F23Q30229561,17,0
F22Q30195405,23,0
F23Q30068977,21,0
F22Q20058193,23,0
F22Q10155155,10,1
F22Q10095369,14,0
F22Q30232764,13,0
F22Q10209354,14,0
F22Q30111762,21,0
F22Q20203230,19,0
F22Q20144252,23,0
F22Q20193467,3,1
F22Q20041257,19,0
F23Q30144786,15,0
F22Q20372923,18,0
F22Q30124055,19,0
F22Q10195421,6,1
F22Q20370186,19,0
F22Q20408272,7,1
F22Q30004403,6,1
F22Q30059222,14,0
F23Q20219145,23,0
F23Q20270759,22,0
F22Q20365014,16,0
F22Q30089364,17,0
F22Q20314944,9,1
F23Q20240724,17,0
F23Q10005659,21,0
F23Q20251750,12,1
F22Q20218359,18,0
F22Q10312002,11,1
F22Q20215960,24,0
F22Q30248419,9,1
F22Q40048128,12,1
F23Q30116781,3,1
F22Q30047414,20,0
F22Q40089274,19,0
F22Q20069829,4,1
F22Q30218714,22,0
F23Q30224361,18,0
F22Q40208464,11,1
F22Q30036272,15,0
F22Q40204236,4,1
F22Q20264456,17,0
F22Q30219575,5,1
F23Q30262483,23,0
F23Q30251110,16,0
F22Q10245418,16,0
F22Q40008101,10,1
F23Q30196582,17,0
F23Q30232214,6,1
F23Q20217580,22,0
F22Q30009772,13,0
F22Q20032113,23,0
F22Q10281340,9,1
F22Q30152713,18,0
F22Q20350478,19,0
F22Q10291951,7,1
F22Q40043595,6,1
F23Q20161018,18,0
F22Q30327905,21,0
F22Q30092623,3,1
F22Q20098578,15,0
F23Q30037958,6,1
F23Q30207806,10,1
F22Q30258246,17,0
F23Q10178448,16,0
F23Q10003906,21,0
F22Q20374184,13,0
F23Q30262365,23,0
F22Q20324261,12,1
F22Q20148136,13,0
F22Q10360050,4,1
F22Q30291404,7,1
F23Q20000585,23,0
F22Q20023131,16,0
F23Q20061672,20,0
F22Q20338291,3,1
F23Q10055909,5,1
F23Q30163000,14,0
F22Q30264206,13,0
F23Q30085384,23,0
F22Q20012644,11,1
F22Q10143580,9,1
F23Q10154201,17,0
F22Q30073873,3,1
F23Q20133207,18,0
F23Q30141720,11,1
F23Q20066932,17,0
F23Q10032609,18,0
F22Q20402224,11,1
F22Q20128257,17,0
F23Q10129868,17,0
F22Q10184332,16,0
F23Q30097775,21,0
F23Q30071475,24,0
F22Q10211576,15,0
F22Q30191119,16,0
F22Q30073974,20,0
F22Q30280411,5,1
F22Q30015407,21,0
F22Q30062390,14,0
F22Q10094949,13,0
F22Q30248126,13,0
F22Q20421552,13,0
F22Q30208336,3,1
F22Q30105288,6,1
F22Q40051899,3,1
F23Q20060186,16,0
F23Q20132274,18,0
F22Q20117935,5,1
F22Q30244998,5,1
F23Q20114518,24,0
F22Q10527442,14,0
F23Q10179426,17,0
F22Q40147993,11,1
F22Q20347008,9,1
F23Q10060043,3,1
F22Q40066594,23,0
F23Q20054029,22,0
F23Q10003077,15,0
F23Q20069180,9,1
F22Q10231514,10,1
F22Q20262320,7,1
F23Q30065834,16,0
F22Q10454446,7,1
F22Q20285487,21,0
F22Q30200583,16,0
F22Q20175036,22,0
F23Q10173054,21,0
F22Q20372212,23,0
F23Q30206659,6,1
F22Q20073684,20,0
F22Q20111278,8,1
F22Q20062857,18,0
F22Q20068227,24,0
F22Q30328835,5,1
F23Q20160658,11,1
F23Q30144092,12,1
F22Q10368912,13,0
F22Q10109379,21,0
F22Q20296826,20,0
F22Q40031560,3,1
F23Q20083031,14,0
F22Q20145444,20,0
F22Q30247992,14,0
F23Q30117294,6,1
F22Q10498161,17,0
F22Q10271150,10,1
F22Q10095822,21,0
F22Q40120108,12,1
F22Q30070883,22,0
F22Q10271977,6,1
F22Q10328536,14,0
F22Q10532474,10,1
F22Q30155499,15,0
F23Q10021228,10,1
F22Q20265205,24,0
F22Q20139652,22,0
F22Q40154136,20,0
F23Q20163289,20,0
F22Q10045545,21,0
F22Q30187240,19,0
F23Q20006829,16,0
F22Q10150202,20,0
F23Q30002140,5,1
F22Q30149171,8,1
F22Q30197497,11,1
F23Q20120442,23,0
F22Q30071112,13,0
F22Q20058248,24,0
F22Q20311500,24,0
F22Q20061646,9,1
F23Q10161027,5,1
F22Q20301588,20,0
F23Q10153176,3,1
F22Q30017710,3,1
F23Q20198332,13,0
F22Q10049441,19,0
F22Q20081008,20,0
F23Q30255757,10,1
F23Q30138644,12,1
F22Q40063243,22,0
F22Q20062425,15,0
F22Q10301835,8,1
F22Q20363335,20,0
F22Q20361382,21,0
F23Q30175189,14,0
F22Q10476301,16,0
F23Q10118886,19,0
F23Q30161269,15,0
F22Q10494637,4,1
F22Q30282245,6,1
F23Q10024806,10,1
F22Q20183852,19,0
F22Q10342037,5,1
F22Q10295722,23,0
F23Q20070735,18,0
F22Q20113518,8,1
F22Q20083728,15,0
F22Q30237485,12,1
F22Q40142034,4,1
F23Q10170397,21,0
F23Q10097425,23,0
F22Q10313645,6,1
F22Q20401293,14,0
F22Q10401436,16,0
F22Q30164121,18,0
F22Q10338747,3,1
F22Q40109372,3,1
F22Q30173387,6,1
F22Q40044635,12,1
F22Q20201496,14,0
F22Q30019787,24,0
F22Q20053576,14,0
F22Q10412435,18,0
F22Q30277374,21,0
F22Q40134756,23,0
F22Q40174032,19,0
F22Q10319896,17,0
F23Q30048255,20,0
F23Q10055848,8,1
F22Q10306052,10,1
F23Q20188570,16,0
F22Q10103273,17,0
F23Q30254571,14,0
F23Q20145519,22,0
F22Q10195641,17,0
F22Q20223429,20,0
F22Q10449569,16,0
F22Q20288207,17,0
F23Q10128607,18,0
F22Q30237200,5,1
F22Q10070658,12,1
F22Q20332212,17,0
F23Q20145347,17,0
F22Q10531972,19,0
F22Q10071088,10,1
F22Q10478467,14,0
F22Q10181935,9,1
F22Q20257510,18,0
F23Q30159981,7,1
F22Q20306540,10,1
F22Q10508331,12,1
F23Q30160787,19,0
F22Q30210106,7,1
F23Q30201133,20,0
F23Q30029588,11,1
F22Q20260020,24,0
F23Q20006602,18,0
F22Q30231818,21,0
F22Q40183337,4,1
F22Q10413443,23,0
F22Q20188170,23,0
F22Q20049327,21,0
F22Q30192898,17,0
F23Q20210778,7,1
F22Q40002839,21,0
F22Q10464940,12,1
F22Q20203105,7,1
F22Q10285621,6,1
F22Q20417847,10,1
F22Q30259024,10,1
F22Q30274152,8,1
F23Q30249376,13,0
F22Q20162165,9,1
F22Q10513865,15,0
F22Q20324548,9,1
F23Q10126428,7,1
F23Q30187086,19,0
F23Q30209418,12,1
F22Q30296063,4,1
F23Q20088322,9,1
F22Q20272233,13,0
F22Q20208673,13,0
F22Q20415364,19,0
F23Q20076252,11,1
F22Q30135379,3,1
F23Q30155622,11,1
F23Q20156259,8,1
F23Q10162698,22,0
F23Q10151492,16,0
F23Q10067292,19,0
F22Q20333072,17,0
F23Q20248268,21,0
F22Q10450698,10,1
F22Q20405242,7,1
F22Q40111121,17,0
F23Q10133325,9,1
F22Q30058279,16,0
F23Q10117142,5,1
F22Q40039917,13,0
F22Q20080128,13,0
F22Q40056112,3,1
F22Q30225504,12,1
F22Q20387849,7,1
F22Q20150069,5,1
F22Q10330155,4,1
F23Q30098463,3,1
F22Q10514640,6,1
F22Q20032765,17,0
F22Q40008975,14,0
F23Q30161637,16,0
F23Q10168397,15,0
F22Q10510189,9,1
F23Q20210485,9,1
F22Q10136592,7,1
F22Q30060907,5,1
F22Q30167833,22,0
F22Q10226573,8,1
F22Q20092968,8,1
F22Q30076249,6,1
F23Q10097999,10,1
F22Q20216641,11,1
F22Q10393309,22,0
F22Q40208960,15,0
F22Q40093522,10,1
F22Q10409007,14,0
F22Q20295057,8,1
F22Q20351538,4,1
F22Q40151829,23,0
F22Q40156406,8,1
F23Q10022145,7,1
F22Q30014979,3,1
F23Q10040285,21,0
F22Q30231200,20,0
F22Q40152807,3,1
F23Q10037622,21,0
F23Q30053687,19,0
F23Q20009994,16,0
F22Q10212881,18,0
F23Q10032284,23,0
F22Q30218869,23,0
F22Q20270000,21,0
F23Q10053113,11,1
F22Q30215873,10,1
F22Q20137796,6,1
F22Q30230263,4,1
F23Q20024427,21,0
F23Q20241488,17,0
F22Q20301780,24,0
F22Q40164389,5,1
F22Q30052833,5,1
F22Q10074315,24,0
F22Q30075799,6,1
F23Q30259623,17,0
F22Q10428743,17,0
F22Q20174337,20,0
F22Q40002767,16,0
F23Q20141501,16,0
F22Q30049518,18,0
F23Q30253530,23,0
F23Q20154222,17,0
F22Q40183993,22,0
F22Q30020940,6,1
F22Q40188699,6,1
F22Q10351619,15,0
F22Q30203578,11,1
F22Q10519219,8,1
F23Q30181200,13,0
F23Q30188624,15,0
F23Q20037821,14,0
F22Q10257771,21,0
F23Q20053638,9,1
F22Q10402674,11,1
F22Q10488677,21,0
F23Q30209000,14,0
F23Q20069907,24,0
F22Q30040816,19,0
F22Q30247080,21,0
F22Q30297038,19,0
F23Q30040393,16,0
F22Q30043337,6,1
F22Q20237609,12,1
F22Q10111222,14,0
F23Q10071514,18,0
F23Q20073109,12,1
F22Q20171028,19,0
F22Q20031005,14,0
F23Q30178236,23,0
F22Q40051181,10,1
F22Q30305017,23,0
F23Q10080854,9,1
F23Q20237064,7,1
F23Q30151001,11,1
F22Q10535030,12,1
F22Q10371379,16,0
F22Q20378258,13,0
F23Q30127607,5,1
F22Q20138084,10,1
F22Q30035679,12,1
F23Q10064822,8,1
F23Q30137407,11,1
F22Q20066481,15,0
F22Q30045651,5,1
F22Q30262897,24,0
F22Q20216880,5,1
F22Q20404158,7,1
F22Q40182887,6,1
F22Q10082166,5,1
F23Q30025811,10,1
F22Q30130161,6,1
F22Q10519321,23,0
F22Q40015444,18,0
F22Q40087832,12,1
F22Q20032819,9,1
F22Q10009883,18,0
F22Q20041768,23,0
F23Q10064067,17,0
F22Q10090339,17,0
F22Q20291266,6,1
F22Q10275740,8,1
F22Q30020609,21,0
F22Q30333376,18,0
F23Q30121980,17,0
F22Q10030525,24,0
F22Q10078325,10,1
F23Q20156557,23,0
F22Q40050885,5,1
F23Q30246245,16,0
F23Q30249404,7,1
F22Q40098375,20,0
F22Q20248942,13,0
F22Q40172176,22,0
F23Q10179585,7,1
F22Q30163426,16,0
F22Q10426705,4,1
F22Q30271378,5,1
F22Q30301031,7,1
F23Q20218231,18,0
F22Q20016447,21,0
F22Q10341554,8,1
F22Q20271353,24,0
F22Q10147252,10,1
F22Q40153394,16,0
F22Q10412677,13,0
F23Q20275404,5,1
F22Q30031802,11,1
F22Q10285053,23,0
F22Q10491941,17,0
F22Q20318680,13,0
F22Q20048634,23,0
F23Q10046819,10,1
F23Q30175779,19,0
F22Q20383648,9,1
F22Q10210483,17,0
F22Q20404263,14,0
F23Q30063369,16,0
F22Q10061413,17,0
F23Q30163594,20,0
F23Q30002036,6,1
F23Q20048611,9,1
F23Q20244962,13,0
F23Q30161370,13,0
F23Q10012522,17,0
F23Q30100475,23,0
F22Q10278701,16,0
F22Q10274443,7,1
F22Q10584238,17,0
F22Q10060754,15,0
F22Q40065094,23,0
F22Q20353700,7,1
F22Q10490053,24,0
F23Q10091896,23,0
F22Q40028694,5,1
F23Q20039330,24,0
F22Q30223415,8,1
F23Q30033901,12,1
F23Q30069107,11,1
F22Q20220237,24,0
F22Q40088580,14,0
F22Q40060926,3,1
F22Q10268637,10,1
F22Q10052501,12,1
F22Q10448378,10,1
F23Q10073323,17,0
F22Q20182089,5,1
F22Q20138862,17,0
F23Q10161253,13,0
F22Q10568222,7,1
F22Q30302594,21,0
F22Q10342504,14,0
F23Q20135418,20,0
F23Q20268411,6,1
F23Q20233625,21,0
F22Q10294516,6,1
F22Q10236959,24,0
F22Q20053431,13,0
F23Q30134404,18,0
F22Q10165854,6,1
F23Q20203851,14,0
F23Q10128163,17,0
F22Q30299421,14,0
F22Q10176355,11,1
F22Q40027073,10,1
F22Q40044130,5,1
F22Q40052031,11,1
F22Q20184453,16,0
F23Q20133231,4,1
F22Q20375688,7,1
F22Q20304910,13,0
F22Q30215803,12,1
F22Q40126258,6,1
F23Q20092095,11,1
F22Q10390174,10,1
F22Q40137340,13,0
F23Q30002913,20,0
F23Q20236881,5,1
F23Q20200228,15,0
F23Q20225638,4,1
F23Q30250026,21,0
F23Q30086864,11,1
F22Q40034588,19,0
F22Q40098811,13,0
F22Q10159986,13,0
F22Q20096531,18,0
F23Q10145661,13,0
F22Q20238864,11,1
F23Q30084871,17,0
F22Q10515286,13,0
F23Q10080704,12,1
F23Q10035482,22,0
F22Q30126318,18,0
F22Q20217853,24,0
F22Q40112528,3,1
F22Q30207747,23,0
F22Q20423661,17,0
F23Q30181807,10,1
F22Q40163993,3,1
F22Q20193814,6,1
F22Q30164254,13,0
F22Q30048806,4,1
F22Q40028138,23,0
F22Q40009148,9,1
F22Q30036690,24,0
F22Q10087125,20,0
F22Q10552313,23,0
F22Q20342325,13,0
F22Q30165453,13,0
F22Q30264387,9,1
F23Q10016702,14,0
F23Q20014234,16,0
F22Q30206397,7,1
F22Q20329500,21,0
F22Q30151621,6,1
F22Q30312465,20,0
F23Q10095467,8,1
F23Q20271946,16,0
F23Q30212993,22,0
F22Q30024609,4,1
F22Q10455744,20,0
F22Q10549345,11,1
F22Q40045277,6,1
F23Q10184798,14,0
F22Q10102356,9,1
F22Q10251233,22,0
F22Q40029362,4,1
F22Q30098227,8,1
F23Q20035436,23,0
F23Q20217298,10,1
F23Q20255557,13,0
F22Q30156886,23,0
F22Q20239786,7,1
F23Q10109619,12,1
F23Q10185644,9,1
F22Q40009262,15,0
F23Q30168628,15,0
F22Q20009151,11,1
F23Q30051452,24,0
F22Q10475489,17,0
F22Q40074282,9,1
F22Q40112620,14,0
F22Q30234714,18,0
F22Q30300949,24,0
F22Q40030004,19,0
F23Q30186233,19,0
F22Q20165195,22,0
F23Q30134974,14,0
F23Q30230938,9,1
F22Q20422319,20,0
F23Q30233879,13,0
F23Q20161029,19,0
F22Q20338498,19,0
F23Q10132312,17,0
F23Q30092723,21,0
F22Q20042434,18,0
F23Q30167569,16,0
F22Q30219184,19,0
F22Q20032199,22,0
F22Q10234915,19,0
F22Q20352259,15,0
F22Q40201264,9,1
F22Q10039275,21,0
F23Q20021671,24,0
F22Q10121242,15,0
F22Q10507796,8,1
F23Q30082051,19,0
F23Q20084213,19,0
F23Q30082368,13,0
F23Q20021837,17,0
F22Q30218893,3,1
F23Q20268612,15,0
F22Q20105168,6,1
F22Q10367852,16,0
F22Q10217573,15,0
F22Q10267474,19,0
F23Q30241873,20,0
F22Q40085667,24,0
F22Q10200120,15,0
F23Q10094234,10,1
F22Q30168284,7,1
F23Q10157044,20,0
F23Q30163094,10,1
F23Q10063963,17,0
F22Q10506860,4,1
F22Q30326089,4,1
F22Q20199314,7,1
F22Q20396667,15,0
F22Q20072972,12,1
F22Q30212415,16,0
F23Q10131049,22,0
F23Q30213023,10,1
F22Q10130156,11,1
F22Q40203119,8,1
F22Q10031644,14,0
F22Q20169961,8,1
F23Q10043435,22,0
F22Q30219538,10,1
F22Q10515665,12,1
F22Q10482736,8,1
F22Q20157451,10,1
F22Q10494450,21,0
F22Q30149766,11,1
F22Q30013262,21,0
F22Q40117537,16,0
F22Q20414460,7,1
F22Q30224716,19,0
F22Q30296670,20,0
F23Q10130763,19,0
F22Q30030355,17,0
F23Q20069353,7,1
F22Q40044570,14,0
F23Q30129441,22,0
F22Q10510801,5,1
F22Q30169304,8,1
F22Q40215368,14,0
F22Q20317629,24,0
F22Q10359873,11,1
F22Q40040046,8,1
F23Q20222680,18,0
F22Q20428934,7,1
F22Q20326956,23,0
F23Q10080585,18,0
F22Q20310805,24,0
F22Q20200074,13,0
F22Q30084154,20,0
F22Q20271089,20,0
F22Q10306685,12,1
F23Q10091382,9,1
F23Q20070067,20,0
F22Q20087654,7,1
F22Q20123609,21,0
F22Q10535124,12,1
F23Q20083755,6,1
F22Q10535232,11,1
F22Q40165531,17,0
F22Q10136225,17,0
F22Q20354860,11,1
F22Q30099014,13,0
F22Q20424789,10,1
F22Q40031901,17,0
F23Q10065020,22,0
F22Q20370205,18,0
F22Q30253436,23,0
F22Q10167700,14,0
F22Q20200154,6,1
F23Q20097732,19,0
F22Q10311337,15,0
F23Q10004775,13,0
F22Q10248914,23,0
F22Q40177329,7,1
F22Q20051237,21,0
F22Q20417043,19,0
F22Q20207713,20,0
F22Q30290695,13,0
F23Q10131789,10,1
F22Q10161198,23,0
F22Q20009433,11,1
F22Q10312078,9,1
F22Q10199363,22,0
F22Q20129302,14,0
F22Q30229082,7,1
F23Q20206791,16,0
F22Q10418106,11,1
F22Q10534538,8,1
F22Q20345743,24,0
F22Q30105530,21,0
F22Q40097733,5,1
F23Q20074402,21,0
F22Q30228995,19,0
F23Q20225880,21,0
F22Q10339502,21,0
F22Q20329439,13,0
F22Q10249605,18,0
F22Q20156108,20,0
F22Q20373667,14,0
F22Q30105362,13,0
F22Q10004444,15,0
F22Q30046129,10,1
F22Q20075953,19,0
F22Q40038691,4,1
F22Q40197110,22,0
F22Q30252245,9,1
F23Q30188377,22,0
F22Q30206442,22,0
F22Q10549339,10,1
F23Q20010156,11,1
F23Q20022504,17,0
F23Q10029495,24,0
F23Q10171431,20,0
F23Q20094003,24,0
F22Q30056839,22,0
F22Q40120823,6,1
F23Q10030344,16,0
F23Q20230911,23,0
F23Q20254336,12,1
F23Q20197971,8,1
F22Q30008215,21,0
F22Q40167527,20,0
F22Q20296688,12,1
F22Q10577599,6,1
F22Q30185011,12,1
F22Q10373900,15,0
F22Q20182064,9,1
F23Q30056370,18,0
F22Q10212440,12,1
F22Q40091668,3,1
F22Q20367668,6,1
F23Q30095443,17,0
F22Q30142651,24,0
F22Q30004483,17,0
F22Q30333066,11,1
F22Q40192710,19,0
F23Q10162269,7,1
F22Q30267242,18,0
F23Q20221007,21,0
F22Q30199823,5,1
F22Q30197535,23,0
F23Q20192855,5,1
F23Q20051161,6,1
F22Q20404544,12,1
F22Q20113066,18,0
F22Q20100866,19,0
F23Q20108378,24,0
F23Q10109649,24,0
F22Q30073098,9,1
F22Q20058391,7,1
F22Q20278580,20,0
F22Q10377035,20,0
F22Q20374610,13,0
F22Q30247248,21,0
F22Q40063707,22,0
F23Q20114764,15,0
F22Q10503286,17,0
F23Q10037879,4,1
F22Q20253690,17,0
F23Q10132071,11,1
F23Q30139308,17,0
F23Q20230585,6,1
F22Q10138383,3,1
F22Q30206979,17,0
F22Q30230474,6,1
F22Q20074629,7,1
F22Q10430348,4,1
F23Q20109216,22,0
F22Q20017608,8,1
F22Q40017921,16,0
F22Q10196776,22,0
F22Q40199374,23,0
F22Q10359426,24,0
F23Q20078060,24,0
F23Q20235600,8,1
F22Q40077117,5,1
F22Q20309488,19,0
F22Q40170272,20,0
F22Q20352026,17,0
F22Q30103890,23,0
F22Q40097019,22,0
F22Q40211228,12,1
F23Q30179834,22,0
F22Q30257346,23,0
F22Q10410492,12,1
F22Q20078986,17,0
F23Q20260916,18,0
F22Q30116328,23,0
F23Q30074100,7,1
F22Q10484408,17,0
F22Q30032555,21,0
F23Q20080107,9,1
F22Q10036146,22,0
F22Q10105358,12,1
F22Q10470396,20,0
F22Q30106975,19,0
F23Q30257773,18,0
F22Q10581425,12,1
F22Q20428278,13,0
F23Q20244849,6,1
F22Q40200836,20,0
F23Q20165033,9,1
F23Q30082922,9,1
F22Q30318720,18,0
F22Q20090037,19,0
F22Q40076549,22,0
F23Q20242264,24,0
F22Q10483742,24,0
F22Q30253423,21,0
F23Q10016643,8,1
F22Q40140033,19,0
F23Q30194412,18,0
F22Q40205396,20,0
F22Q30048122,3,1
F22Q10513957,14,0
F23Q20230397,12,1
F22Q20095731,16,0
F23Q10078732,15,0
F22Q30121681,9,1
F22Q30265194,15,0
F22Q10514522,7,1
F22Q30191741,22,0
F22Q40172498,19,0
F23Q30034149,15,0
F22Q10304676,23,0
F23Q30120024,23,0
F23Q10160880,8,1
F22Q20195107,3,1
F22Q20088109,3,1
F22Q30002089,7,1
F22Q30004874,8,1
F22Q10034235,5,1
F22Q10072817,11,1
F23Q30241522,3,1
F22Q30299104,16,0
F23Q30152342,21,0
F22Q30019370,23,0
F22Q40047986,21,0
F22Q30142616,8,1
F22Q30253883,5,1
F22Q20078693,20,0
F22Q20162694,9,1
F22Q20227878,3,1
F23Q10181875,23,0
F22Q30164479,19,0
F22Q30033106,9,1
F22Q30131491,4,1
F22Q30118500,3,1
F22Q10040322,7,1
F22Q20126321,5,1
F23Q30192114,14,0
F22Q30310315,21,0
F22Q20056542,9,1
F22Q10013789,6,1
F22Q20227751,10,1
F22Q30240997,10,1
F22Q30099062,12,1
F22Q10559374,11,1
F22Q20197418,15,0
F22Q20356545,15,0
F22Q40171048,6,1
F22Q30123424,20,0
F22Q10416187,7,1
F22Q10366344,10,1
F22Q20147948,19,0
F23Q10122083,17,0
F22Q10412315,21,0
F22Q30069414,5,1
F22Q10298298,16,0
F23Q20155012,23,0
F23Q10177230,10,1
F23Q10065038,11,1
F22Q20131870,6,1
F22Q20304273,18,0
F22Q40190911,18,0
F22Q20080812,20,0
F23Q30155242,18,0
F23Q30142657,18,0
F22Q40190192,3,1
F23Q30154917,22,0
F22Q30202166,3,1
F22Q30249165,14,0
F22Q20372362,5,1
F22Q10316677,12,1
F23Q20162564,4,1
F23Q30252323,15,0
F22Q30266383,13,0
F22Q30213967,22,0
F22Q20126460,15,0
F22Q20041106,21,0
F22Q30216528,17,0
F23Q20161134,24,0
F23Q10164247,20,0
F22Q10258971,16,0
F22Q30009195,5,1
F22Q20108757,7,1
F22Q30055584,13,0
F22Q10315269,13,0
F22Q10545442,21,0
F22Q20237338,19,0
F23Q30236231,20,0
F23Q30020053,15,0
F22Q40023752,23,0
F22Q20100957,18,0
F22Q30256310,22,0
F23Q30185700,11,1
F22Q20430871,17,0
F22Q20374051,17,0
F22Q30229498,19,0
F22Q40049632,19,0
F23Q20135361,10,1
F22Q10244789,9,1
F22Q30090667,17,0
F22Q40058422,9,1
F22Q20404118,4,1
F22Q10369408,3,1
F22Q20161412,6,1
F22Q20259509,11,1
F22Q40087911,15,0
F22Q20064458,10,1
F22Q20362946,10,1
F22Q20264838,21,0
F23Q20046112,15,0
F22Q10375897,9,1
F22Q20416762,14,0
F22Q10039707,11,1
F22Q10063282,9,1
F23Q20216369,10,1
F23Q30099815,19,0
F23Q20208437,23,0
F22Q30322132,7,1
F23Q30057653,21,0
F22Q10340556,16,0
F23Q30039037,15,0
F23Q30098302,4,1
F22Q20424730,23,0
F23Q30226020,20,0
F23Q30029790,13,0
F22Q40013845,23,0
F22Q10516498,24,0
F22Q20282133,24,0
F23Q30206072,7,1
F23Q20064082,4,1
F23Q10136735,15,0
F23Q30231554,16,0
F22Q20416661,19,0
F22Q10539821,18,0
F22Q20147599,17,0
F22Q30029401,21,0
F23Q10001560,10,1
F22Q10422341,5,1
F22Q20391363,23,0
F22Q40146939,16,0
F23Q30104300,19,0
F22Q40023632,13,0
F22Q10225725,17,0
F22Q10043977,11,1
F22Q20320717,4,1
F22Q10513874,10,1
F23Q20186141,19,0
F22Q20266072,14,0
F22Q20390378,15,0
F22Q40092753,20,0
F23Q20169861,17,0
F23Q30151258,13,0
F22Q10501631,23,0
F22Q10021969,22,0
F22Q30260036,24,0
F22Q20346855,20,0
F22Q30287821,22,0
F23Q10161703,6,1
F23Q30015939,17,0
F22Q30159499,15,0
F23Q10137790,22,0
F22Q40068610,18,0
F22Q10248010,13,0
F23Q10005060,20,0
F23Q30188897,15,0
F23Q20233778,4,1
F22Q20159668,6,1
F23Q30202972,6,1
F22Q40110599,21,0
F22Q40169671,4,1
F22Q40170000,17,0
F23Q20054431,24,0
F23Q20261925,19,0
F22Q10248512,14,0
F22Q30079877,24,0
F23Q10106793,4,1
F22Q20348651,15,0
F22Q30130904,16,0
F23Q10152883,19,0
F22Q30306564,8,1
F22Q20427920,8,1
F22Q20203587,7,1
F23Q20036575,15,0
F22Q40051258,11,1
F22Q30143041,23,0
F23Q10183377,22,0
F22Q10400459,22,0
F22Q20087731,8,1
F23Q30109350,5,1
F22Q40015508,24,0
F22Q40040504,17,0
F22Q30130428,17,0
F22Q20076177,12,1
F23Q10177409,17,0
F22Q10302884,8,1
F23Q30026476,15,0
F22Q40087716,18,0
F22Q20400192,16,0
F23Q30146877,5,1
F22Q30298818,7,1
F22Q20378717,5,1
F23Q30045921,4,1
F23Q20127607,19,0
F22Q10243038,13,0
F22Q10037760,13,0
F22Q10538047,24,0
F23Q10076215,21,0
F23Q30208078,19,0
F22Q30268748,21,0
F22Q10475211,20,0
F22Q10337642,3,1
F23Q30161543,12,1
F22Q40062747,12,1
F22Q20283355,14,0
F22Q20126183,4,1
F22Q20396507,10,1
F22Q10044738,20,0
F23Q10073127,4,1
F22Q30196735,3,1
F23Q10054894,5,1
F23Q10054890,18,0
F22Q10333833,16,0
F22Q30313759,6,1
F23Q20147866,7,1
F22Q40036794,21,0
F22Q40218909,10,1
F22Q30164110,16,0
F22Q30318275,6,1
F22Q30323401,11,1
F22Q40119499,13,0
F23Q30082816,21,0
F22Q10105168,12,1
F22Q30115850,4,1
F22Q40006083,24,0
F22Q10268634,11,1
F22Q30210689,14,0
F22Q20216183,20,0
F23Q20043349,3,1
F22Q20204096,18,0
F23Q20169886,12,1
F22Q10360674,12,1
F22Q10113922,24,0
F23Q30108473,16,0
F22Q30262172,16,0
F22Q40006351,9,1
F22Q10394560,8,1
F22Q40213783,24,0
F22Q20430439,4,1
F23Q20008107,12,1
F23Q10092158,16,0
F22Q40044818,19,0
F22Q40129056,9,1
F22Q10263725,14,0
F23Q30161709,21,0
F23Q20096306,8,1
F22Q20385059,21,0
F22Q10467324,18,0
F22Q30155818,12,1
F22Q40105055,21,0
F22Q40154254,18,0
F22Q20345398,11,1
F23Q20142297,3,1
F22Q10120485,4,1
F23Q30049208,24,0
F22Q40138744,24,0
F22Q30309354,22,0
F22Q30212083,6,1
F22Q20241300,9,1
F22Q10305515,16,0
F22Q20293367,17,0
F23Q20152699,22,0
F22Q10015618,17,0
F22Q20370224,17,0
F22Q10482868,3,1
F22Q40155552,10,1
F22Q10364879,18,0
F23Q20217220,17,0
F22Q10320155,17,0
F22Q10542380,9,1
F22Q20041173,5,1
F23Q30149488,18,0
F22Q20046885,19,0
F22Q40205085,22,0
F22Q40192098,19,0
F22Q10040048,14,0
F22Q40014925,7,1
F22Q20276751,13,0
F22Q30245387,11,1
F23Q10104891,16,0
F22Q30163064,17,0
F23Q30180393,12,1
F22Q30165123,5,1
F23Q30028817,9,1
F22Q40029981,21,0
F22Q10450622,15,0
F22Q10410207,5,1
F22Q30106617,6,1
F23Q10038235,24,0
F22Q30124290,13,0
F23Q30228679,10,1
F23Q20108147,10,1
F22Q20131186,19,0
F23Q30229556,12,1
F22Q30161891,23,0
F23Q10074157,19,0
F22Q40166881,8,1
F23Q30119911,17,0
F22Q10159606,22,0
F22Q30108298,13,0
F22Q30061278,17,0
F23Q30241077,13,0
F22Q40040829,3,1
F23Q30165468,10,1
F23Q20215654,14,0
F22Q10173131,21,0
F23Q20112825,19,0
F22Q30159968,23,0
F23Q20190021,13,0
F23Q30225186,15,0
F22Q10361164,8,1
F22Q30170062,5,1
F22Q10062825,12,1
F22Q10444846,12,1
F22Q20398695,16,0
F22Q40188179,21,0
F23Q10032162,12,1
F22Q40095290,18,0
F22Q20416160,11,1
F22Q20072914,19,0
F22Q20332497,12,1
F23Q30095214,4,1
F22Q20372428,8,1
F23Q20037015,8,1
F22Q20024184,5,1
F23Q10054787,9,1
F22Q10236756,10,1
F22Q20127666,10,1
F23Q30123854,14,0
F23Q20152049,5,1
F22Q20335096,12,1
F22Q20046853,6,1
F22Q30020436,12,1
F22Q10338603,23,0
F22Q20201369,11,1
F22Q20296876,15,0
F23Q10117540,5,1
F22Q10441773,8,1
F22Q10550530,9,1
F22Q10121788,11,1
F22Q40194402,14,0
F22Q30141335,6,1
F22Q40040724,18,0
F22Q30021479,4,1
F23Q30152713,6,1
F22Q20222567,16,0
F22Q10472336,19,0
F22Q20250301,4,1
F22Q20314024,8,1
F22Q10413736,5,1
F22Q20012250,17,0
F22Q30285438,24,0
F22Q40039954,7,1
F22Q20062151,22,0
F22Q20219480,4,1
F22Q40069873,24,0
F23Q20108756,13,0
F22Q30049498,5,1
F23Q10048823,9,1
F22Q20018972,17,0
F22Q20152478,10,1
F23Q10134612,10,1
F22Q10042045,23,0
F22Q30257384,3,1
F22Q40089602,8,1
F22Q10116415,24,0
F22Q10162318,14,0
F22Q10230882,19,0
F22Q20329456,12,1
F22Q20362054,9,1
F22Q10512374,20,0
F22Q20203202,18,0
F22Q10039837,18,0
F22Q20310708,7,1
F22Q10033920,11,1
F23Q30007088,13,0
F22Q20386652,17,0
F22Q30116327,9,1
F23Q10126851,20,0
F23Q20076602,19,0
F22Q40112965,11,1
F22Q10577120,22,0
F22Q20166618,22,0
F22Q10166864,12,1
F22Q20020794,3,1
F22Q10381683,5,1
F22Q20027018,13,0
F23Q30138208,17,0
F22Q10170807,6,1
F22Q10272487,11,1
F22Q10416370,21,0
F22Q10440276,4,1
F23Q20014083,9,1
F23Q10100382,8,1
F23Q10166135,19,0
F22Q10429172,14,0
F22Q10193614,8,1
F22Q30124648,18,0
F23Q30075044,24,0
F22Q30199354,17,0
F22Q40130720,13,0
F22Q30111536,8,1
F22Q40055066,5,1
F22Q30128197,5,1
F23Q10031900,7,1
F22Q10432938,22,0
F23Q30047968,12,1
F22Q30085404,18,0
F23Q20029225,8,1
F22Q10162257,3,1
F23Q10018893,16,0
F23Q10006310,5,1
F22Q20378511,16,0
F22Q10166145,10,1
F23Q10110121,17,0
F22Q10118290,23,0
F23Q10129486,21,0
F23Q20139638,12,1
F23Q10027150,24,0
F22Q40045545,19,0
F22Q10267824,22,0
F22Q20314777,5,1
F22Q10114700,21,0
F22Q40051136,10,1
F23Q10045979,12,1
F23Q30190296,22,0
F22Q40186557,6,1
F22Q40215534,17,0
F22Q10062188,19,0
F22Q10579743,20,0
F23Q30233615,6,1
F22Q10136134,24,0
F22Q20173962,15,0
F22Q40143384,18,0
F22Q30173663,17,0
F23Q10170303,15,0
F22Q20205959,10,1
F22Q30099274,24,0
F23Q10116217,22,0
F22Q20008392,3,1
F22Q10520415,14,0
F23Q10025246,9,1
F22Q10074531,6,1
F22Q10052005,13,0
F22Q30194727,18,0
F22Q30064802,6,1
F23Q10182288,11,1
F22Q30303499,12,1
F22Q20085101,17,0
F23Q10162651,6,1
F23Q30091286,17,0
F22Q30335679,8,1
F22Q10356224,16,0
F22Q40102543,13,0
F22Q20299722,11,1
F23Q20070880,6,1
F22Q30226724,20,0
F22Q10288403,7,1
F22Q20415310,15,0
F23Q30231234,11,1
F23Q20027276,10,1
F22Q40181568,24,0
F22Q10110063,7,1
F23Q10051516,14,0
F22Q10296531,9,1
F22Q10335756,19,0
F22Q30305431,17,0
F23Q30150238,23,0
F23Q30185448,4,1
F22Q20286816,19,0
F22Q20130748,6,1
F22Q10345707,3,1
F22Q30216235,10,1
F22Q20223008,19,0
F22Q10004684,11,1
F22Q10377556,13,0
F22Q10274149,5,1
F22Q10524301,9,1
F22Q20393621,3,1
F22Q40050676,8,1
F22Q40148023,23,0
F23Q10142439,6,1
F22Q10398659,7,1
F22Q30057015,16,0
F22Q10209259,18,0
F23Q20185047,12,1
F22Q20255702,16,0
F22Q20190452,6,1
F22Q30134759,9,1
F22Q10380738,7,1
F22Q20156480,12,1
F22Q10345303,8,1
F22Q20288858,4,1
F22Q30024105,9,1
F23Q20010491,9,1
F23Q10161575,12,1
F22Q10355453,19,0
F23Q30148933,13,0
F23Q30067619,14,0
F23Q30177846,14,0
F22Q30303201,11,1
F23Q20270129,5,1
F23Q20164901,24,0
F23Q20068603,8,1
F22Q30135524,15,0
F22Q20081886,20,0
F22Q10505647,20,0
F22Q20363383,12,1
F22Q20352021,24,0
F22Q10190613,8,1
F22Q20208592,16,0
F23Q10139833,21,0
F23Q30025543,13,0
F22Q30220970,23,0
F22Q40064934,7,1
F23Q30075816,17,0
F23Q20053053,9,1
F22Q40158644,22,0
F23Q30165489,11,1
F22Q20354295,7,1
F22Q30017748,24,0
F22Q30200606,11,1
F22Q10228986,17,0
F22Q20145789,7,1
F22Q20039849,21,0
F22Q30281800,13,0
F23Q30102561,9,1
F22Q10259347,11,1
F22Q40192233,3,1
F22Q30108242,6,1
F22Q20118848,17,0
F22Q30298430,7,1
F22Q10234743,4,1
F22Q10344784,22,0
F23Q30038603,21,0
F23Q30123000,13,0
F23Q30039636,24,0
F22Q10490605,6,1
F22Q10360891,11,1
F22Q30169286,18,0
F22Q30174817,9,1
F23Q10020247,6,1
F23Q20206383,5,1
F23Q20142021,23,0
F22Q10136686,20,0
F23Q10062047,9,1
F23Q30014248,16,0
F23Q10174861,21,0
F22Q20159971,13,0
F22Q20183784,9,1
F22Q30067563,14,0
F23Q10177818,11,1
F23Q30081376,17,0
F22Q20161020,8,1
F22Q10128417,18,0
F22Q10178018,8,1
F23Q20110898,17,0
F22Q20364820,12,1
F22Q40154975,12,1
F22Q20203241,8,1
F22Q30288697,4,1
F22Q40034864,23,0
F22Q10213912,5,1
F23Q10117074,7,1
F23Q20237959,20,0
F23Q30151254,4,1
F22Q30181980,8,1
F22Q10128488,3,1
F22Q30243010,12,1
F22Q30137385,21,0
F22Q10062810,23,0
F23Q30211392,22,0
F22Q40054946,19,0
F22Q10280037,18,0
F22Q20350653,23,0
F22Q20299623,9,1
F22Q30226052,18,0
F22Q40094636,10,1
F22Q30120713,21,0
F22Q30198377,7,1
F22Q10303439,11,1
F22Q10255913,10,1
F22Q30336765,18,0
F23Q30083629,24,0
F22Q40193370,13,0
F22Q20264318,8,1
F23Q30162416,11,1
F23Q20164241,20,0
F22Q30212749,23,0
F22Q10125073,23,0
F23Q10124437,12,1
F23Q30112978,5,1
F22Q30030613,19,0
F22Q10208871,13,0
F23Q30254108,8,1
F22Q20416994,4,1
F22Q10073946,16,0
F22Q10386730,9,1
F22Q30076295,20,0
F22Q30275557,22,0
F23Q30258610,19,0
F22Q30331884,16,0
F22Q10154353,16,0
F22Q10177273,14,0
F22Q10413289,18,0
F22Q30248215,16,0
F22Q30005297,4,1
F23Q20077655,19,0
F22Q40022564,22,0
F22Q40166290,11,1
F22Q20198741,17,0
F22Q20236959,8,1
F22Q30165301,5,1
F22Q20260189,17,0
F22Q40208123,6,1
F22Q10107362,5,1
F23Q20161528,24,0
F23Q30026646,5,1
F22Q20275434,22,0
F23Q30074720,14,0
F22Q40107367,19,0
F23Q10079349,12,1
F23Q20054092,8,1
F22Q10357121,13,0
F23Q20271056,7,1
F22Q30039810,15,0
F22Q10129664,23,0
F22Q20201868,19,0
F23Q20143011,7,1
F22Q10416127,23,0
F22Q20377166,18,0
F23Q10143362,15,0
F22Q40197901,22,0
F22Q20267817,24,0
F22Q40072677,14,0
F22Q20208813,5,1
F22Q20113979,23,0
F22Q40047172,21,0
F22Q10296445,7,1
F22Q20098695,14,0
F22Q30128837,5,1
F23Q30094159,24,0
F22Q20139189,6,1
F22Q30058823,19,0
F22Q10566435,10,1
F22Q40216347,10,1
F22Q30182058,13,0
F23Q30168577,12,1
F22Q20074047,17,0
F22Q40028626,8,1
F23Q10059646,11,1
F22Q30137833,13,0
F22Q30143753,15,0
F22Q30079983,22,0
F22Q20150713,15,0
F22Q20353678,22,0
F22Q10068967,14,0
F23Q20010474,6,1
F23Q10058733,17,0
F23Q20085390,21,0
F22Q10521587,23,0
F22Q30107305,17,0
F22Q10219558,7,1
F22Q10074238,24,0
F22Q20170641,19,0
F22Q30298442,21,0
F23Q20181890,18,0
F22Q10518666,10,1
F22Q30032540,23,0
F22Q30086383,5,1
F22Q40074665,5,1
F22Q40117616,19,0
F23Q30098971,19,0
F22Q30101875,16,0
F23Q30045882,11,1
F22Q10230762,22,0
F22Q10438187,12,1
F23Q30184849,12,1
F22Q40171638,18,0
F23Q20076237,12,1
F22Q20029310,9,1
F22Q30103499,18,0
F22Q40167348,17,0
F22Q30165799,9,1
F22Q40192452,15,0
F22Q10325518,8,1
F22Q10174805,15,0
F22Q10171440,9,1
F22Q20025549,13,0
F22Q30072216,7,1
F22Q30036688,18,0
F22Q20332006,14,0
F22Q30251208,16,0
F22Q30144702,19,0
F22Q30290471,8,1
F22Q10265156,21,0
F22Q20332374,18,0
F23Q10025728,14,0
F22Q20065072,21,0
F22Q10548696,20,0
F23Q10085427,7,1
F22Q20380222,12,1
F23Q10120672,14,0
F22Q30246640,15,0
F23Q30128947,8,1
F22Q20047662,20,0
F23Q20153782,16,0
F22Q10113947,5,1
F23Q20211817,22,0
F22Q40086133,9,1
F22Q20029962,14,0
F23Q10095826,14,0
F23Q30055563,11,1
F22Q20050002,6,1
F23Q10074591,22,0
F23Q30152647,15,0
F22Q30135811,24,0
F23Q30180279,4,1
F22Q10403868,20,0
F23Q20114360,7,1
F22Q30069530,17,0
F22Q30279010,10,1
F22Q20125470,20,0
F22Q20234443,20,0
F22Q40076021,22,0
F22Q20139087,18,0
F22Q40215597,23,0
F22Q40113766,7,1
F22Q20338921,21,0
F22Q30179956,15,0
F22Q10459390,8,1
F22Q30020891,19,0
F22Q30199019,20,0
F23Q30185441,9,1
F22Q10424185,20,0
F22Q40100366,19,0
F22Q20432154,7,1
F22Q10418852,24,0
F22Q10451411,7,1
F23Q10043302,22,0
F23Q10081327,8,1
F22Q30013553,10,1
F23Q30226293,16,0
F22Q30017667,20,0
F23Q20160894,18,0
F23Q10133882,19,0
F22Q20183967,14,0
F22Q40145170,9,1
F23Q20273594,12,1
F22Q10308116,12,1
F22Q40180508,5,1
F22Q10309852,16,0
F22Q30181758,4,1
F23Q30240903,14,0
F22Q40144152,14,0
F22Q10105333,11,1
F23Q30172001,22,0
F23Q20027369,16,0
F22Q10579581,18,0
F23Q20128465,15,0
F22Q20249976,4,1
F22Q30042662,19,0
F22Q30193657,11,1
F22Q40198272,24,0
F23Q20116910,3,1
F22Q10483117,13,0
F22Q30282303,24,0
F22Q20164211,14,0
F22Q20189072,4,1
F23Q20182386,12,1
F23Q20109951,23,0
F22Q40044335,13,0
F22Q10056635,10,1
F22Q30289465,20,0
F22Q20072271,20,0
F22Q40021149,7,1
F22Q40150411,23,0
F23Q20159623,6,1
F22Q10019467,21,0
F23Q10064479,3,1
F22Q30017705,8,1
F23Q20063633,4,1
F22Q10134222,15,0
F22Q10096218,19,0
F22Q40005846,14,0
F22Q30293662,23,0
F23Q30022500,23,0
F22Q20324489,23,0
F23Q10113542,20,0
F22Q20162412,12,1
F22Q10135095,17,0
F22Q10190341,22,0
F23Q10125829,18,0
F22Q10466796,8,1
F22Q30197944,23,0
F23Q10104959,15,0
F22Q20118731,17,0
F22Q40163202,24,0
F23Q20178712,11,1
F22Q40077782,17,0
F23Q10008750,7,1
F23Q10073107,18,0
F22Q20427431,19,0
F22Q10248177,13,0
F22Q10571089,13,0
F23Q20121819,21,0
F22Q40091141,3,1
F22Q30231753,11,1
F22Q10082040,15,0
F22Q10520778,20,0
F22Q10089875,13,0
F22Q20288696,16,0
F23Q10026415,14,0
F23Q20148843,17,0
F22Q20262677,18,0
F22Q10227831,10,1
F22Q10290273,3,1
F22Q40168376,23,0
F23Q30066084,15,0
F22Q30190883,13,0
F22Q20386457,24,0
F22Q30045498,22,0
F22Q30190075,18,0
F22Q20273604,18,0
F22Q40130877,24,0
F23Q20136827,11,1
F22Q40030007,13,0
F22Q10541104,9,1
F22Q40011136,23,0
F22Q20297089,16,0
F23Q20199626,15,0
F22Q20133416,17,0
F22Q10464713,14,0
F23Q10081888,24,0
F22Q30087135,18,0
F22Q30132660,23,0
F23Q20125447,17,0
F23Q10135566,18,0
F22Q10008511,20,0
F22Q20369592,6,1
F22Q20403933,20,0
F22Q10158398,5,1
F23Q20243637,11,1
F22Q30219255,11,1
F22Q20133739,14,0
F23Q10144885,11,1
F23Q10081503,19,0
F23Q10073116,4,1
F23Q30175326,24,0
F22Q40103550,22,0
F22Q10135063,11,1
F22Q30030326,22,0
F22Q10001464,18,0
F22Q10192508,14,0
F22Q10182618,5,1
F22Q10382878,19,0
F22Q10487883,8,1
F23Q30242576,17,0
F22Q20237091,17,0
F22Q10352107,14,0
F22Q30206522,6,1
F22Q40112376,12,1
F23Q30070499,18,0
F23Q30062988,7,1
F22Q30204962,9,1
F23Q20011287,4,1
F23Q30253522,6,1
F22Q10488033,14,0
F23Q20100688,24,0
F22Q20373957,4,1
F22Q10168440,11,1
F23Q20152794,14,0
F22Q30191528,13,0
F22Q40102071,20,0
F22Q40080220,17,0
F22Q10465657,18,0
F22Q10312951,9,1
F22Q10212027,12,1
F22Q20166897,11,1
F22Q10516035,9,1
F22Q30023846,16,0
F23Q30194159,21,0
F22Q20409577,15,0
F22Q20311857,9,1
F22Q30029288,16,0
F22Q30261912,24,0
F23Q20069800,18,0
F23Q10072037,13,0
F22Q20187281,4,1
F22Q30290205,14,0
F23Q30087281,18,0
F23Q20072928,9,1
F22Q30042935,6,1
F22Q10151354,17,0
F22Q20070953,21,0
F22Q10048119,11,1
F22Q30120631,7,1
F23Q30225056,17,0
F22Q10165577,16,0
F22Q20107139,11,1
F22Q10078278,23,0
F22Q30258067,23,0
F22Q30048912,21,0
F22Q10020391,24,0
F22Q10444721,17,0
F22Q10562485,18,0
F22Q20215255,22,0
F22Q10094901,19,0
F22Q10132172,17,0
F23Q10174070,6,1
F22Q10516169,19,0
F22Q40042726,20,0
F22Q10416477,5,1
F23Q10001399,22,0
F23Q20228996,24,0
F22Q10300459,8,1
F22Q10019161,11,1
F23Q10035922,7,1
F22Q40024732,21,0
F23Q30082408,23,0
F22Q10478324,7,1
F23Q20214015,24,0
F23Q10045579,14,0
F23Q20191860,20,0
F22Q20180881,11,1
F22Q10136544,24,0
F22Q10548618,13,0
F23Q30225103,11,1
F23Q30015054,18,0
F22Q40058861,7,1
F22Q40082573,13,0
F23Q30126937,24,0
F23Q10004011,20,0
F22Q30232515,3,1
F23Q10068977,24,0
F22Q20018307,13,0
F23Q20022251,17,0
F22Q20108802,20,0
F23Q10180188,11,1
F22Q10538795,6,1
F22Q10525329,7,1
F22Q20008260,18,0
F22Q20285316,6,1
F23Q10179846,13,0
F22Q40174700,16,0
F23Q10067963,20,0
F22Q20003337,8,1
F23Q10184490,22,0
F22Q30223920,24,0
F22Q20256846,6,1
F22Q10549349,8,1
F22Q10068867,10,1
F22Q40037123,21,0
F23Q10102679,22,0
F22Q40193878,4,1
F22Q30019436,14,0
F22Q10235756,11,1
F22Q30164774,14,0
F22Q10127579,21,0
F23Q20166291,8,1
F23Q10158303,16,0
F22Q20088764,11,1
F23Q20266037,16,0
F22Q30013207,8,1
F22Q20321125,9,1
F22Q40141112,24,0
F23Q30083622,17,0
F22Q30167439,7,1
F23Q20018960,17,0
F23Q10186162,24,0
F23Q20140648,6,1
F22Q10171990,10,1
F23Q20114120,14,0
F23Q10006095,19,0
F22Q10083078,17,0
F22Q30083976,10,1
F23Q30193558,21,0
F22Q30244742,20,0
F23Q10174501,8,1
F23Q10113126,15,0
F23Q20119630,18,0
F22Q20041535,12,1
F23Q20087018,17,0
F23Q10042190,5,1
F23Q30163925,16,0
F22Q40085117,24,0
F22Q10086994,8,1
F23Q10018273,24,0
F22Q10281364,17,0
F22Q20005512,5,1
F22Q40205197,18,0
F23Q20221884,18,0
F23Q30063283,22,0
F22Q20324976,7,1
F22Q20209249,14,0
F22Q10121273,15,0
F22Q10262411,22,0
F22Q30076115,10,1
F23Q30181048,12,1
F23Q20069842,8,1
F22Q10326618,8,1
F23Q20161037,21,0
F23Q30064749,15,0
F22Q10019269,23,0
F22Q10579405,4,1
F23Q10107182,9,1
F23Q10039943,16,0
F22Q10345873,19,0
F22Q40037026,24,0
F22Q30323486,24,0
F22Q30052873,13,0
F23Q10042884,19,0
F23Q20002187,18,0
F22Q40107319,13,0
F22Q30279759,19,0
F22Q20232918,6,1
F22Q30169906,9,1
F22Q30296760,23,0
F22Q20424593,17,0
F22Q20356524,16,0
F22Q30029492,7,1
F22Q10243864,9,1
F22Q30257308,9,1
F22Q40164860,13,0
F22Q20067079,16,0
F23Q20146736,19,0
F23Q30243038,22,0
F22Q20393968,4,1
F22Q10041662,6,1
F22Q20354904,17,0
F22Q40096107,23,0
F22Q30003548,8,1
F22Q30135581,17,0
F22Q20122596,18,0
F23Q30051123,18,0
F22Q40038391,14,0
F22Q40044114,9,1
F22Q20292823,13,0
F22Q20390080,19,0
F22Q40037967,19,0
F22Q10305258,20,0
F22Q40137057,11,1
F22Q20032486,6,1
F22Q10146647,24,0
F22Q10261660,18,0
F22Q20240400,6,1
F22Q40142495,14,0
F22Q10561862,7,1
F22Q20231212,5,1
F22Q40203830,22,0
F22Q40063014,20,0
F23Q20270802,18,0
F23Q20183269,21,0
F22Q20323358,16,0
F22Q10512275,20,0
F22Q40123918,18,0
F22Q20186778,14,0
F22Q40213554,10,1
F22Q20198530,18,0
F22Q10019028,7,1
F23Q20256988,21,0
F22Q20270986,9,1
F22Q40020945,8,1
F23Q20138156,23,0
F23Q20127498,21,0
F23Q30124502,22,0
F22Q10044609,19,0
F22Q20003806,3,1
F23Q20112461,16,0
F23Q20218965,24,0
F22Q30230471,20,0
F22Q30173446,3,1
F23Q30130287,15,0
F22Q20084294,11,1
F22Q40107950,10,1
F22Q20393480,13,0
F23Q30097248,7,1
F23Q30227690,4,1
F23Q20273855,19,0
F23Q30026715,12,1
F23Q20027206,19,0
F23Q30052724,14,0
F23Q20075279,18,0
F23Q20138243,13,0
F23Q20167715,15,0
F22Q40104550,10,1
F23Q10093468,3,1
F22Q20037192,19,0
F22Q20230671,18,0
F22Q20232006,17,0
F23Q30244800,15,0
F23Q10125412,17,0
F23Q10149948,6,1
F23Q20015874,21,0
F23Q10168396,8,1
F22Q10342459,7,1
F22Q20092531,17,0
F22Q20165496,17,0
F23Q30174302,11,1
F23Q10166588,9,1
F22Q30216526,21,0
F22Q20350144,6,1
F22Q30120179,11,1
F22Q10215331,5,1
F22Q30143294,17,0
F22Q40202453,20,0
F22Q40084160,18,0
F23Q10157678,8,1
F23Q10182370,5,1
F23Q30033089,11,1
F23Q30039945,13,0
F22Q30026753,11,1
F22Q20067707,18,0
F22Q10411759,18,0
F22Q10299896,14,0
F22Q20328023,5,1
F22Q40206266,24,0
F23Q10057339,18,0
F23Q20191811,23,0
F22Q20381721,19,0
F22Q20130997,16,0
F22Q30035097,3,1
F22Q30157574,10,1
F23Q20246014,22,0
F22Q40179651,17,0
F22Q20324850,23,0
F22Q20041622,13,0
F22Q20206956,8,1
F22Q40020332,21,0
F22Q40143593,3,1
F22Q40139626,13,0
F22Q20117490,12,1
F22Q30033710,24,0
F23Q30198551,7,1
F22Q10263388,14,0
F22Q10042299,19,0
F22Q20271981,14,0
F22Q40034323,23,0
F23Q10165426,22,0
F22Q30119419,23,0
F22Q10448849,24,0
F22Q30202525,3,1
F22Q30299009,14,0
F22Q10443180,6,1
F22Q20064344,18,0
F22Q30272712,17,0
F22Q10529544,8,1
F22Q10421779,4,1
F22Q10100399,21,0
F22Q20138942,10,1
F23Q30002867,24,0
F22Q10441809,12,1
F23Q10021992,16,0
F22Q10384448,23,0
F22Q20218361,9,1
F22Q20077777,17,0
F22Q10366616,20,0
F22Q10533059,16,0
F22Q10478402,14,0
F22Q10408562,9,1
F22Q20290652,10,1
F22Q30183678,24,0
F23Q30254677,6,1
F22Q40111711,24,0
F22Q40128465,12,1
F22Q10448268,18,0
F22Q10364027,22,0
F23Q20211049,23,0
F22Q30045063,10,1
F22Q40145439,9,1
F22Q40191066,24,0
F23Q20045551,20,0
F23Q20202299,4,1
F22Q10368755,10,1
F22Q20107867,11,1
F22Q20140181,14,0
F22Q20392986,21,0
F23Q20210047,17,0
F22Q20402898,16,0
F23Q20125830,8,1
F23Q10112268,18,0
F22Q20048154,22,0
F22Q20187825,12,1
F23Q30034515,17,0
F22Q10032946,12,1
F22Q40140153,20,0
F22Q20296758,5,1
F23Q30084953,17,0
F22Q10177742,7,1
F23Q10062275,17,0
F22Q40096020,4,1
F23Q20063790,18,0
F22Q30197872,11,1
F22Q40077791,23,0
F22Q20029462,9,1
F22Q20182598,24,0
F22Q40004177,23,0
F22Q10204517,11,1
F23Q20028630,22,0
F22Q10132546,8,1
F22Q20385503,6,1
F22Q30127431,12,1
F22Q30172142,8,1
F22Q10180564,20,0
F22Q30167654,3,1
F22Q40195434,23,0
F22Q40027686,14,0
F23Q30069417,18,0
F23Q10171518,18,0
F23Q30175540,11,1
F22Q30099208,23,0
F23Q30111966,23,0
F22Q20374870,24,0
F22Q10555154,9,1
F22Q20399170,14,0
F23Q10152909,9,1
F22Q20060536,23,0
F23Q20032391,9,1
F23Q30121655,22,0
F22Q10215271,6,1
F22Q20284248,24,0
F22Q10418462,19,0
F22Q40015800,10,1
F22Q10145018,11,1
F23Q30180425,19,0
F22Q40099090,12,1
F23Q20152835,4,1
F22Q10120667,14,0
F22Q10151902,21,0
F22Q20079131,21,0
F22Q10182651,6,1
F23Q10039553,18,0
F23Q20053083,18,0
F23Q10051101,21,0
F22Q10239075,7,1
F22Q40201475,4,1
F22Q10175691,17,0
F22Q40099432,21,0
F22Q10014371,6,1
F22Q20059932,10,1
F23Q20069729,19,0
F22Q10173185,11,1
F22Q30211794,8,1
F22Q20274612,7,1
F23Q30110417,4,1
F22Q10344915,6,1
F22Q40130373,7,1
F23Q30018213,16,0
F22Q20324098,12,1
F22Q10533449,6,1
F23Q20242439,18,0
F22Q30062235,24,0
F22Q30232967,20,0
F23Q20180315,10,1
F22Q30002067,16,0
F22Q10267874,5,1
F22Q40070065,22,0
F22Q30319009,5,1
F22Q10189161,16,0
F23Q30204413,11,1
F23Q20181975,20,0
F23Q20088777,18,0
F22Q10373186,9,1
F22Q30058764,16,0
F23Q30248474,22,0
F22Q20188385,9,1
F23Q10003994,6,1
F22Q20159591,18,0
F22Q10206353,10,1
F22Q20221720,8,1
F22Q30015377,14,0
F22Q20347173,11,1
F22Q20192070,7,1
F22Q40110486,12,1
F22Q40335109,11,1
F23Q30091169,21,0
F22Q20395490,5,1
F22Q40067588,16,0
F23Q30034398,5,1
F22Q10283824,21,0
F22Q30186050,4,1
F23Q10089655,20,0
F22Q40202591,11,1
F22Q30260500,18,0
F22Q10282000,6,1
F22Q40145707,22,0
F22Q10022028,8,1
F23Q10120559,14,0
F22Q10226794,18,0
F23Q20232592,24,0
F22Q20288069,16,0
F23Q10116011,9,1
F23Q20009743,15,0
F22Q20058710,24,0
F23Q20136824,18,0
F22Q10200384,18,0
F22Q40213541,23,0
F22Q40025351,8,1
F22Q30336087,12,1
F22Q20264182,4,1
F22Q30278105,22,0
F23Q20065016,16,0
F23Q10043110,13,0
F23Q20194436,20,0
F23Q10111184,7,1
F23Q20008541,16,0
F22Q10163133,12,1
F23Q30255409,19,0
F23Q10017040,4,1
F23Q20081771,19,0
F23Q20151012,11,1
F23Q30064545,20,0
F22Q30044861,9,1
F22Q10401456,21,0
F23Q30127927,24,0
F22Q40219100,22,0
F23Q10110016,18,0
F22Q10105525,14,0
F22Q20412621,5,1
F23Q20212826,17,0
F22Q20214781,12,1
F23Q30208725,16,0
F22Q20333014,22,0
F23Q10025000,5,1
F22Q10455375,17,0
F22Q30122212,7,1
F22Q20199175,16,0
F22Q40070587,3,1
F22Q40016826,4,1
F22Q30125842,7,1
F23Q10093378,13,0
F23Q20245001,12,1
F23Q20133683,20,0
F22Q20008733,3,1
F22Q10158444,21,0
F23Q20000764,17,0
F22Q30021046,22,0
F22Q20159724,8,1
F22Q20388701,18,0
F23Q30072602,23,0
F22Q40215328,11,1
F22Q30312374,9,1
F23Q30233676,8,1
F23Q20258474,15,0
F22Q10341365,11,1
F22Q20063697,21,0
F22Q30276627,15,0
F23Q10144365,9,1
F23Q20230489,11,1
F23Q20112740,9,1
F23Q20119463,22,0
F22Q40074587,19,0
F22Q10087061,18,0
F22Q40159782,7,1
F22Q30136081,11,1
F22Q20266068,14,0
F22Q20127627,5,1
F23Q10048135,15,0
F22Q10011004,24,0
F22Q10508396,18,0
F22Q40185303,17,0
F22Q10467004,6,1
F22Q40001309,21,0
F23Q20099524,12,1
F22Q10577156,8,1
F22Q30071947,10,1
F22Q20144293,9,1
F22Q30048771,15,0
F22Q30120610,13,0
F23Q10022509,18,0
F22Q30056727,4,1
F23Q10109211,23,0
F22Q30011850,4,1
F23Q20235616,21,0
F22Q10424921,19,0
F22Q10497809,19,0
F23Q30156209,22,0
F22Q10079818,23,0
F22Q20228334,16,0
F22Q30039993,15,0
F22Q10012756,12,1
F22Q10555143,19,0
F23Q30017166,11,1
F22Q40129791,5,1
F22Q10029359,12,1
F22Q20284899,16,0
F22Q10050759,5,1
F22Q30005678,16,0
F22Q10069444,17,0
F22Q10356737,23,0
F22Q30075520,13,0
F22Q10502200,6,1
F22Q30198970,23,0
F22Q30075385,6,1
F23Q30079853,23,0
F22Q20400653,20,0
F23Q30067937,21,0
F22Q20095210,9,1
F22Q10218948,24,0
F22Q20388015,6,1
F23Q10126352,24,0
F22Q40077243,21,0
F22Q20373949,13,0
F23Q10115560,8,1
F23Q10082862,22,0
F22Q20384186,21,0
F22Q20196681,12,1
F22Q40159648,12,1
F22Q40102972,19,0
F23Q30175215,16,0
F22Q20186587,24,0
F22Q30091173,18,0
F22Q20167651,13,0
F22Q30108102,17,0
F22Q40023865,21,0
F23Q30027044,16,0
F22Q30048106,23,0
F22Q20327351,6,1
F22Q10548465,15,0
F22Q20046405,18,0
F22Q30087326,14,0
F22Q10174633,16,0
F23Q30182976,12,1
F22Q20265792,17,0
F22Q20395492,4,1
F22Q30307761,13,0
F22Q20259748,9,1
F22Q20257071,19,0
F22Q40213174,21,0
F22Q20293280,23,0
F22Q10395127,19,0
F22Q30224689,24,0
F22Q30312207,17,0
F22Q10048691,8,1
F23Q20258508,18,0
F22Q30109776,23,0
F23Q20133788,11,1
F22Q30044339,23,0
F22Q10117138,3,1
F22Q10467350,21,0
F22Q20267945,6,1
F22Q40052319,22,0
F23Q30192893,6,1
F22Q30132266,4,1
F22Q30007792,4,1
F22Q40179452,13,0
F22Q10193819,13,0
F22Q20050895,18,0
F22Q40015706,19,0
F22Q10339933,21,0
F22Q20407486,21,0
F23Q30107086,14,0
F22Q30020387,3,1
F22Q10204059,14,0
F22Q20369432,11,1
F22Q30164583,3,1
F22Q30200475,21,0
F22Q10157805,15,0
F22Q40020156,20,0
F23Q10042537,22,0
F22Q30112810,6,1
F23Q10107904,16,0
F22Q10304326,7,1
F22Q30293197,21,0
F23Q20080823,19,0
F22Q20245684,7,1
F23Q20019408,15,0
F23Q20181560,16,0
F22Q30072829,14,0
F23Q10033726,8,1
F23Q20227248,21,0
F22Q40096608,24,0
F22Q10119660,18,0
F22Q10163068,21,0
F22Q20131357,3,1
F23Q10098790,20,0
F23Q30182771,6,1
F23Q30090909,16,0
F22Q20072329,19,0
F22Q20430422,14,0
F23Q10080241,6,1
F23Q20211832,16,0
F22Q30260123,14,0
F22Q20212207,19,0
F23Q10186047,8,1
F22Q20345456,13,0
F22Q10478729,15,0
F22Q10517783,20,0
F22Q40216369,24,0
F23Q20233114,4,1
F22Q10255577,15,0
F22Q10446226,24,0
F23Q20265187,20,0
F22Q10530058,23,0
F22Q30141645,6,1
F22Q30019813,8,1
F23Q10038407,18,0
F23Q30171761,3,1
F22Q40150203,6,1
F22Q30219334,7,1
F22Q30202506,20,0
F22Q30145508,20,0
F23Q30022334,18,0
F22Q20310933,20,0
F22Q20204467,18,0
F23Q10025442,24,0
F22Q40017626,19,0
F22Q10234343,18,0
F22Q20089831,4,1
F22Q20253868,7,1
F23Q10111723,7,1
F23Q30126321,17,0
F23Q30026892,12,1
F22Q20146956,12,1
F22Q40189344,22,0
F22Q20173057,14,0
F23Q10021266,17,0
F22Q10035745,19,0
F23Q30105672,24,0
F22Q10482741,7,1
F22Q30186404,14,0
F22Q30312475,10,1
F22Q20430024,12,1
F22Q10458724,5,1
F22Q30103194,22,0
F23Q10126888,23,0
F23Q30028220,23,0
F22Q40118937,5,1
F22Q10173358,22,0
F22Q10228857,3,1
F22Q10495760,5,1
F22Q30112600,3,1
F22Q40163716,18,0
F22Q20414714,11,1
F23Q10007530,19,0
F22Q40015966,14,0
F23Q20243307,20,0
F22Q30258157,9,1
F22Q40209561,23,0
F22Q20379627,10,1
F22Q30258574,19,0
F22Q10450693,24,0
F22Q20167308,12,1
F23Q20032315,8,1
F23Q30182983,20,0
F23Q20093152,16,0
F22Q30072625,14,0
F22Q10571303,8,1
F22Q20197756,19,0
F22Q20044782,16,0
F22Q40114571,23,0
F22Q20096349,6,1
F22Q10552984,20,0
F22Q30033007,4,1
F23Q20021570,17,0
F22Q30078205,13,0
F22Q10015863,12,1
F22Q10485153,4,1
F22Q20305319,17,0
F23Q30111284,21,0
F22Q10535249,15,0
F23Q30168502,18,0
F23Q30087960,24,0
F22Q10406102,14,0
F22Q40184040,14,0
F23Q20050980,4,1
F23Q30251942,16,0
F23Q20166228,13,0
F22Q10487359,15,0
F22Q10454722,10,1
F22Q20061523,19,0
F22Q30255300,5,1
F22Q20218777,13,0
F22Q20266150,15,0
F22Q20283898,5,1
F22Q30213259,11,1
F22Q40187668,10,1
F22Q30192842,9,1
F22Q20058291,22,0
F22Q10032675,10,1
F22Q10563863,11,1
F23Q10056987,6,1
F23Q20017880,17,0
F22Q10320283,5,1
F22Q30184619,21,0
F22Q40178419,18,0
F22Q40043587,24,0
F22Q10398339,4,1
F22Q40207633,21,0
F23Q20184022,14,0
F23Q10142973,9,1
F22Q20236314,15,0
F22Q20387347,12,1
F22Q10295808,18,0
F23Q30136395,9,1
F22Q30259748,15,0
F22Q10521667,16,0
F23Q30197115,16,0
F22Q30105056,10,1
F22Q40022534,24,0
F22Q10231319,23,0
F22Q30303102,15,0
F22Q30271052,8,1
F22Q20003960,6,1
F22Q20290564,4,1
F22Q20386346,23,0
F22Q10238695,7,1
F22Q20256747,22,0
F22Q20395220,21,0
F23Q20148380,22,0
F22Q40004606,15,0
F23Q30132109,3,1
F22Q40188390,14,0
F23Q10161394,18,0
F22Q20167751,6,1
F22Q20388902,4,1
F23Q20191545,6,1
F22Q30037650,8,1
F23Q20227915,6,1
F22Q40088037,20,0
F22Q10194569,23,0
F22Q40051946,12,1
F22Q30092468,8,1
F22Q20077614,5,1
F23Q10158473,20,0
F23Q10125624,21,0
F22Q30202153,3,1
F22Q10520273,3,1
F23Q10179972,18,0
F22Q40100203,12,1
F22Q20419704,19,0
F22Q10366331,15,0
F22Q30250957,20,0
F22Q40083331,23,0
F22Q10223251,4,1
F23Q20022870,19,0
F23Q20023783,21,0
F22Q10114847,10,1
F22Q30177864,12,1
F22Q20012668,18,0
F22Q10354784,15,0
F22Q10140211,11,1
F22Q20317710,7,1
F22Q40113703,24,0
F22Q20340566,17,0
F22Q40094672,22,0
F22Q20007894,7,1
F22Q10044731,6,1
F22Q10453871,16,0
F22Q40166668,23,0
F23Q10072822,4,1
F23Q20094514,19,0
F23Q20155537,21,0
F23Q30219046,13,0
F22Q40153131,7,1
F22Q20177855,19,0
F22Q20379697,7,1
F22Q30288220,23,0
F23Q10172573,8,1
F22Q20352249,18,0
F22Q20236887,16,0
F22Q40206154,15,0
F22Q30001941,23,0
F22Q20142227,17,0
F22Q30154385,22,0
F23Q10182551,16,0
F23Q10184632,5,1
F22Q20333293,4,1
F22Q20354942,16,0
F23Q10122394,21,0
F22Q20179802,15,0
F22Q20378997,6,1
F23Q10046634,15,0
F23Q30128852,9,1
F22Q10095081,14,0
F23Q10067516,12,1
F23Q10128851,10,1
F22Q20113836,7,1
F22Q10034678,14,0
F22Q30066364,16,0
F22Q40060405,24,0
F22Q30278269,13,0
F22Q40053381,8,1
F22Q40142928,19,0
F22Q10530962,7,1
F22Q10109733,14,0
F22Q30075667,16,0
F22Q10229170,21,0
F22Q20402103,7,1
F23Q20205069,11,1
F22Q20358062,18,0
F22Q20306427,24,0
F23Q10121619,23,0
F23Q30087828,20,0
F22Q10541916,18,0
F22Q20374314,7,1
F22Q30152469,20,0
F23Q30053780,19,0
F22Q30292163,7,1
F23Q10099367,20,0
F22Q10204798,19,0
F23Q30006147,20,0
F22Q30015846,18,0
F22Q30069898,16,0
F22Q30283935,12,1
F22Q10466390,18,0
F22Q10511097,17,0
F22Q20061745,8,1
F22Q30274949,15,0
F23Q30229294,11,1
F22Q30229785,20,0
F22Q10071817,22,0
F23Q30197978,13,0
F22Q10383255,19,0
F23Q10004688,20,0
F22Q10579082,24,0
F22Q30125851,9,1
F23Q20260368,17,0
F22Q10174139,24,0
F22Q10101359,20,0
F22Q20266355,5,1
F23Q20118707,6,1
F23Q30161894,20,0
F22Q10321160,7,1
F22Q10455881,23,0
F22Q40147005,22,0
F23Q10023444,12,1
F22Q20206871,4,1
F22Q10267733,14,0
F22Q10579827,17,0
F23Q20239697,17,0
F22Q20402329,16,0
F22Q30325343,5,1
F22Q10412469,17,0
F22Q20366180,14,0
F22Q30135600,17,0
F22Q30040904,6,1
F22Q30171390,19,0
F23Q30202369,6,1
F22Q20099981,18,0
F22Q10408390,23,0
F22Q30063280,15,0
F22Q30318862,24,0
F23Q10161282,21,0
F22Q30012497,18,0
F22Q20158247,20,0
F22Q20380595,23,0
F22Q40060571,11,1
F22Q30186797,16,0
F22Q20124662,5,1
F22Q30324197,8,1
F22Q20131849,17,0
F23Q20267128,9,1
F22Q10272813,14,0
F22Q10289147,7,1
F23Q30195370,19,0
F22Q10174552,6,1
F22Q20202792,4,1
F23Q10053279,7,1
F22Q20332319,6,1
F22Q30103482,3,1
F22Q30155697,19,0
F22Q40009386,8,1
F22Q10158814,9,1
F22Q20094777,12,1
F23Q30083984,14,0
F22Q20264352,5,1
F22Q30069322,14,0
F23Q20211200,24,0
F23Q20251306,9,1
F22Q40021428,8,1
F22Q10118366,18,0
F22Q10071182,17,0
F22Q40003876,5,1
F22Q40183817,23,0
F22Q10376183,6,1
F22Q20052326,20,0
F22Q20237130,7,1
F22Q10056614,10,1
F22Q20069653,12,1
F22Q10435979,22,0
F23Q10100112,5,1
F23Q10047008,8,1
F22Q30270832,24,0
F22Q30110876,22,0
F22Q10582830,19,0
F23Q10157615,18,0
F22Q10354713,12,1
F22Q10352624,23,0
F23Q30128359,12,1
F23Q10162366,19,0
F22Q30029567,16,0
F23Q10040546,9,1
F22Q10476563,3,1
F22Q10060699,23,0
F22Q30210943,3,1
F23Q30100430,23,0
F22Q10531107,22,0
F22Q20228046,5,1
F22Q10070323,22,0
F22Q30185800,4,1
F22Q20134488,7,1
F22Q10051375,11,1
F22Q20121981,17,0
F22Q20249031,23,0
F22Q30046314,10,1
F22Q20394380,19,0
F22Q30126429,10,1
F22Q20316728,10,1
F23Q30030595,16,0
F22Q10259893,9,1
F22Q30056466,7,1
F22Q30307795,9,1
F22Q30147119,21,0
F22Q10415432,10,1
F22Q40027330,10,1
F23Q30006157,20,0
F22Q40093137,15,0
F23Q10073851,4,1
F22Q20033830,19,0
F23Q10125699,24,0
F23Q20077524,10,1
F22Q30268679,15,0
F22Q10096927,24,0
F22Q30212508,20,0
F23Q10081328,15,0
F22Q40143943,17,0
F23Q30103603,14,0
F22Q20098408,8,1
F23Q30238919,11,1
F22Q20083239,11,1
F22Q40025889,3,1
F22Q10227805,15,0
F22Q30224781,23,0
F23Q30225352,8,1
F22Q40180939,18,0
F22Q40191303,15,0
F23Q10021901,12,1
F22Q30173214,16,0
F23Q30065330,4,1
F23Q30247019,20,0
F22Q40054095,14,0
F23Q10142227,22,0
F22Q20092598,6,1
F23Q30182973,24,0
F22Q30030703,18,0
F22Q20358839,12,1
F22Q20033422,3,1
F22Q30235248,7,1
F22Q20031534,18,0
F23Q30130815,13,0
F22Q20159202,6,1
F23Q20270736,5,1
F22Q20285553,24,0
F22Q20356550,6,1
F23Q30091216,15,0
F22Q30297097,15,0
F22Q30272832,24,0
F22Q40101262,18,0
F23Q30142676,15,0
F23Q30076105,19,0
F22Q10222937,8,1
F22Q30022873,11,1
F22Q40057429,10,1
F23Q20053517,11,1
F22Q20334588,9,1
F23Q20262613,24,0
F22Q30063351,20,0
F22Q10362571,16,0
F23Q20256174,18,0
F22Q40019133,6,1
F22Q10017353,15,0
F22Q10529310,12,1
F23Q20093774,20,0
F22Q30135693,8,1
F23Q20225558,19,0
F23Q10149679,21,0
F23Q20023296,14,0
F23Q10065332,16,0
F23Q30184854,11,1
F22Q30220898,14,0
F23Q30091714,4,1
F23Q30196700,5,1
F23Q30258535,19,0
F22Q10359248,9,1
F22Q10244429,12,1
F22Q10450513,19,0
F23Q20252254,17,0
F22Q20257243,19,0
F22Q30328516,4,1
F22Q40181318,9,1
F23Q10068404,19,0
F22Q20267127,18,0
F22Q30113129,16,0
F22Q40054278,3,1
F22Q10448219,24,0
F23Q10014875,11,1
F23Q30098798,10,1
F22Q30150968,21,0
F22Q20100867,15,0
F22Q40103337,19,0
F22Q20068302,20,0
F23Q20094631,22,0
F22Q30014478,3,1
F22Q30127102,18,0
F22Q30055274,10,1
F22Q30011095,18,0
F22Q20359370,19,0
F22Q40103049,24,0
F22Q20142007,8,1
F23Q30155033,16,0
F22Q10104028,3,1
F22Q30243523,19,0
F22Q10410676,18,0
F22Q10155867,20,0
F23Q10034582,18,0
F23Q10118508,21,0
F22Q10447075,22,0
F22Q30252482,8,1
F22Q10280482,9,1
F22Q20434697,5,1
F22Q40046016,15,0
F23Q10130037,7,1
F22Q20324582,20,0
F22Q30200866,5,1
F22Q10031722,21,0
F22Q30053214,5,1
F22Q10558509,15,0
F22Q10578392,24,0
F22Q10425982,15,0
F22Q30268322,13,0
F22Q10462517,11,1
F22Q40214315,4,1
F22Q10297335,20,0
F22Q20249182,7,1
F23Q20022192,3,1
F22Q20150980,19,0
F22Q40023695,17,0
F22Q30143418,11,1
F22Q30207696,24,0
F22Q30123192,18,0
F23Q20043323,24,0
F22Q10555898,24,0
F22Q20117095,5,1
F22Q10421878,9,1
F23Q30087093,22,0
F22Q10048441,10,1
F22Q20074166,22,0
F22Q30264859,10,1
F22Q30296782,19,0
F23Q30060865,7,1
F22Q10101834,14,0
F22Q10347323,15,0
F22Q10494008,16,0
F22Q30280275,3,1
F23Q20216398,22,0
F22Q40157127,11,1
F23Q30078752,13,0
F23Q30242119,22,0
F22Q20079420,11,1
F23Q10166558,6,1
F22Q20369681,24,0
F22Q10443740,16,0
F22Q30065051,4,1
F23Q20126805,19,0
F22Q10403850,8,1
F22Q30190780,16,0
F22Q20379340,24,0
F23Q30230656,9,1
F23Q30039146,20,0
F23Q30116735,11,1
F23Q30068047,22,0
F23Q30209363,14,0
F23Q20173209,9,1
F22Q10383471,16,0
F22Q10430284,8,1
F22Q20317097,23,0
F23Q30102543,6,1
F22Q10078477,10,1
F22Q40088880,24,0
F23Q20149049,24,0
F22Q30312774,7,1
F22Q40156663,21,0
F22Q20274849,22,0
F23Q10061719,21,0
F22Q20376808,17,0
F22Q30198594,13,0
F22Q10338154,23,0
F23Q20106162,24,0
F22Q10329268,19,0
F22Q20011833,12,1
F23Q20205607,22,0
F22Q20171654,5,1
F22Q40076666,5,1
F22Q20071027,4,1
F22Q20387133,13,0
F22Q30215522,4,1
F23Q20134538,4,1
F22Q10331032,11,1
F22Q20328233,12,1
F22Q30213851,16,0
F22Q20392786,18,0
F23Q20162864,21,0
F23Q20192398,24,0
F23Q20234793,20,0
F22Q10077344,11,1
F22Q20168875,4,1
F22Q20378042,10,1
F22Q30223140,15,0
F22Q40016273,23,0
F23Q30156927,15,0
F22Q20078619,18,0
F23Q20269120,7,1
F22Q10553644,19,0
F22Q40026962,4,1
F22Q20027351,15,0
F22Q10420173,10,1
F23Q30129364,23,0
F23Q10115259,7,1
F22Q10552637,20,0
F22Q40140214,24,0
F23Q30177036,11,1
F23Q10180816,23,0
F23Q10123822,8,1
F22Q10364817,4,1
F22Q20231206,7,1
F22Q10177761,8,1
F22Q10387426,8,1
F23Q20198508,14,0
F22Q10061341,19,0
F22Q10454732,22,0
F22Q30233348,13,0
F22Q20414061,4,1
F23Q10105931,24,0
F23Q20254260,24,0
F22Q30278396,19,0
F22Q40010501,22,0
F22Q20427105,6,1
F22Q30297768,12,1
F22Q30070605,18,0
F23Q20223629,13,0
F23Q20263388,9,1
F22Q10443804,8,1
F23Q30048746,14,0
F22Q10204729,6,1
F22Q10434710,6,1
F22Q10532476,24,0
F22Q20380863,20,0
F22Q10149664,22,0
F22Q30012847,23,0
F23Q10000617,19,0
F22Q30137435,13,0
F22Q30223669,21,0
F22Q40193986,9,1
F22Q20221363,24,0
F22Q10331105,9,1
F22Q40118795,21,0
F22Q30302634,3,1
F22Q30119483,20,0
F22Q30022175,6,1
F22Q20437965,22,0
F22Q10111310,16,0
F22Q20362202,4,1
F22Q10578010,13,0
F23Q30027276,16,0
F22Q10182892,6,1
F22Q10342624,22,0
F22Q20145771,17,0
F22Q20115938,17,0
F23Q30113043,9,1
F22Q10432219,8,1
F22Q30176670,7,1
F22Q10194620,11,1
F23Q10077493,5,1
F22Q30185840,5,1
F23Q30102579,13,0
F22Q40117599,11,1
F23Q30098636,11,1
F23Q30071267,4,1
F23Q10013089,9,1
F22Q20206735,4,1
F22Q10133414,4,1
F23Q20103254,19,0
F22Q10135393,23,0
F22Q10514832,9,1
F22Q30109532,11,1
F23Q20060074,17,0
F22Q40083609,12,1
F22Q10420951,13,0
F22Q20176402,19,0
F22Q20341498,9,1
F22Q20301827,17,0
F23Q20065002,24,0
F22Q10241882,9,1
F23Q10109437,23,0
F23Q30090362,19,0
F22Q20386183,3,1
F23Q30031171,18,0
F23Q20076561,17,0
F22Q40188890,7,1
F22Q10103908,9,1
F22Q10311113,11,1
F22Q10565197,3,1
F23Q20029257,23,0
F22Q30226909,8,1
F22Q40197013,20,0
F22Q30246376,21,0
F22Q10579234,21,0
F22Q30219580,21,0
F22Q30289525,12,1
F22Q40156323,13,0
F22Q30244420,16,0
F23Q10075507,21,0
F22Q40148759,3,1
F23Q30110571,18,0
F23Q10032838,11,1
F23Q20061973,6,1
F22Q40094510,16,0
F23Q30068668,7,1
F22Q30254026,17,0
F23Q30046258,7,1
F22Q30225950,11,1
F22Q30267882,8,1
F22Q30084059,20,0
F22Q20382811,11,1
F23Q30246541,11,1
F22Q10383394,23,0
F22Q40186230,11,1
F23Q10092807,17,0
F23Q20148409,19,0
F22Q20059153,20,0
F22Q30310719,11,1
F23Q30089480,8,1
F22Q40037387,20,0
F22Q30319198,19,0
F22Q40127718,23,0
F22Q20150790,19,0
F23Q20246256,13,0
F23Q20169896,6,1
F23Q30158452,5,1
F22Q10149654,10,1
F22Q30224302,14,0
F22Q30165118,4,1
F22Q10083907,22,0
F22Q30082225,7,1
F22Q20146849,24,0
F22Q10118841,24,0
F22Q20038369,11,1
F22Q10493227,10,1
F22Q40031902,11,1
F22Q30258777,23,0
F23Q20233701,17,0
F23Q30117913,22,0
F22Q40169578,7,1
F22Q10529004,11,1
F22Q40098905,24,0
F23Q10101386,19,0
F22Q30057013,7,1
F22Q30229782,23,0
F22Q10128056,8,1
F22Q10262076,20,0
F22Q30046736,8,1
F22Q30153765,23,0
F22Q40021294,7,1
F23Q30241719,13,0
F22Q30086349,3,1
F22Q10135170,11,1
F22Q30312850,23,0
F22Q10578536,16,0
F22Q30005444,12,1
F23Q10049445,3,1
F22Q20175496,17,0
F22Q20226328,19,0
F22Q20044419,7,1
F22Q40206625,15,0
F23Q30102957,23,0
F22Q40157755,15,0
F22Q40016725,18,0
F22Q20392293,8,1
F22Q10217861,7,1
F22Q30116120,5,1
F22Q30269580,11,1
F22Q20208763,24,0
F22Q10479032,21,0
F23Q30262653,19,0
F22Q20314355,13,0
F22Q20372860,3,1
F23Q30213475,19,0
F23Q10119251,21,0
F22Q20307856,15,0
F22Q30262589,7,1
F22Q30129368,17,0
F23Q30018650,12,1
F22Q30032051,19,0
F22Q20364006,16,0
F22Q10121169,11,1
F23Q10132959,15,0
F22Q10023736,19,0
F23Q30027308,17,0
F23Q20010064,24,0
F22Q10176820,6,1
F22Q20123748,22,0
F22Q30013726,5,1
F23Q30086573,19,0
F22Q10158405,23,0
F22Q40114382,8,1
F22Q20339702,21,0
F22Q10328823,23,0
F22Q10480329,10,1
F23Q20147027,17,0
F22Q30282216,10,1
F22Q10464984,8,1
F23Q20173907,18,0
F22Q30009576,17,0
F22Q20080933,7,1
F23Q10068760,7,1
F22Q30158357,17,0
F22Q40070061,22,0
F22Q20058935,21,0
F23Q20086090,21,0
F22Q40174156,22,0
F22Q20189852,23,0
F22Q10512056,16,0
F22Q20401083,3,1
F22Q20362429,5,1
F23Q10108054,23,0
F22Q10538857,19,0
F22Q20433742,18,0
F22Q30081960,9,1
F23Q30237813,20,0
F23Q10155527,14,0
F22Q10076080,3,1
F22Q10354314,15,0
F22Q20309665,6,1
F22Q20183427,21,0
F22Q30138135,17,0
F23Q30089676,8,1
F22Q10401872,20,0
F22Q20079173,20,0
F22Q40188411,21,0
F22Q10408343,21,0
F22Q20335367,23,0
F23Q30154657,12,1
F22Q30152976,4,1
F22Q40121858,5,1
F23Q10110419,12,1
F22Q10552733,10,1
F22Q30008266,22,0
F23Q10087441,13,0
F22Q20028703,14,0
F22Q10202186,9,1
F22Q30110676,20,0
F22Q10210066,9,1
F23Q30053571,5,1
F22Q10427952,3,1
F22Q20207903,21,0
F23Q20122830,8,1
F22Q20206993,13,0
F22Q10547596,17,0
F22Q20325542,16,0
F22Q20337368,8,1
F23Q30089768,15,0
F23Q20151949,9,1
F22Q20331149,7,1
F22Q40054428,21,0
F22Q30179902,14,0
F23Q30031707,22,0
F23Q30045315,7,1
F23Q30058136,24,0
F22Q30293980,20,0
F22Q40070216,17,0
F23Q30065338,24,0
F23Q30155278,18,0
F22Q20330410,18,0
F22Q40028196,14,0
F22Q20179782,23,0
F22Q40076524,5,1
F23Q20064289,5,1
F22Q20089404,13,0
F23Q30135644,15,0
F23Q30211877,20,0
F22Q20281485,3,1
F23Q10120174,12,1
F23Q20169209,11,1
F22Q20246343,7,1
F22Q40194593,15,0
F22Q10382100,21,0
F23Q20075890,10,1
F23Q30025313,8,1
F22Q10387767,20,0
F22Q20395648,13,0
F22Q20026650,11,1
F23Q10151113,15,0
F22Q30230353,11,1
F23Q30136629,17,0
F22Q40171796,7,1
F22Q10147025,11,1
F22Q30005047,15,0
F22Q20340602,5,1
F23Q30177077,7,1
F22Q10249808,12,1
F22Q20406414,12,1
F23Q10129182,4,1
F22Q10097183,11,1
F22Q10010958,15,0
F22Q30234627,5,1
F23Q30034761,18,0
F22Q40079467,4,1
F22Q10383241,9,1
F22Q20151967,5,1
F22Q20192492,18,0
F23Q10150886,24,0
F23Q10139392,10,1
F22Q40116832,3,1
F22Q40198284,23,0
F22Q10495898,4,1
F22Q40013818,10,1
F22Q20367797,21,0
F22Q10488982,9,1
F22Q40101369,3,1
F22Q40180893,12,1
F23Q30249023,15,0
F22Q20211770,6,1
F22Q30245180,5,1
F22Q20181887,18,0
F22Q30122634,11,1
F22Q40076074,21,0
F22Q30319545,12,1
F22Q40180011,23,0
F23Q20003533,19,0
F22Q10155609,22,0
F23Q10041818,14,0
F23Q20121085,15,0
F22Q30248180,6,1
F22Q10467337,15,0
F23Q10050803,17,0
F22Q10561208,19,0
F23Q10035609,22,0
F22Q30329675,16,0
F23Q30185322,15,0
F23Q20187299,19,0
F22Q10456992,9,1
F22Q10414805,19,0
F22Q20182482,3,1
F22Q40016412,13,0
F22Q30314921,10,1
F22Q40109599,23,0
F22Q20109354,14,0
F22Q10401728,23,0
F22Q10490400,8,1
F22Q20241701,17,0
F22Q30204725,8,1
F22Q10127751,5,1
F23Q20034345,7,1
F23Q30019727,16,0
F22Q30120803,18,0
F23Q30085990,15,0
F22Q10529252,19,0
F22Q20293516,21,0
F22Q40220512,7,1
F23Q30124445,5,1
F23Q20115531,17,0
F22Q10376740,8,1
F22Q10105066,7,1
F22Q10325106,5,1
F23Q20145735,17,0
F22Q20050156,15,0
F22Q30072041,24,0
F23Q30175727,16,0
F23Q30094346,15,0
F22Q20054142,11,1
F22Q20327333,7,1
F22Q10189326,18,0
F22Q40067643,12,1
F22Q10356931,24,0
F22Q20426417,5,1
F23Q20021508,24,0
F23Q10046636,20,0
F22Q20317672,16,0
F23Q30229543,5,1
F22Q10339760,7,1
F23Q20112948,21,0
F22Q30103133,16,0
F22Q40182092,8,1
F22Q40143302,3,1
F22Q30034615,22,0
F22Q30234947,4,1
F22Q10430395,21,0
F22Q10107697,5,1
F22Q10490728,21,0
F22Q10577161,19,0
F23Q30235944,16,0
F22Q10120859,21,0
F22Q10290219,24,0
F22Q10411057,8,1
F23Q10125395,17,0
F22Q10272258,5,1
F23Q20151574,15,0
F23Q30154437,12,1
F22Q10167930,18,0
F23Q20248357,12,1
F22Q10516961,15,0
F22Q30252952,13,0
F22Q20381300,21,0
F23Q30018753,22,0
F22Q30022110,22,0
F23Q10003017,19,0
F22Q10576749,8,1
F22Q40132913,13,0
F23Q30012189,22,0
F22Q40214408,13,0
F22Q10140264,11,1
F23Q20151056,11,1
F22Q10467460,20,0
F22Q40062734,4,1
F22Q30101415,16,0
F23Q10114548,6,1
F22Q30167711,20,0
F22Q30012436,21,0
F22Q30124948,4,1
F22Q20383338,16,0
F22Q20272540,17,0
F22Q20260099,13,0
F22Q40171577,13,0
F23Q30113220,22,0
F23Q20071133,10,1
F23Q20140782,5,1
F22Q10380841,22,0
F22Q20156459,10,1
F22Q30069562,15,0
F22Q30054412,19,0
F23Q30167979,10,1
F22Q40190854,3,1
F22Q30185516,19,0
F23Q20004877,21,0
F22Q20253142,5,1
F22Q30112382,16,0
F22Q20298580,14,0
F22Q20274635,5,1
F22Q10537207,8,1
F23Q20119025,6,1
F22Q10111511,24,0
F22Q10367352,22,0
F22Q10357628,4,1
F22Q10416561,3,1
F22Q20295651,17,0
F22Q40214491,12,1
F23Q10005752,8,1
F22Q30220676,23,0
F22Q10481679,3,1
F23Q30083633,18,0
F23Q10088411,8,1
F22Q20110708,9,1
F22Q10239563,5,1
F22Q10217049,14,0
F22Q10202867,24,0
F22Q10232897,21,0
F22Q20246594,3,1
F22Q20185570,5,1
F23Q20210914,9,1
F22Q30178840,7,1
F22Q20241417,13,0
F22Q30205413,7,1
F22Q10362072,8,1
F22Q10248383,17,0
F22Q20324478,11,1
F22Q30050528,20,0
F22Q30106231,13,0
F22Q40162827,20,0
F22Q30049810,20,0
F22Q30210933,10,1
F23Q30020702,17,0
F22Q10166624,15,0
F22Q30088929,9,1
F22Q20241415,3,1
F23Q30132747,20,0
F23Q20188757,16,0
F22Q20198290,4,1
F23Q10156772,9,1
F22Q30172595,16,0
F23Q10025755,13,0
F22Q10572017,14,0
F22Q10442981,5,1
F23Q10072349,4,1
F22Q20431707,10,1
F23Q30157974,8,1
F23Q10176425,17,0
F22Q20137651,10,1
F23Q30031450,17,0
F22Q10002996,4,1
F22Q10255269,9,1
F22Q30137684,16,0
F22Q40090887,24,0
F22Q30265981,3,1
F22Q20153334,6,1
F22Q30276999,3,1
F22Q10405225,23,0
F22Q40060924,14,0
F22Q30013042,5,1
F22Q30327200,13,0
F22Q20245347,19,0
F22Q30222669,14,0
F22Q10395137,18,0
F22Q10519036,12,1
F22Q20359803,13,0
F23Q30228296,7,1
F22Q30327483,5,1
F22Q20381490,11,1
F22Q10256292,10,1
F22Q10227857,5,1
F22Q30018927,15,0
F23Q30077584,15,0
F23Q10164305,22,0
F22Q30106540,22,0
F22Q40092831,3,1
F22Q40182550,8,1
F22Q10482377,6,1
F22Q30212246,16,0
F22Q20229595,18,0
F22Q10187390,3,1
F22Q20279896,8,1
F22Q10402877,3,1
F22Q10130901,6,1
F23Q20251641,23,0
F23Q20068210,17,0
F23Q30144840,11,1
F22Q10290179,5,1
F22Q10464001,19,0
F22Q30023168,21,0
F22Q20381259,15,0
F22Q20232882,18,0
F23Q30070913,22,0
F22Q20364332,8,1
F23Q30076349,12,1
F22Q20258573,17,0
F22Q10138959,23,0
F22Q10130615,13,0
F22Q20223125,19,0
F22Q40086099,18,0
F22Q20236884,7,1
F22Q20313090,22,0
F22Q30202702,9,1
F23Q20048396,12,1
F23Q30203343,12,1
F22Q10353313,15,0
F22Q30045072,24,0
F23Q10075427,22,0
F22Q30229087,15,0
F22Q20225496,21,0
F22Q20413496,7,1
F22Q20285048,4,1
F22Q40162441,23,0
F22Q20086412,20,0
F23Q10178679,11,1
F23Q20276109,13,0
F22Q40018402,14,0
F22Q10311992,21,0
F23Q30214185,10,1
F22Q30289881,16,0
F22Q30303736,18,0
F22Q20401446,4,1
F22Q30293614,18,0
F22Q20406604,7,1
F23Q30213540,20,0
F22Q40194838,20,0
F22Q20140340,8,1
F22Q20095254,21,0
F22Q10522044,10,1
F22Q30256221,16,0
F22Q20104962,20,0
F22Q30130046,8,1
F22Q10166552,13,0
F23Q20154732,18,0
F22Q20328569,15,0
F22Q30158558,22,0
F22Q10020121,13,0
F22Q10028032,3,1
F22Q30024163,10,1
F22Q30311444,17,0
F22Q40090606,7,1
F23Q20269965,16,0
F23Q10013319,20,0
F22Q30016988,8,1
F23Q10157568,20,0
F23Q30062025,4,1
F22Q20437820,3,1
F22Q10265669,8,1
F23Q20253820,23,0
F23Q20186411,20,0
F22Q30265707,24,0
F22Q10115335,11,1
F22Q30018168,16,0
F23Q10010681,21,0
F23Q10123836,18,0
F23Q10138195,12,1
F22Q10196251,3,1
F23Q30261194,15,0
F22Q20150309,9,1
F22Q30316588,20,0
F23Q20175898,16,0
F22Q20237672,6,1
F22Q20430527,14,0
F22Q20403377,24,0
F23Q20274906,20,0
F22Q20401567,14,0
F22Q40015125,23,0
F22Q20342956,24,0
F22Q10490846,22,0
F22Q10191684,12,1
F22Q30311296,15,0
F23Q20068588,14,0
F22Q10396676,7,1
F22Q20193432,18,0
F22Q10148820,18,0
F22Q20391280,6,1
F22Q30129610,7,1
F22Q20391449,5,1
F23Q10170069,15,0
F23Q20128449,22,0
F23Q20267480,13,0
F22Q30262379,23,0
F22Q30317430,22,0
F22Q40178195,10,1
F23Q20207881,8,1
F23Q10151956,5,1
F22Q20007712,21,0
F22Q20319625,23,0
F23Q20262815,23,0
F23Q20114803,19,0
F22Q20184483,11,1
F22Q20244776,11,1
F22Q10548009,8,1
F22Q10563518,14,0
F23Q30217347,11,1
F23Q30029517,13,0
F22Q30094129,10,1
F22Q40125069,10,1
F22Q20292596,10,1
F23Q30174612,10,1
F22Q10069078,8,1
F22Q30322449,21,0
F22Q20273661,7,1
F22Q40147957,19,0
F22Q30076008,22,0
F22Q10165441,11,1
F22Q20067962,7,1
F22Q20433871,9,1
F22Q20369140,7,1
F22Q20008677,3,1
F22Q10106207,19,0
F22Q10551035,9,1
F22Q20432553,23,0
F22Q40048976,10,1
F23Q10054419,10,1
F22Q20344696,17,0
F22Q10076103,14,0
F22Q20055993,15,0
F22Q20430141,11,1
F22Q30258362,15,0
F22Q20154521,23,0
F23Q20043720,16,0
F22Q10181205,13,0
F22Q30234698,3,1
F22Q40064268,14,0
F22Q10436054,3,1
F23Q20028242,13,0
F22Q30194273,16,0
F23Q10084890,10,1
F22Q10088074,24,0
F23Q20210307,18,0
F23Q30035056,14,0
F22Q10229932,15,0
F22Q30084287,5,1
F22Q40069608,13,0
F22Q10182239,5,1
F23Q30059483,16,0
F22Q20013303,19,0
F23Q20026815,19,0
F23Q30081847,15,0
F22Q20059705,21,0
F23Q30180568,5,1
F22Q40050095,4,1
F22Q40043766,22,0
F22Q20022472,17,0
F22Q10393762,23,0
F22Q20100861,4,1
F22Q40076168,18,0
F22Q10342502,9,1
F22Q30100316,21,0
F22Q40051462,9,1
F22Q30022189,15,0
F23Q30019770,18,0
F22Q30092915,23,0
F22Q40122059,5,1
F23Q10111276,9,1
F22Q10071733,9,1
F22Q10382737,22,0
F22Q20169389,8,1
F22Q20252502,18,0
F22Q30100360,8,1
F23Q10108976,21,0
F22Q10235464,23,0
F23Q20225556,8,1
F22Q40171837,24,0
F22Q20384042,15,0
F22Q10126618,24,0
F22Q10444843,12,1
F23Q30244851,19,0
F22Q40048707,24,0
F22Q40116194,17,0
F23Q20133539,14,0
F23Q20214796,7,1
F23Q20024540,14,0
F23Q20222499,8,1
F23Q10065078,9,1
F22Q30164626,16,0
F22Q30330082,13,0
F22Q30015447,17,0
F23Q20086498,21,0
F23Q10043003,21,0
F22Q10227955,12,1
F22Q30291796,4,1
F23Q30197692,8,1
F23Q10149194,22,0
F22Q10218133,24,0
F23Q10079104,16,0
F22Q10411908,13,0
F23Q10038142,16,0
F23Q30008968,6,1
F23Q30165430,15,0
F22Q20253235,5,1
F23Q20264266,5,1
F23Q10093018,22,0
F22Q20107081,20,0
F23Q20002952,10,1
F23Q10075394,4,1
F22Q30160830,5,1
F23Q30139208,7,1
F22Q30300333,8,1
F23Q30200541,23,0
F23Q30214169,12,1
F22Q40038564,23,0
F22Q10121258,20,0
F22Q40177031,17,0
F23Q20271088,16,0
F22Q30324421,13,0
F23Q10092044,9,1
F22Q30318154,7,1
F23Q20151926,24,0
F23Q20154556,22,0
F23Q10099271,16,0
F22Q10087973,12,1
F22Q20187255,10,1
F23Q10165537,20,0
F23Q20118359,18,0
F23Q30156404,10,1
F22Q10050803,15,0
F22Q20039991,17,0
F22Q40145663,23,0
F23Q10052961,22,0
F22Q30298986,18,0
F22Q10071974,22,0
F22Q30105301,24,0
F23Q10012264,7,1
F22Q30169858,13,0
F23Q10167548,8,1
F22Q30227918,21,0
F22Q30305196,21,0
F23Q10007261,11,1
F22Q40213407,19,0
F23Q30038009,12,1
F22Q10450961,9,1
F22Q10346390,24,0
F22Q30317792,15,0
F22Q20369892,6,1
F22Q30010271,7,1
F22Q20045086,15,0
F22Q30312508,6,1
F22Q10492723,8,1
F22Q40175746,18,0
F22Q40215392,6,1
F22Q20095122,17,0
F23Q10092562,23,0
F22Q30178333,12,1
F23Q10142873,11,1
F22Q20428466,9,1
F22Q10300113,10,1
F23Q30243347,18,0
F22Q10385304,18,0
F23Q10117559,11,1
F23Q20080970,19,0
F22Q20233445,6,1
F22Q40048368,23,0
F22Q10271007,4,1
F23Q20072534,18,0
F23Q30086023,20,0
F22Q20032527,6,1
F22Q10181949,15,0
F22Q10282334,5,1
F23Q30044248,18,0
F23Q30106672,12,1
F22Q10200490,4,1
F22Q10063687,12,1
F22Q10078608,19,0
F22Q30055638,11,1
F22Q10204202,23,0
F22Q40105811,17,0
F22Q10525855,20,0
F23Q10020857,22,0
F22Q30079456,4,1
F22Q10282570,12,1
F23Q20183880,6,1
F22Q20305113,22,0
F22Q20087217,6,1
F22Q20401114,9,1
F22Q20027026,19,0
F22Q20174656,14,0
F22Q20005607,11,1
F22Q20018894,22,0
F22Q20199269,9,1
F23Q30039327,16,0
F22Q20372592,4,1
F22Q10102443,10,1
F22Q10070418,14,0
F22Q40145393,6,1
F23Q30167644,17,0
F22Q20128260,7,1
F23Q20029344,7,1
F23Q30250596,14,0
F23Q30132116,23,0
F22Q10491548,21,0
F23Q30138990,23,0
F22Q30170476,17,0
F22Q10301815,5,1
F22Q30233872,9,1
F22Q20102302,17,0
F23Q20059134,24,0
F23Q10017969,11,1
F23Q10091179,5,1
F22Q20355211,7,1
F22Q20369693,9,1
F23Q20238614,13,0
F23Q30163542,11,1
F22Q10555276,19,0
F23Q30126367,13,0
F23Q20183109,7,1
F23Q30019976,16,0
F22Q10197531,14,0
F22Q20157689,8,1
F23Q30026474,20,0
F22Q30076082,19,0
F22Q10542601,22,0
F22Q10474574,24,0
F22Q20271533,16,0
F23Q20070206,18,0
F22Q10102812,19,0
F22Q20344661,23,0
F22Q40166908,4,1
F23Q10115237,11,1
F23Q30243360,15,0
F22Q30307724,20,0
F22Q10041195,21,0
F23Q30023258,9,1
F23Q30093030,18,0
F23Q30209226,3,1
F22Q30147067,19,0
F23Q30031044,4,1
F22Q40207766,7,1
F22Q10581909,17,0
F22Q30125306,19,0
F22Q30156023,15,0
F22Q40017358,22,0
F22Q30280143,24,0
F22Q40161818,9,1
F22Q40070186,15,0
F22Q40207849,17,0
F23Q10056014,11,1
F23Q20125268,21,0
F22Q20006896,8,1
F22Q20204199,9,1
F22Q40009172,21,0
F23Q30220054,23,0
F22Q30278452,6,1
F22Q40047667,8,1
F22Q40073875,23,0
F22Q20238785,17,0
F22Q20129087,21,0
F22Q10424684,11,1
F22Q10489111,9,1
F22Q10550410,9,1
F22Q30013294,22,0
F23Q20118560,17,0
F22Q10132074,3,1
F23Q10126669,19,0
F22Q10238865,9,1
F23Q10037328,6,1
F22Q40003981,8,1
F22Q40135566,12,1
F23Q20204966,10,1
F22Q30156875,8,1
F22Q20103750,6,1
F22Q40199134,21,0
F22Q40074248,8,1
F22Q20390951,23,0
F22Q10515227,11,1
F23Q20025499,24,0
F22Q40091508,13,0
F22Q20362607,19,0
F23Q10134208,18,0
F23Q30202995,17,0
F23Q10181171,6,1
F22Q20022453,15,0
F23Q10017298,20,0
F23Q10088626,18,0
F22Q30036969,21,0
F22Q40147043,13,0
F23Q30229184,18,0
F23Q20056258,18,0
F22Q30150651,23,0
F22Q10377107,15,0
F23Q10047268,18,0
F23Q20191866,24,0
F22Q20071787,21,0
F23Q10152538,16,0
F23Q10032944,14,0
F22Q30156883,13,0
F22Q20195488,20,0
F22Q30294515,23,0
F22Q40099080,7,1
F22Q10218160,6,1
F22Q40101902,24,0
F23Q20224033,17,0
F23Q20248561,20,0
F22Q40072811,8,1
F23Q20081531,20,0
F22Q20057278,6,1
F22Q40147445,9,1
F22Q10427927,8,1
F22Q30087796,11,1
F22Q10032384,3,1
F22Q40176105,12,1
F22Q30313610,23,0
F22Q10560856,21,0
F23Q30187442,7,1
F22Q20335811,12,1
F22Q30207593,16,0
F23Q10051514,22,0
F22Q20415343,23,0
F23Q10091946,20,0
F22Q10116614,18,0
F23Q20223287,16,0
F23Q10083895,20,0
F23Q10162358,13,0
F22Q10318959,10,1
F22Q30081515,9,1
F22Q30134339,16,0
F22Q20232096,14,0
F22Q10549592,2,1
F23Q10114765,15,0
F22Q30030363,4,1
F22Q20295993,23,0
F23Q30232751,22,0
F22Q10496474,10,1
F22Q30054643,12,1
F22Q30172762,5,1
F22Q20059729,5,1
F22Q10512437,10,1
F23Q20077975,13,0
F22Q40059301,24,0
F23Q10169039,12,1
F22Q10255534,12,1
F22Q40168819,6,1
F23Q10147784,24,0
F22Q10288942,16,0
F23Q20074870,20,0
F22Q20128311,21,0
F23Q10164521,19,0
F22Q30215141,8,1
F22Q40103924,3,1
F22Q30153491,12,1
F22Q10308562,3,1
F22Q20068878,12,1
F22Q20332285,5,1
F23Q10051908,14,0
F23Q20186625,21,0
F23Q30027671,17,0
F23Q20184321,10,1
F22Q30179635,21,0
F22Q40073259,4,1
F22Q30185784,3,1
F22Q20380556,13,0
F22Q20222581,5,1
F22Q10109893,9,1
F22Q10097300,22,0
F22Q20204732,13,0
F22Q10411704,18,0
F22Q10365712,13,0
F22Q30196161,6,1
F23Q20073802,19,0
F23Q30034731,18,0
F23Q20185569,5,1
F22Q30266844,8,1
F22Q40206375,17,0
F22Q20397119,11,1
F22Q30297988,13,0
F22Q30067129,20,0
F23Q20085621,17,0
F22Q30317778,9,1
F23Q30199517,13,0
F22Q30301100,5,1
F22Q20152248,23,0
F22Q10222203,10,1
F22Q30286612,19,0
F22Q40055139,22,0
F22Q20262985,4,1
F23Q20175001,18,0
F22Q10371749,5,1
F22Q10492214,14,0
F22Q30187799,20,0
F22Q40052795,3,1
F22Q20340700,4,1
F22Q10548715,13,0
F22Q10104696,20,0
F23Q30014577,15,0
F23Q30154268,24,0
F22Q10478584,11,1
F22Q20274268,6,1
F22Q30174579,14,0
F23Q30069088,14,0
F23Q10184802,17,0
F22Q10139019,8,1
F22Q40210891,4,1
F22Q30054161,21,0
F23Q30220370,10,1
F22Q30141153,6,1
F22Q30314031,7,1
F23Q20003857,15,0
F22Q30333607,9,1
F23Q20135860,23,0
F23Q20083960,22,0
F23Q20016603,16,0
F22Q10163298,10,1
F22Q30020071,16,0
F23Q20112328,19,0
F23Q30106808,10,1
F22Q20217992,18,0
F23Q20233270,14,0
F22Q10369786,13,0
F23Q10044121,6,1
F22Q20028213,3,1
F22Q10201356,12,1
F22Q10413175,14,0
F23Q10042246,16,0
F22Q40016275,12,1
F22Q10073005,7,1
F22Q30185451,14,0
F22Q20218782,20,0
F22Q40089400,11,1
F22Q30153229,11,1
F23Q20275381,18,0
F22Q40030815,6,1
F22Q20145195,16,0
F22Q20280718,12,1
F22Q20044264,24,0
F23Q10181515,23,0
F23Q20235853,3,1
F22Q10227100,9,1
F23Q10125632,24,0
F22Q40113455,21,0
F22Q30007772,9,1
F22Q20174934,22,0
F22Q10071233,17,0
F22Q10504108,21,0
F22Q10530954,17,0
F22Q20164087,18,0
F23Q30010443,10,1
F22Q20328908,20,0
F22Q10551701,22,0
F22Q10511373,21,0
F22Q20079871,21,0
F23Q30014783,24,0
F22Q20333296,19,0
F23Q30238223,14,0
F23Q10055255,18,0
F22Q20273728,21,0
F22Q40031549,19,0
F22Q40054318,14,0
F22Q20280647,15,0
F22Q10077565,8,1
F22Q20107186,19,0
F22Q10073042,16,0
F22Q30124051,15,0
F22Q10179321,8,1
F23Q20019283,10,1
F23Q10028073,14,0
F23Q10050395,21,0
F23Q20239656,12,1
F22Q10434589,24,0
F23Q20004941,13,0
F22Q20168577,21,0
F22Q30088254,23,0
F22Q10054146,19,0
F22Q10450008,21,0
F23Q10012587,3,1
F22Q20114122,14,0
F22Q30281634,15,0
F22Q20377217,3,1
F22Q10460680,21,0
F22Q30288248,4,1
F22Q40174397,24,0
F22Q40187850,21,0
F23Q20108409,16,0
F22Q30198928,3,1
F22Q10390828,17,0
F22Q20145487,4,1
F22Q30028681,12,1
F22Q10257368,14,0
F22Q20416277,11,1
F23Q20140315,20,0
F23Q20149841,10,1
F22Q30257238,23,0
F22Q40190733,9,1
F22Q20272501,24,0
F22Q20229658,19,0
F22Q30260255,20,0
F23Q20259111,17,0
F22Q20281925,17,0
F22Q10238245,9,1
F22Q20273300,18,0
F22Q10121657,10,1
F22Q20086588,17,0
F22Q40022770,15,0
F22Q30240485,14,0
F23Q10068345,11,1
F22Q40104504,20,0
F22Q40117136,10,1
F23Q30140228,13,0
F22Q30029597,12,1
F22Q20109818,14,0
F22Q40118692,10,1
F22Q10192827,19,0
F22Q20142753,15,0
F23Q10133438,5,1
F22Q30045486,7,1
F22Q40126723,12,1
F22Q30171318,13,0
F22Q30034713,24,0
F22Q40204550,16,0
F23Q30216835,20,0
F22Q40205450,24,0
F23Q20033080,13,0
F23Q30107180,4,1
F23Q30230561,20,0
F23Q20110114,18,0
F22Q10059984,11,1
F22Q10257930,22,0
F22Q30245023,16,0
F22Q20163921,23,0
F22Q20118233,10,1
F23Q20261570,19,0
F23Q30038937,16,0
F23Q30059693,5,1
F22Q20375801,4,1
F23Q30217702,11,1
F23Q10153826,13,0
F23Q30128535,17,0
F23Q10137134,20,0
F22Q20063920,9,1
F22Q20112781,9,1
F22Q40218085,16,0
F23Q20070841,21,0
F22Q20428046,17,0
F22Q30157405,24,0
F22Q40144776,10,1
F23Q20218254,18,0
F22Q30279426,12,1
F23Q20033700,20,0
F22Q20272199,10,1
F22Q10003564,3,1
F22Q10506056,20,0
F22Q20366096,19,0
F23Q20216616,12,1
F22Q30333812,17,0
F22Q20257532,11,1
F22Q10518388,18,0
F22Q10082365,14,0
F22Q30060214,15,0
F22Q10084199,12,1
F22Q10564998,21,0
F22Q10511174,4,1
F22Q20283038,19,0
F22Q10454599,15,0
F22Q10302131,22,0
F22Q30337097,8,1
F22Q20335210,18,0
F23Q30219206,12,1
F22Q10433167,9,1
F22Q20413170,23,0
F22Q40194978,22,0
F23Q30247875,17,0
F22Q30158700,10,1
F22Q10370634,5,1
F22Q10540448,20,0
F22Q30285707,6,1
F23Q30176181,17,0
F23Q30006703,13,0
F23Q30072905,10,1
F22Q10440293,3,1
F22Q30328356,10,1
F22Q20358717,20,0
F23Q30035814,16,0
F22Q20211253,17,0
F22Q30094956,24,0
F23Q30119869,14,0
F23Q10139580,14,0
F23Q10023402,22,0
F22Q30048464,6,1
F22Q30050734,4,1
F22Q30222846,17,0
F22Q10089791,16,0
F22Q30150711,21,0
F23Q10131639,8,1
F23Q30164793,14,0
F22Q30130893,13,0
F23Q10070058,9,1
F22Q10428690,22,0
F23Q30032214,18,0
F23Q30011047,10,1
F23Q20229851,19,0
F22Q20285754,16,0
F22Q40116700,12,1
F23Q10093784,8,1
F22Q20436799,4,1
F22Q10059644,21,0
F22Q30134149,16,0
F23Q10114425,12,1
F22Q30191637,12,1
F22Q10538523,17,0
F22Q30194924,17,0
F22Q40186717,24,0
F22Q20406596,12,1
F22Q20024744,12,1
F22Q20195545,12,1
F22Q30110027,17,0
F22Q40088554,23,0
F22Q40202844,6,1
F22Q10026940,17,0
F22Q10203382,11,1
F22Q10027412,18,0
F23Q20160516,21,0
F23Q10172932,7,1
F22Q10036508,9,1
F22Q10210252,23,0
F23Q10177609,22,0
F22Q40027086,23,0
F23Q20035578,18,0
F22Q30081666,11,1
F22Q10380385,18,0
F22Q20221176,10,1
F22Q20300770,13,0
F22Q40060005,23,0
F22Q10130779,4,1
F22Q20037425,23,0
F22Q20311963,3,1
F22Q10314097,17,0
F22Q10571008,5,1
F22Q40158746,14,0
F22Q10063050,19,0
F22Q10546127,20,0
F22Q30151426,14,0
F22Q30168517,5,1
F22Q20370124,7,1
F22Q20155921,4,1
F22Q40192652,8,1
F23Q20261123,15,0
F22Q30258353,10,1
F22Q20416326,19,0
F22Q40207055,24,0
F22Q10444764,10,1
F23Q30065359,5,1
F22Q20343025,17,0
F22Q10141954,20,0
F22Q20236809,7,1
F23Q10094059,5,1
F22Q40135121,24,0
F22Q40024392,6,1
F22Q10468477,22,0
F23Q20182320,11,1
F22Q30223852,7,1
F22Q10474679,17,0
F22Q20194176,3,1
F22Q10226036,17,0
F22Q30126874,16,0
F22Q10321360,4,1
F22Q20264763,3,1
F22Q30317470,14,0
F23Q10047117,19,0
F23Q20072138,18,0
F22Q20372499,9,1
F23Q10001237,15,0
F22Q20305055,24,0
F22Q30046112,22,0
F23Q10008570,6,1
F22Q20406330,5,1
F22Q10447490,7,1
F22Q10303686,10,1
F22Q30126409,13,0
F22Q30316135,10,1
F22Q40092542,18,0
F23Q20171592,17,0
F23Q20147610,21,0
F22Q30266706,21,0
F22Q30275530,24,0
F22Q30046544,23,0
F22Q30079556,24,0
F22Q40045445,5,1
F22Q40094434,19,0
F23Q20255205,6,1
F22Q20020441,8,1
F22Q30272581,24,0
F22Q10481857,21,0
F22Q10273703,4,1
F23Q30080368,22,0
F22Q40207469,16,0
F23Q30062837,15,0
F22Q10149844,12,1
F22Q10331708,15,0
F23Q10011445,13,0
F22Q10469708,6,1
F22Q10046649,11,1
F23Q30236489,8,1
F22Q10446039,12,1
F23Q20272115,8,1
F22Q20380856,24,0
F22Q30252443,24,0
F23Q10036195,23,0
F22Q10235875,11,1
F22Q40089398,24,0
F22Q10148231,8,1
F22Q30096450,23,0
F22Q30328290,24,0
F22Q10267270,14,0
F22Q30004537,8,1
F22Q10190603,12,1
F22Q30164515,16,0
F23Q30030627,17,0
F22Q30041940,5,1
F22Q40023590,8,1
F23Q20261779,17,0
F22Q10382109,20,0
F23Q30188829,10,1
F23Q30105299,13,0
F22Q10270202,17,0
F22Q10471270,13,0
F22Q20234109,24,0
F22Q10228050,22,0
F22Q30198977,5,1
F22Q10500812,3,1
F22Q20163790,3,1
F22Q40059956,11,1
F22Q30334580,23,0
F22Q10313183,20,0
F23Q20075894,15,0
F22Q10293641,15,0
F22Q30230391,10,1
F22Q10073675,3,1
F22Q40127925,9,1
F22Q40199457,21,0
F23Q10009422,20,0
F23Q30130392,14,0
F22Q40057184,20,0
F22Q10448931,12,1
F22Q30192330,23,0
F23Q10002651,14,0
F22Q10358546,8,1
F22Q10115449,5,1
F22Q20364934,14,0
F22Q30169120,23,0
F22Q40079379,17,0
F22Q20151570,10,1
F22Q10365751,13,0
F23Q10013385,22,0
F22Q10161612,15,0
F22Q20424700,19,0
F23Q30163496,22,0
F23Q30130363,21,0
F23Q20057825,12,1
F23Q20160659,20,0
F22Q20427731,11,1
F22Q10530206,4,1
F23Q20062796,18,0
F22Q10346286,8,1
F22Q20055663,3,1
F22Q20173101,14,0
F22Q30248174,4,1
F22Q20307509,15,0
F22Q20335723,5,1
F23Q10075810,21,0
F23Q30032751,6,1
F23Q30097358,19,0
F23Q20180486,19,0
F22Q40168549,5,1
F22Q40029441,15,0
F23Q20087570,16,0
F22Q10441011,21,0
F22Q40027530,16,0
F22Q30311162,7,1
F23Q10082442,15,0
F22Q20286456,3,1
F22Q20340932,19,0
F23Q20145528,13,0
F23Q30015518,19,0
F22Q10560391,6,1
F23Q30261706,23,0
F23Q20162899,16,0
F22Q20082353,4,1
F22Q20179830,9,1
F22Q30113976,17,0
F22Q10269857,22,0
F22Q30089926,24,0
F22Q20305079,8,1
F22Q20200639,17,0
F22Q20279813,13,0
F22Q40002481,6,1
F22Q10124881,17,0
F22Q10196178,3,1
F22Q10298405,4,1
F22Q40081684,21,0
F22Q30103215,4,1
F23Q30107371,9,1
F22Q40154599,16,0
F22Q30001557,22,0
F23Q30086999,7,1
F23Q30109032,11,1
F22Q40097259,24,0
F23Q20097017,18,0
F22Q20080404,3,1
F23Q10128299,8,1
F23Q20017966,14,0
F22Q30277345,23,0
F22Q40194428,15,0
F22Q10198572,22,0
F22Q30150244,24,0
F23Q10038294,8,1
F22Q20395221,20,0
F23Q20268876,17,0
F22Q20340104,10,1
F23Q30199367,9,1
F22Q20360192,10,1
F23Q10127323,20,0
F22Q10472002,4,1
F22Q20011188,22,0
F22Q10385875,9,1
F23Q20052224,10,1
F23Q30121415,20,0
F22Q30208346,18,0
F22Q10267992,15,0
F22Q10030696,10,1
F23Q30253406,18,0
F23Q10058994,9,1
F23Q20235795,4,1
F22Q40032436,13,0
F22Q20323946,16,0
F22Q20070957,5,1
F22Q10562045,23,0
F23Q30191998,24,0
F23Q10152599,4,1
F22Q10183220,24,0
F22Q10072774,10,1
F22Q20054742,23,0
F22Q40173971,23,0
F22Q40062290,12,1
F22Q30274891,15,0
F23Q20048099,6,1
F22Q30006964,17,0
F22Q30158329,14,0
F22Q10468362,6,1
F22Q10496690,14,0
F22Q10445962,16,0
F22Q10494833,4,1
F22Q10550998,3,1
F22Q20169773,17,0
F22Q20195524,15,0
F23Q30030280,21,0
F22Q30163498,12,1
F22Q40116755,16,0
F22Q40182147,11,1
F22Q30309536,10,1
F22Q30218854,23,0
F23Q20113054,14,0
F23Q30051501,21,0
F23Q20039143,18,0
F22Q10007616,21,0
F23Q30023399,5,1
F22Q30208643,21,0
F23Q10176882,20,0
F22Q30216929,24,0
F22Q10378197,6,1
F22Q20334787,6,1
F23Q10044266,22,0
F22Q30103443,9,1
F23Q10181612,18,0
F23Q10074450,22,0
F23Q10026894,9,1
F23Q20262940,17,0
F23Q20249815,11,1
F22Q20175523,24,0
F22Q30174882,24,0
F22Q10526810,19,0
F22Q10428503,3,1
F22Q30056594,4,1
F23Q30077845,5,1
F22Q20231573,17,0
F22Q10361962,17,0
F22Q30306772,3,1
F22Q10311711,14,0
F23Q10093773,13,0
F22Q20121003,13,0
F22Q40006700,4,1
F23Q10050960,21,0
F22Q10265670,5,1
F22Q10511377,11,1
F22Q40108782,10,1
F22Q30115050,21,0
F23Q30196145,20,0
F23Q10047340,12,1
F22Q30096328,17,0
F22Q20277039,9,1
F22Q10494407,9,1
F22Q30178950,4,1
F22Q30230869,16,0
F22Q20410502,19,0
F22Q40168186,6,1
F23Q20267406,19,0
F22Q10362023,24,0
F22Q10125865,17,0
F22Q40035730,11,1
F23Q10086371,20,0
F23Q10102988,22,0
F23Q30008223,22,0
F22Q20268125,9,1
F22Q40003186,13,0
F23Q30174408,3,1
F23Q30234612,7,1
F22Q30260096,8,1
F22Q30311847,4,1
F22Q40206077,7,1
F22Q30006670,8,1
F23Q10027579,19,0
F22Q10126108,11,1
F22Q20234874,19,0
F22Q10555169,8,1
F23Q10003211,12,1
F23Q30137779,12,1
F23Q30214477,9,1
F22Q30229907,10,1
F23Q20136764,7,1
F23Q20081302,9,1
F22Q40011732,14,0
F22Q10465526,8,1
F23Q10094996,21,0
F23Q30189650,14,0
F22Q10382910,10,1
F23Q10120843,20,0
F23Q10182524,23,0
F23Q20216920,24,0
F22Q10554043,7,1
F22Q20188829,22,0
F22Q20337959,12,1
F22Q20386275,5,1
F23Q30240111,23,0
F22Q20380513,18,0
F22Q20222221,20,0
F23Q30045600,16,0
F22Q30312740,12,1
F23Q10093178,12,1
F23Q10103611,23,0
F22Q20315728,24,0
F22Q40006703,22,0
F22Q10424233,19,0
F23Q20147516,17,0
F22Q10207293,20,0
F23Q10016040,19,0
F22Q20358935,19,0
F22Q20319757,19,0
F22Q10112960,13,0
F22Q10458328,23,0
F22Q30057328,5,1
F22Q10512252,6,1
F23Q10052832,10,1
F23Q30152278,6,1
F23Q20138351,6,1
F23Q30007328,13,0
F22Q20025205,19,0
F22Q40157670,18,0
F23Q10049672,6,1
F22Q20191108,8,1
F22Q10517130,20,0
F22Q30301479,20,0
F22Q40058675,18,0
F22Q20170626,17,0
F22Q10316291,6,1
F22Q20076298,10,1
F23Q30144637,6,1
F22Q30073297,12,1
F22Q30003717,20,0
F23Q30184813,10,1
F23Q20013774,12,1
F22Q10110219,8,1
F23Q30122513,20,0
F22Q30248948,12,1
F22Q20216613,9,1
F22Q30109251,19,0
F22Q30029108,5,1
F22Q10395467,16,0
F23Q10140368,19,0
F22Q10198927,23,0
F22Q20307336,17,0
F22Q20135894,5,1
F23Q30055554,5,1
F23Q30190478,21,0
F22Q10520296,6,1
F22Q10445958,12,1
F22Q20416216,12,1
F23Q20011870,14,0
F23Q30023001,18,0
F22Q20056730,7,1
F22Q30186934,21,0
F23Q30096874,22,0
F23Q30130411,14,0
F23Q30202744,20,0
F22Q40035869,3,1
F23Q10034171,12,1
F23Q20173453,4,1
F22Q20078787,4,1
F23Q20144213,11,1
F23Q30141003,3,1
F22Q20143644,9,1
F22Q10252508,19,0
F22Q10480438,24,0
F22Q40068328,8,1
F23Q30061148,20,0
F22Q20248870,17,0
F22Q10497064,6,1
F23Q10094134,24,0
F22Q30069459,22,0
F22Q20292021,22,0
F22Q20233505,8,1
F22Q40071513,18,0
F23Q20143055,21,0
F23Q10185732,20,0
F22Q20285980,3,1
F22Q10475431,20,0
F22Q10176517,23,0
F22Q10358027,21,0
F23Q10163363,22,0
F22Q20401098,24,0
F22Q10124539,5,1
F22Q30298161,12,1
F23Q10001447,9,1
F22Q10377274,21,0
F22Q10515913,23,0
F23Q10154903,24,0
F23Q20123171,18,0
F22Q20013953,21,0
F22Q10515250,10,1
F23Q30155579,11,1
F22Q30273460,21,0
F23Q30085260,15,0
F22Q20048509,17,0
F23Q10055238,7,1
F22Q40036199,3,1
F22Q30111221,8,1
F22Q40035788,17,0
F23Q20021776,14,0
F23Q20074301,18,0
F22Q10142350,19,0
F22Q40073979,23,0
F22Q40132053,10,1
F22Q40213125,10,1
F22Q30276956,6,1
F22Q40153526,5,1
F22Q20193442,7,1
F22Q30079204,20,0
F22Q10200534,10,1
F22Q30056871,20,0
F22Q10313292,3,1
F22Q30077390,7,1
F22Q40129252,14,0
F22Q30254220,20,0
F22Q30298819,9,1
F22Q10104873,12,1
F22Q10192803,6,1
F22Q10451463,11,1
F22Q40105248,3,1
F22Q30038896,12,1
F22Q20373441,18,0
F22Q20170462,6,1
F22Q40216040,19,0
F22Q40049770,9,1
F22Q40088540,14,0
F22Q10007396,22,0
F22Q10234474,17,0
F22Q40136460,13,0
F22Q10050652,20,0
F23Q20206490,11,1
F22Q20411197,13,0
F22Q20384873,16,0
F23Q30115224,24,0
F22Q10360153,6,1
F23Q20034610,22,0
F22Q30334373,15,0
F22Q30290815,15,0
F23Q30099312,15,0
F23Q20012171,8,1
F22Q40125402,17,0
F22Q40178162,7,1
F22Q20189594,24,0
F23Q30065406,12,1
F22Q40129661,24,0
F23Q30113907,22,0
F22Q20120586,17,0
F23Q20151202,24,0
F22Q20220043,13,0
F22Q20037962,12,1
F22Q10579913,23,0
F22Q10503174,20,0
F23Q10093723,16,0
F22Q20388977,19,0
F23Q10130128,7,1
F22Q10251864,19,0
F22Q30086473,10,1
F22Q20013277,18,0
F22Q10392458,14,0
F22Q20056129,7,1
F22Q10328543,24,0
F22Q40050318,9,1
F22Q40092063,9,1
F23Q30111369,22,0
F23Q20039172,20,0
F22Q10177896,23,0
F22Q20264927,14,0
F22Q30235240,24,0
F23Q10041177,13,0
F23Q30247218,23,0
F22Q30229677,7,1
F22Q10432164,13,0
F22Q30268859,22,0
F23Q10080727,23,0
F23Q10108395,18,0
F22Q30128934,9,1
F23Q30034427,8,1
F22Q30029481,4,1
F23Q20017512,9,1
F22Q20149504,3,1
F22Q30033073,6,1
F23Q20081643,13,0
F22Q20250813,22,0
F22Q10375476,19,0
F22Q40012343,19,0
F22Q20124177,11,1
F22Q40195389,9,1
F22Q40015223,18,0
F22Q30121375,6,1
F22Q40210802,11,1
F22Q30041417,16,0
F23Q10095421,6,1
F22Q20365688,15,0
F23Q20160035,18,0
F22Q30212736,21,0
F22Q40011961,22,0
F22Q30261353,15,0
F23Q20242633,17,0
F22Q20373676,6,1
F22Q30181933,11,1
F22Q30235017,6,1
F23Q20021186,5,1
F23Q10139001,7,1
F23Q10003410,9,1
F22Q20265832,24,0
F22Q20229737,18,0
F22Q30135312,8,1
F23Q20065506,21,0
F22Q30045007,14,0
F22Q20139886,6,1
F23Q20268512,21,0
F23Q10111443,21,0
F22Q20140956,10,1
F22Q30147178,11,1
F22Q30032224,24,0
F22Q10275140,15,0
F23Q20270644,8,1
F22Q30276974,16,0
F23Q10026720,11,1
F22Q10141324,15,0
F22Q10319102,20,0
F23Q10143406,19,0
F23Q20274248,24,0
F23Q10165320,7,1
F23Q20091877,16,0
F22Q20382187,16,0
F22Q20280450,11,1
F23Q20097489,17,0
F22Q40143027,21,0
F22Q10315840,10,1
F22Q30222296,3,1
F22Q10065075,11,1
F22Q30215396,13,0
F23Q30017976,14,0
F22Q20060699,22,0
F22Q40128037,22,0
F22Q30237326,10,1
F22Q20174185,8,1
F22Q30162730,12,1
F22Q20338130,16,0
F22Q10352920,14,0
F23Q20098774,13,0
F22Q20070539,21,0
F22Q40155640,11,1
F22Q20129995,18,0
F22Q20192558,20,0
F22Q20030727,11,1
F23Q20081432,20,0
F22Q10249907,19,0
F23Q20265829,12,1
F22Q10420215,12,1
F22Q10067033,23,0
F22Q30331326,15,0
F22Q40048549,19,0
F22Q20155982,24,0
F23Q20229636,10,1
F22Q40022370,17,0
F23Q30102664,11,1
F22Q10175968,11,1
F22Q30220981,7,1
F22Q20276509,24,0
F23Q20073107,19,0
F22Q30329237,11,1
F23Q20039904,13,0
F22Q20280918,21,0
F22Q20114643,12,1
F23Q20216364,8,1
F23Q10008748,18,0
F22Q10063217,11,1
F22Q30028926,12,1
F22Q20263732,5,1
F23Q10010313,14,0
F22Q10276361,18,0
F23Q30170917,3,1
F22Q40213257,8,1
F23Q20206359,24,0
F22Q10356174,17,0
F22Q40001970,13,0
F22Q10385601,11,1
F22Q30198057,11,1
F23Q20158639,11,1
F22Q20372304,20,0
F22Q20118273,15,0
F22Q20154622,4,1
F22Q10420141,12,1
F23Q10075382,22,0
F22Q10582313,17,0
F22Q10109995,22,0
F23Q30172969,16,0
F22Q20007655,17,0
F22Q40004145,23,0
F22Q10173583,21,0
F22Q10414790,17,0
F23Q30180572,6,1
F22Q10432161,15,0
F23Q20104069,13,0
F22Q30123991,15,0
F23Q30047616,14,0
F22Q30094933,12,1
F23Q30123216,20,0
F22Q30213143,15,0
F23Q10127353,15,0
F22Q40072250,23,0
F23Q20105936,13,0
F23Q10061538,17,0
F23Q30230847,7,1
F23Q10055168,17,0
F22Q40139638,12,1
F22Q30100328,16,0
F22Q40089054,7,1
F22Q30031338,6,1
F23Q20208009,20,0
F22Q10428120,16,0
F22Q10439445,12,1
F23Q20073195,24,0
F23Q20027836,18,0
F22Q20308003,5,1
F23Q20108653,3,1
F22Q40197459,22,0
F23Q20032435,20,0
F22Q40215345,16,0
F23Q30051771,5,1
F23Q20257049,22,0
F23Q30204704,12,1
F22Q30259582,11,1
F22Q30159767,11,1
F22Q40197863,20,0
F23Q10146551,10,1
F22Q30150040,14,0
F22Q30149781,17,0
F23Q30021523,22,0
F22Q10532088,11,1
F23Q30201971,24,0
F22Q30297986,16,0
F23Q10160760,22,0
F22Q20067942,9,1
F22Q10056734,5,1
F23Q10123858,7,1
F22Q20258773,10,1
F22Q20053567,20,0
F22Q30209593,16,0
F22Q30075713,18,0
F22Q20009957,5,1
F23Q30046194,19,0
F23Q10053020,8,1
F22Q20065680,17,0
F23Q10063254,24,0
F22Q10459017,11,1
F22Q30282819,14,0
F22Q10220013,9,1
F22Q10362060,20,0
F22Q40063165,3,1
F23Q10111648,15,0
F23Q20053265,8,1
F22Q30283539,17,0
F23Q30099949,19,0
F22Q30223574,14,0
F23Q10020076,19,0
F22Q40212501,20,0
F22Q30123905,4,1
F23Q10086283,24,0
F22Q20178812,5,1
F22Q30245402,23,0
F22Q30035419,19,0
F22Q30004510,23,0
F23Q30022985,11,1
F22Q10176357,18,0
F23Q30240176,12,1
F23Q30047419,15,0
F23Q30146888,19,0
F22Q40089126,21,0
F22Q30225326,3,1
F23Q20045036,17,0
F23Q30029589,13,0
F22Q30101635,13,0
F23Q20211710,22,0
F22Q30017816,24,0
F22Q30336934,21,0
F22Q30087508,13,0
F22Q10520460,23,0
F22Q30194116,6,1
F23Q10075655,12,1
F22Q20355260,20,0
F23Q30256498,23,0
F22Q30128253,22,0
F22Q10353037,3,1
F22Q40091645,15,0
F23Q30081052,23,0
F22Q10286273,6,1
F22Q30258212,12,1
F22Q10044651,3,1
F22Q10198148,24,0
F22Q10510995,24,0
F22Q10260414,15,0
F23Q30224001,14,0
F22Q40203069,17,0
F22Q10073467,11,1
F22Q30210391,23,0
F22Q20055822,7,1
F22Q30319731,6,1
F22Q20064287,16,0
F22Q10137619,12,1
F22Q10546357,15,0
F22Q10104737,13,0
F22Q10340033,11,1
F23Q10168289,7,1
F23Q30249578,16,0
F22Q20045129,14,0
F23Q20180288,19,0
F22Q10114677,9,1
F23Q10147981,16,0
F22Q20010221,10,1
F22Q10485590,9,1
F23Q10183978,13,0
F22Q20265494,14,0
F22Q10278343,23,0
F22Q30113227,18,0
F22Q20301785,3,1
F22Q20255326,4,1
F22Q10559544,24,0
F22Q10442915,21,0
F22Q30260554,12,1
F23Q20112700,20,0
F22Q30159905,15,0
F22Q10207920,13,0
F22Q40041394,22,0
F22Q30043104,3,1
F22Q10209495,14,0
F22Q10430699,21,0
F22Q30311389,7,1
F22Q30316778,11,1
F22Q20088142,18,0
F22Q40334426,8,1
F22Q30084481,16,0
F22Q10202267,24,0
F22Q10343693,5,1
F23Q10043083,22,0
F22Q20360378,24,0
F22Q40174494,13,0
F23Q30234214,17,0
F22Q20266319,14,0
F22Q30112581,22,0
F22Q20139903,18,0
F22Q30106277,18,0
F22Q30082065,23,0
F22Q10536460,17,0
F22Q30169902,9,1
F23Q30177735,17,0
F22Q30090450,16,0
F22Q20406677,9,1
F22Q30133919,21,0
F22Q20006426,8,1
F22Q40013953,16,0
F22Q40171729,17,0
F22Q30058832,23,0
F23Q30142205,19,0
F22Q30127313,3,1
F22Q30304254,16,0
F23Q10052596,14,0
F22Q10149117,4,1
F22Q30077399,7,1
F22Q20109994,10,1
F22Q20427773,9,1
F22Q40095777,10,1
F23Q20063311,23,0
F22Q30064543,23,0
F22Q10540670,4,1
F22Q10233510,17,0
F22Q20191877,8,1
F22Q40176833,6,1
F23Q30099095,16,0
F22Q30212362,4,1
F22Q30284730,7,1
F23Q20087666,5,1
F22Q40215409,19,0
F22Q20043785,11,1
F22Q20159639,12,1
F22Q10042610,12,1
F22Q40147572,3,1
F22Q20009236,18,0
F23Q10049523,21,0
F23Q30025860,19,0
F23Q30089356,13,0
F23Q10028064,18,0
F23Q20114559,14,0
F23Q20065892,6,1
F22Q10355404,14,0
F22Q20420002,23,0
F23Q20179647,19,0
F22Q40104483,20,0
F22Q10329148,13,0
F22Q20277536,18,0
F23Q20111007,20,0
F23Q20158873,17,0
F23Q30090634,14,0
F22Q10189339,6,1
F22Q20301542,6,1
F22Q20383359,19,0
F22Q20387039,8,1
F23Q30123247,18,0
F22Q30175484,13,0
F22Q20263124,5,1
F22Q30021155,3,1
F23Q10102405,24,0
F23Q10080627,11,1
F23Q20229128,16,0
F22Q20329735,18,0
F23Q20112564,22,0
F23Q20186569,4,1
F22Q40165141,24,0
F23Q10085958,15,0
F22Q10430677,6,1
F22Q30192785,17,0
F22Q20214400,16,0
F22Q40163750,21,0
F23Q10177161,18,0
F22Q40020803,20,0
F22Q10454445,22,0
F22Q20341636,15,0
F22Q20025888,19,0
F22Q30004906,24,0
F22Q20024461,16,0
F22Q20268076,20,0
F22Q20160517,6,1
F22Q10273656,7,1
F22Q20009675,12,1
F23Q20105695,24,0
F22Q30236337,19,0
F22Q10412517,8,1
F23Q30186290,11,1
F22Q40143141,15,0
F23Q20140724,19,0
F22Q10386176,12,1
F23Q30003914,22,0
F23Q30231111,7,1
F22Q30206773,15,0
F23Q20021214,19,0
F22Q30021841,5,1
F22Q10511139,8,1
F23Q30174613,12,1
F22Q10120283,9,1
F22Q20261619,4,1
F22Q10039256,15,0
F22Q20344713,5,1
F23Q30190615,6,1
F22Q20193405,19,0
F22Q20278132,23,0
F22Q20066290,9,1
F23Q30173577,21,0
F22Q40149308,19,0
F22Q10035109,17,0
F22Q10152266,3,1
F22Q30139751,8,1
F22Q30059685,24,0
F22Q30159759,24,0
F23Q30226482,14,0
F22Q10423871,9,1
F22Q20065735,15,0
F23Q20076248,14,0
F22Q30313101,24,0
F22Q20387504,16,0
F22Q20395298,20,0
F22Q40090913,24,0
F22Q10516281,24,0
F23Q20134554,24,0
F22Q30020219,24,0
F22Q40042826,23,0
F22Q40126072,21,0
F23Q20071903,17,0
F23Q30203454,22,0
F22Q10109074,19,0
F22Q20178439,7,1
F22Q40046823,16,0
F22Q30312835,3,1
F22Q40054049,7,1
F23Q20274224,24,0
F22Q40217439,5,1
F23Q10157296,15,0
F22Q10512881,8,1
F22Q10009668,23,0
F23Q10100631,7,1
F23Q20043449,16,0
F22Q30322237,24,0
F23Q30161493,10,1
F22Q10560366,4,1
F22Q30101288,3,1
F23Q10049668,17,0
F23Q10028637,18,0
F22Q20026853,9,1
F22Q10415650,22,0
F23Q10108690,24,0
F23Q20006082,7,1
F22Q10410319,18,0
F23Q20188150,14,0
F22Q30085614,9,1
F22Q20045507,9,1
F22Q40181350,13,0
F22Q10355749,12,1
F22Q20026474,21,0
F23Q30108063,22,0
F22Q20167716,24,0
F22Q30085456,23,0
F23Q10133238,8,1
F23Q30256556,20,0
F22Q30276718,5,1
F22Q30335555,22,0
F22Q30099075,4,1
F22Q30156806,20,0
F22Q20398970,19,0
F23Q20176700,17,0
F22Q10376053,10,1
F22Q40167782,18,0
F23Q30075353,16,0
F23Q20153627,12,1
F22Q40136433,3,1
F22Q10110383,8,1
F22Q30282349,13,0
F23Q30260319,13,0
F23Q20140773,21,0
F23Q30147274,6,1
F22Q30172835,12,1
F22Q40098409,9,1
F22Q10095936,5,1
F22Q20220615,9,1
F22Q10241084,7,1
F22Q30167881,21,0
F22Q20037138,13,0
F22Q20069736,4,1
F22Q40334228,13,0
F23Q30074612,24,0
F23Q10161398,21,0
F22Q10258699,18,0
F22Q30141729,6,1
F22Q10510201,5,1
F23Q10018727,21,0
F23Q10046544,23,0
F23Q30091218,23,0
F22Q10384760,18,0
F22Q20077977,4,1
F22Q40050584,3,1
F22Q30093523,23,0
F23Q20053293,23,0
F22Q30312215,12,1
F23Q10086072,4,1
F22Q10306708,5,1
F22Q40109665,10,1
F22Q20004365,4,1
F22Q10314486,12,1
F22Q10533117,10,1
F23Q20110561,3,1
F23Q10157354,11,1
F22Q20317570,21,0
F22Q10564242,19,0
F22Q20138253,22,0
F23Q10055602,6,1
F22Q20184683,16,0
F23Q20056387,13,0
F22Q30276533,24,0
F23Q20204427,16,0
F23Q30034053,15,0
F22Q10174231,9,1
F22Q10077092,13,0
F22Q10519079,18,0
F23Q30066126,6,1
F23Q30161916,10,1
F22Q40162996,24,0
F22Q30136699,12,1
F22Q10259303,3,1
F22Q20230227,8,1
F23Q20115487,18,0
F23Q20172027,23,0
F23Q30241755,9,1
F22Q10347718,19,0
F22Q40008055,19,0
F22Q10265909,4,1
F22Q10388197,22,0
F23Q20031637,17,0
F22Q30008704,12,1
F23Q20161020,24,0
F23Q10177966,16,0
F23Q10095622,17,0
F22Q20017561,12,1
F22Q20144914,8,1
F23Q10053094,3,1
F23Q20202444,23,0
F22Q40045803,12,1
F22Q40051459,12,1
F23Q10059858,15,0
F23Q20167998,13,0
F22Q30098934,11,1
F22Q20300743,17,0
F22Q10476292,11,1
F23Q10086773,22,0
F23Q20180485,5,1
F22Q30083482,3,1
F22Q30028987,17,0
F22Q40197744,18,0
F23Q10149950,24,0
F22Q10443975,17,0
F22Q40144389,22,0
F22Q30106822,24,0
F23Q10179071,9,1
F23Q30194875,22,0
F22Q10419270,18,0
F22Q20006093,20,0
F22Q30052226,5,1
F22Q20416266,21,0
F22Q10169142,23,0
F23Q10074718,22,0
F23Q20061193,6,1
F22Q30150513,24,0
F22Q20423710,16,0
F22Q20034425,22,0
F22Q40116246,11,1
F22Q10104413,5,1
F22Q30291458,16,0
F22Q40215608,23,0
F23Q10107665,22,0
F22Q40148877,16,0
F23Q20126078,19,0
F23Q20160157,18,0
F23Q20009145,7,1
F23Q20188552,20,0
F23Q10079916,20,0
F23Q10137449,24,0
F23Q30232585,16,0
F23Q10012997,20,0
F22Q30077012,18,0
F23Q20061166,16,0
F22Q10564516,24,0
F22Q30109448,15,0
F22Q30193402,19,0
F22Q40189915,13,0
F23Q10175982,7,1
F22Q10542592,10,1
F22Q30324207,6,1
F22Q20202779,5,1
F23Q20144985,15,0
F22Q20403442,5,1
F22Q20258135,22,0
F22Q40196642,15,0
F22Q20198115,8,1
F23Q30235820,10,1
F22Q10218747,20,0
F22Q10194268,12,1
F22Q10037917,15,0
F23Q10103773,20,0
F22Q20237727,3,1
F23Q20237506,13,0
F22Q10431528,16,0
F23Q20026978,12,1
F23Q20036062,6,1
F22Q10281761,15,0
F22Q30033262,11,1
F22Q30005701,8,1
F23Q20156480,16,0
F22Q10024698,12,1
F23Q30186768,19,0
F22Q10165846,9,1
F22Q10156250,12,1
F23Q30186638,19,0
F22Q20383329,13,0
F22Q10468021,19,0
F23Q10139102,21,0
F23Q20160704,10,1
F22Q10218485,10,1
F22Q30089633,9,1
F22Q10264239,15,0
F22Q10394006,14,0
F22Q40044245,18,0
F23Q10150754,16,0
F22Q30062593,7,1
F22Q10311659,12,1
F22Q30073632,9,1
F23Q20067256,13,0
F23Q30013236,17,0
F23Q30220870,18,0
F22Q30057390,10,1
F22Q30126799,14,0
F22Q20041939,14,0
F23Q20110681,10,1
F23Q20093224,5,1
F23Q30038584,21,0
F22Q40146684,21,0
F22Q20110514,24,0
F23Q30211114,12,1
F23Q30204655,14,0
F22Q30115434,10,1
F23Q10153791,23,0
F23Q30057421,23,0
F22Q30300112,5,1
F23Q30215012,17,0
F23Q20022369,20,0
F22Q10254943,10,1
F22Q10360861,8,1
F22Q20085957,23,0
F22Q20143476,21,0
F22Q40174200,8,1
F22Q10096418,6,1
F23Q20107535,24,0
F22Q20128711,18,0
F22Q20380059,11,1
F22Q20433377,13,0
F22Q30086001,6,1
F23Q10037554,3,1
F22Q20240474,3,1
F23Q10004865,17,0
F22Q30124404,7,1
F23Q20066128,16,0
F22Q40004802,3,1
F22Q40085640,16,0
F22Q20351947,8,1
F22Q20098977,17,0
F23Q20074573,9,1
F22Q10420176,10,1
F23Q30108310,12,1
F22Q20360419,5,1
F22Q20427448,11,1
F22Q20395631,23,0
F22Q40122198,19,0
F22Q30041051,21,0
F22Q40168898,20,0
F22Q20115219,15,0
F22Q40061771,18,0
F23Q20058360,11,1
F22Q30263873,11,1
F22Q30010633,16,0
F22Q20412809,8,1
F23Q30065044,14,0
F23Q30188111,23,0
F23Q30072811,22,0
F22Q10318460,11,1
F22Q20085521,7,1
F23Q10016553,18,0
F22Q30211026,18,0
F22Q20317789,9,1
F22Q40110859,7,1
F23Q30009045,13,0
F23Q30160647,13,0
F22Q20219992,21,0
F22Q30114443,9,1
F23Q10151151,17,0
F22Q10202071,3,1
F22Q10554257,23,0
F22Q40154042,15,0
F22Q20402745,9,1
F22Q30150231,7,1
F23Q20196946,23,0
F23Q30036426,16,0
F22Q10138550,16,0
F22Q30186643,16,0
F22Q10027262,23,0
F22Q20168878,9,1
F23Q30074501,15,0
F22Q20327687,18,0
F22Q10156400,23,0
F22Q20118242,17,0
F22Q30108779,6,1
F23Q20093638,17,0
F23Q30107448,17,0
F23Q30212125,23,0
F22Q10217928,7,1
F23Q10007789,19,0
F23Q20045158,22,0
F23Q10154102,7,1
F22Q10214857,23,0
F22Q10115356,3,1
F23Q20118348,8,1
F22Q30173890,14,0
F22Q10456308,8,1
F22Q40023781,24,0
F22Q40065776,15,0
F22Q10408312,24,0
F22Q10060765,5,1
F23Q10024851,15,0
F23Q10151448,3,1
F23Q10146362,9,1
F22Q10468338,13,0
F23Q20258780,12,1
F22Q10542176,14,0
F22Q30193712,12,1
F22Q20249065,17,0
F22Q40136949,8,1
F23Q20053006,19,0
F23Q30088607,9,1
F22Q30067921,3,1
F22Q30028148,3,1
F22Q10150840,15,0
F22Q10345510,14,0
F22Q40127923,13,0
F22Q30287457,4,1
F22Q40022045,21,0
F22Q20079416,10,1
F22Q40159311,16,0
F22Q10353374,15,0
F23Q30146034,20,0
F22Q40121945,13,0
F23Q20269029,21,0
F22Q10016566,24,0
F22Q20011435,14,0
F22Q20146123,18,0
F22Q20040044,3,1
F22Q30253736,15,0
F22Q10231026,21,0
F22Q10365107,23,0
F22Q40162487,15,0
F23Q30094071,11,1
F23Q10135274,3,1
F22Q30282378,6,1
F22Q30319012,24,0
F22Q40198319,19,0
F23Q20037496,22,0
F22Q10494491,12,1
F22Q30267332,10,1
F22Q40025574,24,0
F22Q40014955,8,1
F22Q10163561,14,0
F23Q20241870,23,0
F23Q10156983,19,0
F22Q10323336,10,1
F23Q30217779,12,1
F22Q10211574,6,1
F23Q30111588,16,0
F22Q30010661,11,1
F23Q30075281,19,0
F22Q30258720,4,1
F23Q10029856,12,1
F22Q40020479,23,0
F22Q30267504,11,1
F22Q10274121,7,1
F22Q30090410,16,0
F22Q40217800,19,0
F23Q20205574,16,0
F22Q20041608,20,0
F22Q30083476,18,0
F22Q40109977,19,0
F23Q20229577,10,1
F23Q30189304,11,1
F22Q10393484,6,1
F23Q20226926,20,0
F22Q30092934,12,1
F22Q10441714,7,1
F22Q20095628,12,1
F22Q10503557,9,1
F23Q10166904,19,0
F22Q10484541,24,0
F22Q40163443,6,1
F23Q20228814,18,0
F22Q10462593,19,0
F22Q20379989,16,0
F23Q30120137,18,0
F22Q20319529,8,1
F22Q20293134,21,0
F22Q20286119,7,1
F23Q20005907,10,1
F22Q20221554,18,0
F22Q10375251,24,0
F22Q10365088,18,0
F22Q20059746,11,1
F22Q10537321,13,0
F22Q30214851,16,0
F22Q10510938,20,0
F22Q30241541,5,1
F22Q10069595,20,0
F22Q20156704,16,0
F22Q10323155,17,0
F22Q10203468,18,0
F22Q20083643,6,1
F23Q20262893,12,1
F22Q30314489,19,0
F22Q10267403,15,0
F22Q10489227,3,1
F22Q20267287,14,0
F22Q40080332,9,1
F23Q10049276,18,0
F22Q20093469,4,1
F22Q10314561,14,0
F23Q20217508,9,1
F22Q40017450,15,0
F22Q30108281,3,1
F22Q10443113,10,1
F22Q20006637,6,1
F22Q30289557,3,1
F23Q20073367,14,0
F22Q10263382,5,1
F23Q20001196,14,0
F22Q40059660,24,0
F23Q10081305,20,0
F22Q30036809,22,0
F22Q20127152,6,1
F23Q20002145,19,0
F22Q20264951,14,0
F23Q30014513,11,1
F22Q20347911,15,0
F22Q30259551,16,0
F22Q40186631,8,1
F23Q30204164,18,0
F23Q30010606,15,0
F23Q20066398,15,0
F22Q10546154,9,1
F22Q20321149,23,0
F23Q30244174,14,0
F23Q30207743,20,0
F22Q40073114,20,0
F22Q20201053,21,0
F22Q20275910,21,0
F22Q20348627,23,0
F22Q30186360,16,0
F22Q40183722,5,1
F22Q10364993,5,1
F22Q10046621,15,0
F23Q20135152,23,0
F23Q30243390,18,0
F23Q30122007,16,0
F22Q30313517,20,0
F22Q10514107,3,1
F22Q10308146,9,1
F22Q30038320,6,1
F22Q30103664,12,1
F22Q10132018,10,1
F22Q40094946,3,1
F22Q10419033,17,0
F22Q20351862,20,0
F23Q30120405,11,1
F22Q10257398,20,0
F22Q10075408,7,1
F22Q40023825,11,1
F22Q20327483,4,1
F23Q10117924,19,0
F22Q20015036,11,1
F22Q30168627,23,0
F22Q20069531,24,0
F22Q10131217,13,0
F22Q30179111,12,1
F23Q20080215,6,1
F23Q10070666,17,0
F22Q30322932,8,1
F23Q20212632,9,1
F23Q30168888,4,1
F22Q10180674,18,0
F22Q40062541,10,1
F22Q20097795,18,0
F23Q10100928,4,1
F23Q30147067,22,0
F23Q10130182,21,0
F22Q30175900,13,0
F23Q20200244,14,0
F22Q10383443,20,0
F22Q20016465,8,1
F22Q30131399,15,0
F23Q10108152,17,0
F23Q10050657,11,1
F22Q40163514,10,1
F23Q20039126,24,0
F22Q30279762,7,1
F23Q30118253,18,0
F23Q20247271,3,1
F23Q30185968,23,0
F22Q20040385,10,1
F23Q30108692,22,0
F22Q40058520,20,0
F22Q10208232,11,1
F22Q10258250,3,1
F23Q20218378,20,0
F22Q30229540,8,1
F22Q40069652,16,0
F22Q10272520,22,0
F23Q10129443,19,0
F23Q20023294,18,0
F22Q20199077,4,1
F22Q30105215,16,0
F22Q30275170,17,0
F22Q10044445,22,0
F23Q20217777,16,0
F23Q20057561,23,0
F23Q30023745,7,1
F23Q30230942,21,0
F23Q10169318,19,0
F23Q20011764,8,1
F22Q40145936,11,1
F22Q20320108,20,0
F22Q40124023,7,1
F22Q30323408,18,0
F23Q20159229,9,1
F23Q10003746,17,0
F23Q20145431,23,0
F22Q20413093,12,1
F22Q30335549,6,1
F22Q10335285,6,1
F22Q20071022,8,1
F23Q30021494,16,0
F22Q20044783,9,1
F22Q40131902,12,1
F23Q10064675,18,0
F23Q20102270,12,1
F22Q20077180,17,0
F22Q30263080,7,1
F23Q10081985,10,1
F22Q10222992,16,0
F23Q10124527,22,0
F22Q10544162,4,1
F22Q10030499,14,0
F23Q20150998,16,0
F23Q30047680,19,0
F22Q20423515,20,0
F22Q30312558,17,0
F22Q10542148,13,0
F23Q10089770,21,0
F23Q30068745,11,1
F23Q10183440,10,1
F22Q30146935,17,0
F22Q30270835,20,0
F22Q40151316,13,0
F22Q30011212,5,1
F22Q40206257,20,0
F23Q30070197,13,0
F22Q40141590,13,0
F22Q40008574,10,1
F23Q30019792,6,1
F22Q10129124,20,0
F22Q20383029,22,0
F22Q40073252,4,1
F23Q20101797,13,0
F22Q20366763,7,1
F23Q30113031,16,0
F22Q20289769,15,0
F23Q30209038,11,1
F22Q10140906,22,0
F22Q10453467,14,0
F22Q40208401,6,1
F22Q40016788,23,0
F23Q30032807,13,0
F22Q10183575,8,1
F22Q20043609,12,1
F23Q20171716,7,1
F22Q40165082,23,0
F23Q10122524,11,1
F22Q10563868,19,0
F22Q10019718,10,1
F22Q10065566,7,1
F22Q20429191,14,0
F23Q20053691,20,0
F23Q10079928,22,0
F22Q10343471,10,1
F22Q20393121,14,0
F23Q30180396,19,0
F22Q20116600,9,1
F23Q10082059,17,0
F22Q30278418,24,0
F23Q20124469,4,1
F22Q10265268,15,0
F22Q20344369,9,1
F23Q10031142,9,1
F22Q30131046,17,0
F22Q10217520,8,1
F22Q20259098,13,0
F22Q30124052,23,0
F22Q40195634,24,0
F22Q40043846,13,0
F23Q10128216,11,1
F22Q10514091,6,1
F22Q30141406,21,0
F23Q10081641,16,0
F22Q30123963,21,0
F23Q20103915,24,0
F22Q20425273,19,0
F22Q10375888,11,1
F22Q20366388,6,1
F22Q20041940,9,1
F23Q10118249,14,0
F22Q20191967,20,0
F23Q30088581,23,0
F23Q30252016,4,1
F22Q30191754,10,1
F23Q10004749,11,1
F22Q20337035,11,1
F22Q10149938,3,1
F23Q20072570,14,0
F22Q20427543,18,0
F22Q30126582,20,0
F22Q20159283,19,0
F23Q10160783,8,1
F22Q10439029,5,1
F23Q30135995,23,0
F22Q40123447,16,0
F23Q20106154,10,1
F22Q20066533,6,1
F22Q10373033,5,1
F23Q30243405,21,0
F22Q40099308,9,1
F22Q10306414,21,0
F22Q10262674,7,1
F22Q40059641,10,1
F23Q10058786,24,0
F22Q30184416,13,0
F22Q20431723,18,0
F22Q30165817,20,0
F23Q20178106,15,0
F23Q10180615,11,1
F22Q10069335,15,0
F22Q20222020,13,0
F22Q30136977,9,1
F22Q20090776,11,1
F23Q20211718,24,0
F22Q10536116,8,1
F23Q30069152,23,0
F22Q30215180,8,1
F22Q10490163,8,1
F22Q10356431,12,1
F23Q10132990,16,0
F22Q30096002,24,0
F22Q30192372,23,0
F23Q30097404,23,0
F22Q40079960,9,1
F22Q20054540,23,0
F22Q10336419,8,1
F23Q10132856,8,1
F22Q20153567,19,0
F22Q10389170,3,1
F22Q10540589,20,0
F22Q30207091,14,0
F22Q20330964,21,0
F23Q20267466,12,1
F22Q20314123,18,0
F22Q10564800,19,0
F22Q40177414,10,1
F22Q10277578,13,0
F22Q10043939,14,0
F22Q10477322,23,0
F22Q10220636,14,0
F22Q30150892,5,1
F22Q20135701,7,1
F23Q10146855,11,1
F22Q10249142,17,0
F22Q20251491,8,1
F23Q20212794,17,0
F22Q40073415,17,0
F22Q20424969,18,0
F22Q10398966,9,1
F23Q10042688,17,0
F23Q30047177,17,0
F22Q10530601,14,0
F22Q40027144,15,0
F22Q20373689,4,1
F23Q10165297,16,0
F23Q10163962,7,1
F22Q20400133,18,0
F22Q20264275,15,0
F22Q10286054,14,0
F22Q30021202,23,0
F23Q20218514,12,1
F23Q30237782,22,0
F23Q30011999,21,0
F22Q30173598,17,0
F22Q10432957,19,0
F22Q20374099,14,0
F23Q10162870,6,1
F23Q20036703,17,0
F22Q30250377,12,1
F22Q10136190,12,1
F22Q40080096,7,1
F22Q20099532,7,1
F22Q20245169,8,1
F22Q20285199,4,1
F23Q10055667,24,0
F23Q30067690,22,0
F23Q10014655,23,0
F22Q20085476,22,0
F23Q20272559,18,0
F22Q30020783,16,0
F22Q40145653,18,0
F23Q20113413,15,0
F22Q30210771,15,0
F23Q10049534,24,0
F22Q10501562,17,0
F22Q30108233,15,0
F22Q30050259,18,0
F22Q40043566,16,0
F22Q10280537,13,0
F22Q20257360,4,1
F22Q40206186,20,0
F22Q20173309,10,1
F23Q10135313,15,0
F23Q20215215,22,0
F22Q30023686,7,1
F22Q20329965,13,0
F22Q20155830,20,0
F22Q40088601,21,0
F23Q20155792,7,1
F23Q30001814,13,0
F22Q30120706,3,1
F22Q20203236,5,1
F22Q10222565,17,0
F22Q20073826,7,1
F23Q20187468,17,0
F22Q20421347,18,0
F23Q10138183,23,0
F22Q20134260,5,1
F22Q20194461,20,0
F22Q40032210,18,0
F22Q10293141,11,1
F22Q30232517,9,1
F22Q10375988,23,0
F23Q10103508,14,0
F23Q20275782,17,0
F22Q30333737,20,0
F22Q20325915,19,0
F22Q10237242,13,0
F22Q40020657,19,0
F22Q20328242,16,0
F23Q10031341,20,0
F23Q20252852,24,0
F22Q20324363,14,0
F23Q20100797,20,0
F23Q30058379,16,0
F22Q10235287,13,0
F23Q10126801,19,0
F23Q30260457,14,0
F22Q20028141,21,0
F22Q40043694,10,1
F22Q30008696,23,0
F23Q10029596,21,0
F23Q10019917,22,0
F22Q10494509,22,0
F23Q30234049,18,0
F23Q10060913,18,0
F22Q10433889,4,1
F23Q30151890,3,1
F23Q30152751,10,1
F22Q20114378,4,1
F22Q10331981,5,1
F23Q30064765,12,1
F22Q10100963,9,1
F22Q40183334,3,1
F23Q10062738,20,0
F22Q20259829,14,0
F23Q20260545,14,0
F22Q20132549,16,0
F22Q20223760,17,0
F23Q30151014,12,1
F22Q10011300,7,1
F22Q10217470,5,1
F22Q40190970,5,1
F22Q30311285,22,0
F22Q40071858,19,0
F23Q20248516,23,0
F23Q20203218,16,0
F22Q40043892,6,1
F23Q10050327,19,0
F23Q20123700,17,0
F22Q10493718,3,1
F23Q30144888,6,1
F22Q40053622,12,1
F22Q20347112,23,0
F22Q20427298,23,0
F22Q40122240,9,1
F22Q20362068,15,0
F23Q10008334,5,1
F23Q30011916,5,1
F22Q30162138,7,1
F23Q30219320,13,0
F23Q20258759,19,0
F22Q30072268,24,0
F22Q30312461,9,1
F22Q10083479,19,0
F22Q20162988,3,1
F22Q40044395,17,0
F23Q20024956,8,1
F22Q20424441,13,0
F23Q30026545,15,0
F22Q40032338,15,0
F22Q20398585,4,1
F22Q10070850,10,1
F22Q10228148,5,1
F22Q30154355,7,1
F23Q20191850,9,1
F23Q20100949,12,1
F22Q40138157,24,0
F22Q10369272,9,1
F22Q10465393,20,0
F23Q30210081,13,0
F22Q20100940,14,0
F22Q30039264,5,1
F23Q20149909,18,0
F23Q20271840,15,0
F22Q40021205,7,1
F23Q30020883,23,0
F23Q30051029,10,1
F22Q10045213,9,1
F22Q30147675,14,0
F22Q40033572,3,1
F22Q30150941,24,0
F22Q30224264,6,1
F22Q20005731,3,1
F22Q30214195,7,1
F22Q40142866,24,0
F22Q40151092,23,0
F23Q10063626,9,1
F22Q10087115,9,1
F22Q30089442,11,1
F22Q20236812,17,0
F22Q20215449,7,1
F22Q30158818,10,1
F23Q20010020,24,0
F22Q10582561,17,0
F22Q10389293,5,1
F22Q40072105,3,1
F23Q30069471,11,1
F22Q30161967,24,0
F22Q20292132,14,0
F23Q20127622,21,0
F22Q30139163,24,0
F22Q10494080,16,0
F22Q30141835,13,0
F22Q30183494,22,0
F22Q40075647,13,0
F22Q10374278,23,0
F22Q10421083,9,1
F22Q40006277,18,0
F22Q30045350,22,0
F22Q40218838,10,1
F22Q10351174,21,0
F22Q10025356,9,1
F22Q20123527,20,0
F23Q30091072,15,0
F22Q40055553,18,0
F23Q30190374,8,1
F22Q20351801,19,0
F23Q30187880,22,0
F23Q30254839,8,1
F22Q40090837,21,0
F22Q10207369,17,0
F23Q30079696,4,1
F22Q10543649,10,1
F22Q10205647,5,1
F22Q40127704,15,0
F23Q10101154,7,1
F23Q10051029,20,0
F23Q30002364,23,0
F23Q30162898,8,1
F23Q10172218,8,1
F23Q10062865,7,1
F22Q20197973,21,0
F22Q20201938,8,1
F22Q10264243,20,0
F23Q10003238,20,0
F23Q30198540,8,1
F23Q30044103,13,0
F22Q30187900,4,1
F23Q10045893,12,1
F22Q10346966,12,1
F22Q20422954,18,0
F22Q20278099,3,1
F23Q10046388,23,0
F23Q30024628,12,1
F23Q20192866,18,0
F22Q20166118,15,0
F22Q30132633,6,1
F22Q40016066,11,1
F22Q20331150,13,0
F23Q20125842,5,1
F22Q40218634,18,0
F22Q10352489,16,0
F22Q10278074,23,0
F22Q20412898,23,0
F22Q20345600,6,1
F22Q40091246,12,1
F23Q10170288,6,1
F22Q20090616,8,1
F22Q20204950,4,1
F22Q40016976,6,1
F22Q20077036,5,1
F22Q30028799,14,0
F23Q10138107,13,0
F23Q30243265,16,0
F22Q10019064,16,0
F22Q20135960,9,1
F22Q10082582,7,1
F22Q30046243,16,0
F23Q10041801,18,0
F22Q20208169,7,1
F22Q10280092,23,0
F23Q30012789,12,1
F22Q20379200,8,1
F22Q30137997,4,1
F22Q10428489,7,1
F23Q20222818,9,1
F22Q10406678,7,1
F22Q10359303,21,0
F22Q10073363,23,0
F22Q20233074,17,0
F23Q20221337,9,1
F23Q30185304,18,0
F23Q10010694,10,1
F22Q30130901,13,0
F22Q40210750,20,0
F22Q10192142,9,1
F23Q10065317,5,1
F22Q40186442,17,0
F22Q30103319,12,1
F23Q30209123,18,0
F22Q10126988,9,1
F23Q30003154,13,0
F22Q40062508,24,0
F23Q30095582,17,0
F22Q40064252,21,0
F23Q10050774,24,0
F23Q30150128,18,0
F22Q10547063,17,0
F23Q30256263,9,1
F22Q30311534,12,1
F22Q10493213,20,0
F23Q30056724,4,1
F22Q10016450,21,0
F22Q30100645,22,0
F22Q10434408,10,1
F22Q30003976,18,0
F23Q30042258,17,0
F23Q10161684,10,1
F23Q30180557,22,0
F23Q10026026,14,0
F23Q30125591,16,0
F23Q20256376,24,0
F23Q10037658,12,1
F22Q10152306,11,1
F23Q30089916,6,1
F22Q10176551,11,1
F22Q10301770,7,1
F23Q20191280,15,0
F22Q40120982,19,0
F23Q10129252,15,0
F22Q10346253,24,0
F23Q20230176,17,0
F22Q20014352,10,1
F22Q10554577,11,1
F23Q30096445,17,0
F22Q10373928,9,1
F22Q30069739,13,0
F22Q40208485,22,0
F22Q20169202,7,1
F22Q20085292,21,0
F22Q10181512,13,0
F22Q20402163,5,1
F22Q20286605,21,0
F22Q30211689,5,1
F23Q30167682,22,0
F22Q20427229,21,0
F23Q30248314,6,1
F22Q20108309,11,1
F23Q20111233,17,0
F22Q10402803,24,0
F23Q20175363,22,0
F23Q20237661,21,0
F22Q40035643,12,1
F22Q10285963,18,0
F22Q30229621,7,1
F22Q30311683,20,0
F22Q30066653,6,1
F22Q20223959,17,0
F22Q40019036,6,1
F22Q40198879,15,0
F22Q30261863,8,1
F23Q10184221,21,0
F22Q40150031,22,0
F22Q40202514,13,0
F22Q30230227,15,0
F22Q40218234,8,1
F22Q40168688,4,1
F22Q30087094,5,1
F23Q20139948,14,0
F23Q30126361,20,0
F22Q20018459,3,1
F22Q30167619,17,0
F22Q30206486,4,1
F22Q40082082,21,0
F22Q40136732,4,1
F22Q20298302,19,0
F22Q40111818,22,0
F22Q30093248,18,0
F23Q20086145,16,0
F23Q30085498,10,1
F22Q30124560,15,0
F22Q40031769,16,0
F22Q40189134,21,0
F22Q30311904,6,1
F22Q10365464,8,1
F23Q10034229,15,0
F23Q10071369,9,1
F23Q30027666,19,0
F22Q40159721,17,0
F22Q10141418,14,0
F22Q10174384,24,0
F22Q40092322,14,0
F23Q10133233,17,0
F22Q30312454,20,0
F22Q30180018,23,0
F22Q20022252,15,0
F22Q20127672,7,1
F22Q30185641,5,1
F22Q10481780,4,1
F23Q30226818,4,1
F23Q10096711,18,0
F22Q30034202,24,0
F22Q20347925,17,0
F23Q20207789,3,1
F22Q20365686,3,1
F22Q40051779,15,0
F23Q20231820,13,0
F22Q30312592,14,0
F22Q20146013,9,1
F22Q20206056,7,1
F23Q30027260,19,0
F23Q20254950,24,0
F22Q30173301,15,0
F23Q30098107,18,0
F22Q20235589,14,0
F22Q40075934,14,0
F23Q20045411,3,1
F22Q30049890,16,0
F23Q20239081,21,0
F23Q10165724,19,0
F22Q30216658,15,0
F22Q10212198,10,1
F22Q30257242,20,0
F22Q40199097,21,0
F22Q20395598,14,0
F22Q30193471,7,1
F23Q10067430,9,1
F22Q20310084,11,1
F22Q20252047,5,1
F23Q20139536,12,1
F22Q30265067,10,1
F23Q30045475,19,0
F22Q20040561,4,1
F23Q30260665,12,1
F22Q10218093,22,0
F22Q30081132,24,0
F22Q40075843,15,0
F22Q10381293,6,1
F22Q20268553,9,1
F23Q20005282,17,0
F23Q10090657,17,0
F22Q40334580,13,0
F23Q20259101,18,0
F23Q10091730,15,0
F22Q20327312,5,1
F22Q30128411,14,0
F23Q10058111,14,0
F23Q30080406,15,0
F23Q30230366,23,0
F22Q20035762,14,0
F23Q10090041,21,0
F22Q30089490,18,0
F22Q30209531,7,1
F22Q20149026,5,1
F22Q20100271,7,1
F23Q30061729,18,0
F22Q10430538,17,0
F22Q30258481,15,0
F23Q10008327,8,1
F22Q30155484,13,0
F22Q20208339,5,1
F22Q30238360,16,0
F22Q30267261,6,1
F22Q40136616,8,1
F22Q30306536,16,0
F23Q20096124,21,0
F22Q10546515,24,0
F22Q40063028,20,0
F22Q10180458,22,0
F23Q20275960,17,0
F22Q20036672,11,1
F22Q20103742,10,1
F22Q30066355,5,1
F22Q30228489,21,0
F23Q10112193,11,1
F22Q40127946,7,1
F22Q10151467,22,0
F23Q20267831,16,0
F22Q40142544,22,0
F22Q10090473,22,0
F22Q20231317,8,1
F23Q20019713,7,1
F22Q10016398,21,0
F22Q10218678,23,0
F22Q40162118,23,0
F23Q20098123,22,0
F22Q30189612,6,1
F22Q40178179,7,1
F22Q30224931,15,0
F23Q20099767,14,0
F22Q30121258,7,1
F22Q20255207,17,0
F23Q20179654,6,1
F23Q30168664,10,1
F22Q40044064,20,0
F23Q10090780,10,1
F22Q30295078,10,1
F22Q40059183,3,1
F22Q20052451,6,1
F23Q10023755,21,0
F23Q30048052,24,0
F22Q10068246,14,0
F22Q30173793,12,1
F23Q20253579,5,1
F23Q30193484,8,1
F22Q20316597,11,1
F22Q40131651,17,0
F23Q10111296,7,1
F23Q30069489,23,0
F22Q30196788,22,0
F22Q30206512,7,1
F22Q20015470,3,1
F22Q10510448,8,1
F23Q30022485,12,1
F23Q30082863,20,0
F22Q10079464,9,1
F22Q20307913,24,0
F22Q10144807,23,0
F22Q40016943,16,0
F22Q30253441,3,1
F23Q20085085,24,0
F22Q20143092,24,0
F23Q20091918,23,0
F22Q30047708,9,1
F22Q10187382,18,0
F22Q20035942,20,0
F22Q10163178,15,0
F23Q10034497,9,1
F22Q20051391,18,0
F22Q30296273,10,1
F23Q20082912,16,0
F22Q20409182,23,0
F23Q20118662,16,0
F22Q10221183,6,1
F22Q10363542,18,0
F22Q10032913,10,1
F22Q30094509,16,0
F22Q10257420,13,0
F22Q30253731,18,0
F22Q10336022,19,0
F23Q20224506,17,0
F22Q40109545,4,1
F23Q20028559,15,0
F22Q30045852,10,1
F22Q10422048,4,1
F22Q10079916,8,1
F22Q20308893,15,0
F22Q10573741,21,0
F23Q30216027,19,0
F23Q10144559,19,0
F22Q10335046,3,1
F22Q30110492,18,0
F23Q10114065,20,0
F23Q20058155,16,0
F22Q40068119,22,0
F22Q30194826,23,0
F22Q10452250,19,0
F23Q20169466,19,0
F22Q10031632,11,1
F22Q10106588,24,0
F22Q10196145,19,0
F23Q20107469,16,0
F23Q30176127,11,1
F23Q20134660,14,0
F22Q20379949,12,1
F22Q10480700,23,0
F22Q10408330,16,0
F22Q20331200,6,1
F22Q30027126,16,0
F22Q30261093,10,1
F23Q20027456,3,1
F22Q30132629,24,0
F22Q40194968,10,1
F22Q10318434,6,1
F22Q20436965,11,1
F23Q10030602,4,1
F22Q30303607,21,0
F22Q20387640,18,0
F22Q30082322,6,1
F23Q30124120,5,1
F22Q30064644,5,1
F22Q30115490,17,0
F22Q20261704,23,0
F22Q30206661,21,0
F22Q10374243,17,0
F22Q10208107,10,1
F23Q30241148,14,0
F22Q30013557,11,1
F22Q40113120,13,0
F22Q20413476,6,1
F22Q10385877,3,1
F23Q10153924,10,1
F22Q40068089,10,1
F23Q10043518,20,0
F22Q10057144,14,0
F22Q30171060,12,1
F22Q20016494,21,0
F22Q20134504,13,0
F23Q20187381,19,0
F22Q10193693,24,0
F22Q10473174,15,0
F22Q30331311,9,1
F23Q10036926,16,0
F23Q20076522,19,0
F22Q30252987,11,1
F22Q10151559,18,0
F23Q30157759,11,1
F23Q20203738,19,0
F22Q30328133,13,0
F23Q10161945,6,1
F23Q10072450,3,1
F22Q40187074,16,0
F22Q10378722,17,0
F22Q10263435,22,0
F22Q30335547,19,0
F23Q30077146,20,0
F22Q20226715,14,0
F22Q40173496,11,1
F22Q10376976,8,1
F22Q20111772,15,0
F22Q20392720,14,0
F23Q20197129,12,1
F23Q30069509,21,0
F23Q30123757,16,0
F22Q20222456,21,0
F22Q40197272,8,1
F22Q20087781,12,1
F22Q10339809,12,1
F22Q20156277,9,1
F22Q20063879,16,0
F22Q30246265,20,0
F23Q30230100,23,0
F22Q30140842,13,0
F22Q40175498,23,0
F22Q40187394,17,0
F23Q20120506,16,0
F23Q10183425,21,0
F22Q20387850,15,0
F22Q30126650,8,1
F23Q20234335,10,1
F22Q10433852,3,1
F22Q10467714,15,0
F22Q20181185,5,1
F23Q10072443,11,1
F22Q30099918,18,0
F22Q10444181,6,1
F22Q10305345,10,1
F22Q30057481,16,0
F23Q30227080,11,1
F22Q40128397,13,0
F22Q10448949,11,1
F22Q30210954,9,1
F23Q10160788,20,0
F22Q40186846,19,0
F23Q20025593,19,0
F23Q20115136,17,0
F22Q20136385,17,0
F23Q10085227,16,0
F22Q10433698,9,1
F22Q10405218,5,1
F22Q40051792,9,1
F23Q10165277,15,0
F23Q20074739,13,0
F22Q30090104,24,0
F22Q10215347,14,0
F22Q40188048,23,0
F23Q10125813,14,0
F22Q20403862,19,0
F23Q30193403,15,0
F22Q10535298,21,0
F23Q30012926,16,0
F22Q30069372,24,0
F22Q20333435,10,1
F22Q20147038,23,0
F22Q30069067,8,1
F22Q30134310,12,1
F23Q30218776,7,1
F22Q10167656,11,1
F23Q10046390,5,1
F22Q30106057,10,1
F22Q30247575,13,0
F23Q30072075,16,0
F22Q20045637,11,1
F23Q20128029,18,0
F22Q30226073,16,0
F22Q20264745,13,0
F23Q10147893,20,0
F22Q30049562,13,0
F22Q20400987,20,0
F22Q10372267,11,1
F22Q40125056,20,0
F23Q10178065,6,1
F22Q20319598,11,1
F22Q20030494,20,0
F22Q20097801,3,1
F23Q10067979,4,1
F22Q40210941,12,1
F22Q20251744,13,0
F23Q20075750,4,1
F22Q10004156,24,0
F22Q20383964,13,0
F22Q20376359,21,0
F23Q20023536,23,0
F22Q30139040,14,0
F23Q30177939,15,0
F22Q10289823,18,0
F23Q30238341,22,0
F22Q30159287,3,1
F23Q20174967,7,1
F23Q10180430,7,1
F22Q10475043,23,0
F22Q20383617,22,0
F22Q30075968,8,1
F23Q10175255,17,0
F22Q30086359,17,0
F22Q20399064,16,0
F23Q30066344,24,0
F22Q10047491,11,1
F23Q20130150,5,1
F22Q30170064,7,1
F22Q20370054,18,0
F22Q20332297,5,1
F22Q20267168,18,0
F22Q20191196,20,0
F22Q10490849,20,0
F22Q30185974,4,1
F22Q20208232,23,0
F23Q30085279,14,0
F23Q30137772,10,1
F23Q30243005,10,1
F22Q20110676,16,0
F22Q10016663,23,0
F22Q30057372,19,0
F22Q40152128,24,0
F23Q30032974,11,1
F22Q10487969,19,0
F23Q10137843,22,0
F22Q20315858,4,1
F23Q20144159,16,0
F23Q20146054,14,0
F22Q20031612,13,0
F22Q20236831,10,1
F23Q30187342,10,1
F22Q10327540,22,0
F22Q30069016,9,1
F22Q40084103,10,1
F22Q40046703,23,0
F22Q30107278,3,1
F22Q30123624,13,0
F23Q30186644,18,0
F23Q20144797,15,0
F22Q40067887,21,0
F22Q10336786,10,1
F23Q30043616,22,0
F23Q30077213,4,1
F22Q20110985,20,0
F22Q20408622,14,0
F22Q10311868,8,1
F23Q30061883,10,1
F23Q20153752,10,1
F22Q10237695,24,0
F22Q20003851,11,1
F22Q40058805,23,0
F22Q10131661,10,1
F22Q20087809,6,1
F22Q20314245,14,0
F23Q10072445,8,1
F22Q40109438,21,0
F22Q10448031,13,0
F22Q10393959,13,0
F23Q20096550,22,0
F22Q30221600,9,1
F23Q20034498,23,0
F23Q20139395,10,1
F22Q20218640,19,0
F22Q10102201,6,1
F23Q30099071,21,0
F22Q40109966,20,0
F23Q10045011,13,0
F22Q30020709,23,0
F22Q30142241,20,0
F22Q10107241,8,1
F22Q10188578,5,1
F22Q30266932,20,0
F22Q10397186,24,0
F23Q10108155,8,1
F22Q20296952,3,1
F22Q10518809,21,0
F22Q10542085,17,0
F22Q30158395,14,0
F23Q30076525,16,0
F22Q10046628,17,0
F22Q20211855,21,0
F23Q20003676,15,0
F23Q20197262,18,0
F22Q40211862,6,1
F22Q10302497,11,1
F22Q40192942,11,1
F22Q30221536,13,0
F23Q30201248,12,1
F22Q30018580,6,1
F23Q20009535,6,1
F22Q20420196,23,0
F22Q40104679,20,0
F22Q20365195,10,1
F22Q20274215,15,0
F22Q20036965,24,0
F23Q30186586,20,0
F22Q20327643,11,1
F22Q20419086,18,0
F22Q40113298,14,0
F22Q10097659,22,0
F23Q30003372,24,0
F22Q10184035,18,0
F22Q30109355,6,1
F22Q40031422,19,0
F23Q10095222,8,1
F23Q20112541,6,1
F23Q20042407,15,0
F23Q10111459,12,1
F23Q20026727,7,1
F22Q40048562,3,1
F23Q10149537,18,0
F22Q30156657,18,0
F22Q40155510,6,1
F23Q20262996,21,0
F22Q10291976,9,1
F22Q20282090,9,1
F23Q30002437,5,1
F22Q10490401,20,0
F22Q30115679,15,0
F22Q10576676,6,1
F22Q30111987,15,0
F23Q20078763,15,0
F22Q10330375,21,0
F22Q10540207,16,0
F23Q20205019,20,0
F22Q30219220,22,0
F22Q10016955,8,1
F23Q30174962,16,0
F22Q10122908,13,0
F22Q20253886,23,0
F23Q30174897,11,1
F22Q10385028,23,0
F22Q20143058,10,1
F22Q20125206,6,1
F22Q30161925,23,0
F23Q20139229,21,0
F22Q10135544,13,0
F22Q30322877,24,0
F22Q40060207,6,1
F23Q30155734,3,1
F22Q20294989,3,1
F22Q30111263,21,0
F22Q10539016,9,1
F22Q10313758,20,0
F23Q30253002,16,0
F22Q10158834,6,1
F23Q10005792,6,1
F23Q20246986,17,0
F22Q40044034,14,0
F22Q20273498,11,1
F22Q30171738,9,1
F22Q40101036,11,1
F22Q20285886,15,0
F22Q10414521,14,0
F22Q30258621,22,0
F22Q30280202,24,0
F22Q40182119,23,0
F22Q30212128,11,1
F22Q40208054,15,0
F22Q30005619,16,0
F22Q30169598,11,1
F23Q30102253,13,0
F22Q30023410,4,1
F23Q20163679,20,0
F23Q10095647,7,1
F22Q20276197,23,0
F23Q10080936,22,0
F23Q20238236,18,0
F22Q20223594,3,1
F23Q30008786,11,1
F22Q20397591,15,0
F22Q10513714,3,1
F22Q30196119,15,0
F23Q20088734,19,0
F22Q30307782,21,0
F23Q20103528,21,0
F22Q20290962,18,0
F22Q30246693,17,0
F22Q20085018,10,1
F22Q30086409,22,0
F22Q20010153,13,0
F22Q10488757,10,1
F22Q20289757,16,0
F22Q40090959,14,0
F23Q30026731,23,0
F22Q10539714,8,1
F22Q30258041,20,0
F23Q20263191,23,0
F22Q30168423,14,0
F23Q10183748,16,0
F23Q10183130,21,0
F22Q10364325,21,0
F23Q10087956,9,1
F22Q10375413,23,0
F23Q20264746,10,1
F22Q30069102,23,0
F22Q10439725,3,1
F22Q20043402,21,0
F22Q10577752,6,1
F23Q10109904,18,0
F22Q20155688,15,0
F22Q20431387,10,1
F23Q10063702,17,0
F22Q20428264,7,1
F22Q30313295,16,0
F22Q30026870,3,1
F22Q40078426,16,0
F22Q40155679,22,0
F22Q10091776,10,1
F22Q20200382,3,1
F22Q30109178,11,1
F22Q30322273,13,0
F22Q30009844,19,0
F23Q20144716,8,1
F23Q20223436,5,1
F23Q20259637,10,1
F22Q20018648,7,1
F23Q10008634,23,0
F22Q30025282,11,1
F22Q30115521,24,0
F22Q20265129,19,0
F22Q20279207,20,0
F22Q40177026,21,0
F22Q20290009,5,1
F22Q20147003,12,1
F22Q40161878,11,1
F22Q20167035,24,0
F23Q10164762,16,0
F23Q30080070,12,1
F22Q10166616,15,0
F22Q40175764,8,1
F23Q30093761,20,0
F22Q40047883,9,1
F23Q10013487,13,0
F23Q30258419,10,1
F22Q20086663,7,1
F22Q10240128,21,0
F23Q30027653,24,0
F23Q30206797,12,1
F22Q10438872,8,1
F23Q30181535,11,1
F23Q20148461,6,1
F22Q30050545,16,0
F22Q10045932,4,1
F22Q30173685,24,0
F23Q30234518,11,1
F23Q10020601,20,0
F22Q20049767,14,0
F22Q30237443,24,0
F23Q10036550,9,1
F22Q20105569,7,1
F22Q10112023,12,1
F23Q20014451,19,0
F23Q20106615,19,0
F22Q40022580,8,1
F22Q30049174,15,0
F23Q10038747,8,1
F22Q10014962,18,0
F22Q40133433,7,1
F22Q30319036,11,1
F22Q40094411,17,0
F22Q30288586,8,1
F22Q20396905,3,1
F22Q20222550,11,1
F22Q30086543,3,1
F22Q20198743,21,0
F22Q30297798,19,0
F22Q10576609,4,1
F22Q30228891,20,0
F22Q10156026,16,0
F22Q20121243,7,1
F22Q30015573,19,0
F23Q30071704,9,1
F22Q10128634,12,1
F22Q20347196,7,1
F22Q20097667,15,0
F22Q30227718,7,1
F22Q30050615,19,0
F22Q40007393,7,1
F22Q20133970,7,1
F22Q20120846,8,1
F22Q30233141,24,0
F22Q30165158,8,1
F22Q30057162,23,0
F23Q20214365,13,0
F23Q30209182,20,0
F22Q10534126,8,1
F22Q20290475,4,1
F22Q10088689,9,1
F22Q20281440,16,0
F22Q10086392,8,1
F22Q10208778,18,0
F23Q10102425,6,1
F22Q20223597,20,0
F23Q30028442,20,0
F22Q30325378,17,0
F22Q20249617,21,0
F22Q40025141,15,0
F22Q40118497,17,0
F23Q10085437,21,0
F22Q40121790,6,1
F22Q30248068,5,1
F23Q10145825,7,1
F23Q30173174,12,1
F22Q20248187,10,1
F22Q30250563,11,1
F23Q10155901,7,1
F23Q20081735,22,0
F22Q40081957,20,0
F23Q30080995,14,0
F22Q30238719,20,0
F23Q30231616,22,0
F22Q10565423,20,0
F22Q30202183,24,0
F22Q40096207,16,0
F22Q10163758,4,1
F22Q40189543,24,0
F22Q40173004,17,0
F22Q10486593,18,0
F23Q10120232,23,0
F23Q30158977,23,0
F22Q40216429,4,1
F23Q20019207,9,1
F23Q20106332,21,0
F22Q30246696,22,0
F23Q30053741,18,0
F22Q40214791,16,0
F23Q10060752,24,0
F22Q40191438,22,0
F22Q10165509,18,0
F23Q30153705,20,0
F23Q10119608,4,1
F22Q30212257,24,0
F23Q10107882,14,0
F23Q10039910,12,1
F23Q20085617,14,0
F22Q30163868,5,1
F22Q10320628,5,1
F23Q10038298,15,0
F22Q20266142,13,0
F23Q30097545,18,0
F22Q30336295,9,1
F22Q30211429,7,1
F22Q20007487,22,0
F22Q10356454,12,1
F22Q10373628,6,1
F23Q20142054,24,0
F22Q10394290,24,0
F23Q30255343,15,0
F22Q10437709,14,0
F22Q10429178,3,1
F23Q30008782,24,0
F22Q10088583,5,1
F22Q30269283,20,0
F23Q20254881,10,1
F23Q10050682,8,1
F22Q20184952,10,1
F22Q10546434,6,1
F22Q20146308,18,0
F23Q20239763,17,0
F22Q40170730,5,1
F22Q40165728,15,0
F23Q20116519,15,0
F22Q10017808,11,1
F22Q10220195,7,1
F22Q20115741,8,1
F23Q20092102,14,0
F23Q20183567,11,1
F22Q30179233,23,0
F22Q30311507,8,1
F22Q10015389,13,0
F22Q10475477,18,0
F22Q20312290,16,0
F22Q20370014,6,1
F22Q20201933,18,0
F22Q20410218,7,1
F23Q20131663,13,0
F23Q10145565,9,1
F22Q20272072,21,0
F22Q20346688,21,0
F22Q30196933,20,0
F22Q10128638,13,0
F22Q40077971,11,1
F22Q10139705,22,0
F22Q20353670,6,1
F22Q20245668,12,1
F22Q10584310,5,1
F23Q20197993,24,0
F22Q10110554,22,0
F22Q10066804,13,0
F22Q20113608,5,1
F22Q40084174,10,1
F23Q30024652,21,0
F22Q30222944,7,1
F23Q20069559,14,0
F23Q30260752,22,0
F22Q10212210,17,0
F22Q20051832,3,1
F22Q30268200,11,1
F22Q40124004,8,1
F22Q40034236,7,1
F22Q40218047,11,1
F22Q40207556,22,0
F23Q30253537,18,0
F22Q30067265,8,1
F23Q20061406,13,0
F22Q10561809,14,0
F22Q40029156,17,0
F23Q20243249,9,1
F22Q40023914,16,0
F22Q20360017,15,0
F22Q20020931,13,0
F23Q20226615,17,0
F22Q30165941,5,1
F23Q10140961,22,0
F22Q10243451,23,0
F22Q20115782,7,1
F23Q20109185,18,0
F22Q30035390,23,0
F22Q30191636,15,0
F22Q40043209,18,0
F22Q20340852,5,1
F22Q10168640,16,0
F22Q30320424,6,1
F22Q10096140,23,0
F23Q30106302,17,0
F22Q20390770,12,1
F22Q20010999,6,1
F22Q30099323,14,0
F22Q30258045,8,1
F22Q30055195,16,0
F22Q40215281,4,1
F22Q10571885,8,1
F22Q30289567,8,1
F22Q30318926,14,0
F22Q10232083,13,0
F23Q10162387,21,0
F23Q10150373,16,0
F22Q20010432,17,0
F22Q10018964,24,0
F23Q30103014,9,1
F22Q20389260,14,0
F23Q20258487,9,1
F22Q10517964,17,0
F22Q40107141,17,0
F23Q20014814,18,0
F23Q20042839,9,1
F22Q30123724,15,0
F22Q20247712,7,1
F23Q10111995,14,0
F23Q20185580,20,0
F22Q20229517,18,0
F22Q40028829,19,0
F22Q10086199,4,1
F22Q10082367,5,1
F22Q20055510,8,1
F22Q10520476,8,1
F23Q10085006,18,0
F22Q30146068,7,1
F22Q30211069,7,1
F23Q20010524,15,0
F23Q30047744,10,1
F23Q30167546,16,0
F23Q10123433,16,0
F22Q10337015,14,0
F22Q10042659,10,1
F22Q30078080,4,1
F22Q40073972,21,0
F23Q10023265,16,0
F23Q30194301,15,0
F22Q20157148,10,1
F22Q20406624,17,0
F22Q20118800,20,0
F22Q10459493,5,1
F23Q10148969,15,0
F22Q30106345,16,0
F23Q20033367,14,0
F22Q30315908,6,1
F22Q30275970,10,1
F22Q10248767,20,0
F22Q10357474,21,0
F22Q40132661,7,1
F23Q30160461,10,1
F22Q20075176,14,0
F22Q40132287,19,0
F22Q40142748,24,0
F23Q30121754,18,0
F23Q10181920,22,0
F23Q30231379,5,1
F22Q10295721,17,0
F23Q10075603,9,1
F23Q20087449,13,0
F22Q10438047,11,1
F22Q20270132,16,0
F23Q30133854,18,0
F22Q20236715,9,1
F22Q40186637,21,0
F22Q40162429,11,1
F22Q20345496,9,1
F23Q20206193,15,0
F22Q40019232,22,0
F22Q30072864,14,0
F22Q40149224,13,0
F22Q10360908,15,0
F22Q30252548,13,0
F22Q30025265,8,1
F22Q10188665,10,1
F22Q20321950,15,0
F22Q10372681,21,0
F22Q20157605,10,1
F23Q10109902,20,0
F23Q10039102,22,0
F23Q20070415,20,0
F23Q30016157,20,0
F22Q30165228,13,0
F22Q10127118,22,0
F23Q30145049,7,1
F22Q20267465,17,0
F23Q10078507,8,1
F22Q10404685,9,1
F22Q10137711,18,0
F22Q10438035,21,0
F22Q30329517,16,0
F22Q20005913,3,1
F22Q20145380,22,0
F22Q20318981,15,0
F22Q20299398,15,0
F22Q10520385,12,1
F23Q10118227,11,1
F22Q40208741,20,0
F23Q30250352,13,0
F22Q10170500,16,0
F22Q20408310,8,1
F22Q30156427,9,1
F23Q20118897,24,0
F22Q40007391,13,0
F23Q30084713,15,0
F22Q30310125,8,1
F23Q20122580,10,1
F22Q10574549,19,0
F22Q30283693,20,0
F22Q30038926,24,0
F22Q40023138,8,1
F23Q20094508,21,0
F22Q30136642,14,0
F22Q30104166,17,0
F23Q30104273,10,1
F22Q10521469,21,0
F22Q10526178,20,0
F22Q30296067,5,1
F22Q10466863,12,1
F22Q30239369,23,0
F22Q40135029,13,0
F22Q30060562,16,0
F23Q10105842,11,1
F23Q20022485,24,0
F22Q40108761,18,0
F22Q10188486,8,1
F22Q20264179,16,0
F22Q10348772,17,0
F22Q30028366,11,1
F23Q20050026,22,0
F22Q10385233,16,0
F22Q20365901,17,0
F23Q30156858,21,0
F22Q10533915,11,1
F22Q20192187,12,1
F22Q20342017,7,1
F22Q30296164,23,0
F22Q20292375,20,0
F22Q30332372,10,1
F23Q20154164,13,0
F22Q10473887,23,0
F22Q30330006,5,1
F23Q30133439,14,0
F22Q40169452,10,1
F22Q20016079,24,0
F22Q20385102,11,1
F22Q10113721,10,1
F22Q20008744,16,0
F23Q30120055,8,1
F22Q20079463,7,1
F23Q20144840,7,1
F23Q20095052,15,0
F23Q30073236,23,0
F23Q10183455,21,0
F22Q40079957,4,1
F22Q20397646,6,1
F22Q20374481,11,1
F23Q30112609,21,0
F22Q20318787,12,1
F22Q30161355,21,0
F22Q40123369,23,0
F22Q10012024,19,0
F22Q20108989,7,1
F22Q10184658,7,1
F22Q10463159,7,1
F22Q20330320,15,0
F22Q40147888,8,1
F22Q20434918,23,0
F23Q30231317,13,0
F23Q30107324,4,1
F23Q30086952,18,0
F22Q40131461,11,1
F22Q40214283,4,1
F23Q20035150,23,0
F22Q10455927,20,0
F22Q30323627,21,0
F23Q20006355,7,1
F23Q20217469,9,1
F23Q30008679,21,0
F22Q10023824,23,0
F22Q10093364,23,0
F22Q10438113,12,1
F22Q20204381,3,1
F23Q20037327,21,0
F22Q40003285,6,1
F22Q20094236,10,1
F22Q10145261,16,0
F23Q20209032,6,1
F22Q30286666,12,1
F22Q20335033,16,0
F22Q40174222,18,0
F23Q20072797,24,0
F23Q20078891,4,1
F22Q30217821,9,1
F22Q20177339,14,0
F22Q40176235,15,0
F23Q30234287,16,0
F22Q20340388,5,1
F22Q20023531,9,1
F22Q30106624,11,1
F22Q40114204,3,1
F23Q10095229,5,1
F23Q20214835,9,1
F22Q30238096,19,0
F23Q30254009,10,1
F23Q30244058,22,0
F22Q20235466,23,0
F22Q10202610,7,1
F22Q20153804,4,1
F22Q30197952,15,0
F23Q20190655,20,0
F23Q30078375,23,0
F22Q40027490,19,0
F22Q40100442,11,1
F22Q10403338,6,1
F23Q20231966,23,0
F22Q10224317,18,0
F22Q10215189,3,1
F22Q20051203,24,0
F23Q20253368,20,0
F22Q10472151,24,0
F22Q10341913,12,1
F22Q20140471,18,0
F23Q30030448,12,1
F22Q10077612,9,1
F23Q10053402,13,0
F23Q30237269,22,0
F23Q10099031,22,0
F22Q30120826,17,0
F22Q20156370,3,1
F23Q10181495,14,0
F23Q10056758,23,0
F23Q30192976,6,1
F23Q20094062,23,0
F22Q20006790,21,0
F22Q10304680,15,0
F22Q30245112,19,0
F22Q40052635,11,1
F22Q40089595,21,0
F23Q30172976,12,1
F22Q40003344,23,0
F23Q10025108,19,0
F22Q10037950,21,0
F22Q20176995,23,0
F22Q30301553,17,0
F22Q10147856,4,1
F22Q10407022,5,1
F22Q10465039,8,1
F22Q30053784,17,0
F22Q10569876,14,0
F22Q30083061,22,0
F23Q30179720,13,0
F22Q20014892,23,0
F23Q20039204,8,1
F22Q20027356,14,0
F23Q30260476,21,0
F22Q30113994,3,1
F22Q40102328,21,0
F23Q20249025,24,0
F22Q30255311,6,1
F22Q30317145,21,0
F23Q10091786,7,1
F23Q20094463,20,0
F22Q10152260,21,0
F22Q10394181,20,0
F22Q10493753,23,0
F22Q10534534,15,0
F22Q30007784,21,0
F22Q20215973,14,0
F22Q30310854,23,0
F23Q30210822,19,0
F22Q20336964,19,0
F22Q20086763,12,1
F22Q30111495,10,1
F22Q20230967,5,1
F22Q40196785,18,0
F22Q20369571,12,1
F22Q10428614,22,0
F23Q30048143,22,0
F23Q10094013,16,0
F22Q10513723,3,1
F22Q30115764,14,0
F23Q20130261,18,0
F23Q30180606,12,1
F23Q20006898,13,0
F23Q20042085,13,0
F22Q10470203,22,0
F22Q10424875,15,0
F23Q20069256,11,1
F22Q20020750,3,1
F22Q40039950,22,0
F22Q10191877,20,0
F22Q10010155,17,0
F22Q30060903,12,1
F22Q30223503,4,1
F23Q20141983,23,0
F22Q30100213,19,0
F22Q30224541,22,0
F22Q30076311,23,0
F22Q20195390,11,1
F22Q20302109,8,1
F23Q10133555,6,1
F22Q40060597,22,0
F22Q10435933,21,0
F22Q10104823,12,1
F22Q30110832,23,0
F22Q30046434,23,0
F22Q10520569,19,0
F22Q10305403,6,1
F22Q20350304,11,1
F23Q30132225,9,1
F22Q10381827,8,1
F22Q20382002,18,0
F22Q10191250,14,0
F22Q30091973,5,1
F23Q20028024,13,0
F23Q20189549,13,0
F22Q30155933,19,0
F22Q30151725,10,1
F22Q20165307,11,1
F22Q20016056,5,1
F22Q10516168,18,0
F22Q40169316,8,1
F23Q10108608,14,0
F22Q20197556,12,1
F22Q10581242,11,1
F23Q10057816,20,0
F23Q20002306,11,1
F22Q10026457,9,1
F23Q30172258,15,0
F22Q30207648,11,1
F22Q30255430,3,1
F23Q30059760,16,0
F22Q10532668,15,0
F23Q10135923,10,1
F22Q30104477,4,1
F23Q30188234,13,0
F22Q10036253,21,0
F22Q30166659,17,0
F23Q10006905,20,0
F22Q30185965,4,1
F22Q10388821,24,0
F23Q10056309,24,0
F22Q20276554,3,1
F22Q20425623,5,1
F23Q20011290,20,0
F22Q10292101,11,1
F22Q20417337,7,1
F22Q10160758,10,1
F22Q40054679,3,1
F22Q30072509,20,0
F22Q10373696,8,1
F22Q10186428,8,1
F22Q10359115,6,1
F23Q20123829,21,0
F22Q40192663,6,1
F23Q30062509,13,0
F22Q10232044,7,1
F22Q30231060,10,1
F23Q10101893,23,0
F22Q30335588,6,1
F22Q20379527,11,1
F23Q20051518,11,1
F22Q20028382,6,1
F23Q30100213,9,1
F23Q30134608,14,0
F22Q10186384,16,0
F23Q10082907,11,1
F22Q20071473,17,0
F23Q30181632,13,0
F23Q10126986,7,1
F23Q30199684,18,0
F22Q10309108,9,1
F22Q10368107,12,1
F22Q40076458,16,0
F22Q20170219,8,1
F22Q10469682,3,1
F22Q20272479,16,0
F22Q10510409,15,0
F22Q20332055,23,0
F22Q10141712,14,0
F22Q10406879,8,1
F22Q30203649,4,1
F22Q40212020,15,0
F22Q30301863,3,1
F22Q30182374,5,1
F23Q10141594,6,1
F22Q20349532,10,1
F22Q20132761,11,1
F22Q30154859,4,1
F22Q10285213,21,0
F22Q30155884,14,0
F22Q40037008,10,1
F22Q20110672,20,0
F22Q30309053,15,0
F23Q20036581,18,0
F22Q20087742,21,0
F22Q30199754,24,0
F22Q10475476,21,0
F23Q10114377,20,0
F22Q10401940,21,0
F22Q40162942,6,1
F23Q20119701,19,0
F22Q10189561,4,1
F22Q40061452,22,0
F23Q30011755,17,0
F23Q10171915,16,0
F22Q30075210,15,0
F22Q10377839,9,1
F22Q20429645,11,1
F22Q40056793,20,0
F22Q30246333,11,1
F23Q20265383,16,0
F22Q10153195,7,1
F22Q20109988,15,0
F22Q30192669,3,1
F23Q30239090,9,1
F23Q20264514,11,1
F23Q20194032,22,0
F22Q10251345,11,1
F22Q20048971,21,0
F23Q20247303,19,0
F23Q10034666,24,0
F22Q10020064,10,1
F22Q30327247,18,0
F22Q10165961,18,0
F23Q30050454,15,0
F22Q20344284,19,0
F23Q20276210,8,1
F23Q20189405,12,1
F22Q10477070,6,1
F22Q10227686,7,1
F22Q20217975,10,1
F23Q30071096,19,0
F23Q30048305,16,0
F22Q10581967,21,0
F23Q30093246,15,0
F23Q20242089,21,0
F22Q40178397,15,0
F23Q20102653,3,1
F22Q30173226,10,1
F23Q30224490,4,1
F23Q20033291,14,0
F22Q10035122,23,0
F22Q20155438,17,0
F23Q20046611,18,0
F22Q20403133,22,0
F23Q10163214,19,0
F22Q20162189,18,0
F23Q30076249,22,0
F23Q30210524,7,1
F22Q10430908,12,1
F22Q30040626,16,0
F22Q30336677,11,1
F22Q20241512,12,1
F22Q20034950,23,0
F22Q10511927,24,0
F22Q20160375,11,1
F23Q20175440,13,0
F23Q20045322,13,0
F22Q20182786,3,1
F23Q10140302,23,0
F22Q20235772,6,1
F22Q20288792,16,0
F23Q30241834,14,0
F22Q30012891,18,0
F22Q10096680,5,1
F23Q30063372,22,0
F22Q30054429,4,1
F23Q10041354,13,0
F22Q20107635,23,0
F23Q20188152,22,0
F22Q20403823,18,0
F22Q10496106,8,1
F22Q40100407,6,1
F23Q10012427,8,1
F22Q20413275,14,0
F22Q40126520,12,1
F22Q20163937,16,0
F22Q10158875,10,1
F22Q10194477,23,0
F22Q40104508,24,0
F22Q10531073,14,0
F22Q40128455,24,0
F23Q30081150,15,0
F22Q30237819,11,1
F22Q20020236,24,0
F22Q10474534,11,1
F22Q20226918,5,1
F23Q30221855,10,1
F23Q10120327,21,0
F22Q30179218,19,0
F22Q30033588,13,0
F22Q10263120,7,1
F22Q40199107,13,0
F22Q20076234,18,0
F23Q10002501,14,0
F23Q30036300,18,0
F22Q20227421,15,0
F22Q20329327,4,1
F23Q30167358,7,1
F22Q10316777,4,1
F22Q10438255,8,1
F23Q10176830,24,0
F23Q10178025,13,0
F22Q40084457,18,0
F23Q10130327,5,1
F22Q10149669,4,1
F22Q10385738,5,1
F22Q20194191,21,0
F22Q10273760,20,0
F23Q20155544,6,1
F22Q20247894,4,1
F22Q30291396,6,1
F22Q20356206,17,0
F22Q40170738,23,0
F22Q30177741,18,0
F22Q20043482,22,0
F22Q20161429,12,1
F22Q20387411,9,1
F22Q10081712,13,0
F22Q40115097,5,1
F22Q30151776,4,1
F22Q40084699,13,0
F22Q20226728,14,0
F23Q30160463,8,1
F23Q30003007,13,0
F23Q20197067,7,1
F22Q30096240,14,0
F22Q30033634,16,0
F23Q10133140,9,1
F22Q30195595,6,1
F23Q30141821,11,1
F22Q20265643,4,1
F23Q30226464,14,0
F22Q20294405,23,0
F22Q10289982,16,0
F23Q20180703,20,0
F23Q30212620,22,0
F22Q20055406,12,1
F22Q30315529,6,1
F22Q40028403,13,0
F22Q10507091,6,1
F22Q10185164,22,0
F22Q30326454,14,0
F22Q30224562,8,1
F22Q40073234,7,1
F22Q10025871,5,1
F22Q20200270,22,0
F22Q20280670,22,0
F22Q40122412,15,0
F22Q40009893,3,1
F22Q20033211,22,0
F22Q10143738,22,0
F22Q20272443,15,0
F23Q30055214,7,1
F22Q10322908,17,0
F22Q10412465,22,0
F22Q20012054,8,1
F22Q20353664,13,0
F22Q30184684,21,0
F22Q40109146,21,0
F22Q10460862,9,1
F22Q20286415,18,0
F22Q30010122,18,0
F22Q30052875,3,1
F23Q20188785,11,1
F22Q30157741,18,0
F22Q40003696,21,0
F22Q40181654,3,1
F23Q20050975,16,0
F22Q10173221,20,0
F22Q20314189,6,1
F23Q10045168,3,1
F23Q30173302,11,1
F23Q20018832,13,0
F22Q20362314,15,0
F22Q20056211,7,1
F22Q30177469,21,0
F22Q30276558,19,0
F23Q30258761,19,0
F23Q10047745,24,0
F22Q40006887,23,0
F23Q10130445,22,0
F22Q10034319,13,0
F22Q20044353,9,1
F22Q20052653,18,0
F23Q20046990,5,1
F22Q40210519,6,1
F23Q10004053,23,0
F23Q20027526,6,1
F22Q10132029,8,1
F22Q10121965,8,1
F22Q10231598,12,1
F22Q10079845,8,1
F22Q40201959,11,1
F22Q10016376,21,0
F22Q10176000,17,0
F22Q20285107,8,1
F23Q20239630,17,0
F22Q20063447,17,0
F23Q10170136,19,0
F22Q30196265,23,0
F23Q20249837,9,1
F22Q10356451,10,1
F23Q10053049,15,0
F23Q10088106,16,0
F22Q20423186,12,1
F23Q20064142,12,1
F23Q30087984,12,1
F23Q30187238,22,0
F23Q10128838,13,0
F23Q10092867,22,0
F23Q20268712,18,0
F22Q30258297,20,0
F22Q10488491,19,0
F22Q10199899,19,0
F22Q10232717,8,1
F22Q30088122,6,1
F22Q20328737,24,0
F23Q10038025,21,0
F22Q10124976,8,1
F22Q20318834,12,1
F22Q40071616,10,1
F23Q30195587,12,1
F22Q30289354,3,1
F22Q30045811,15,0
F22Q30310718,10,1
F22Q30044992,15,0
F23Q20213529,19,0
F22Q10302668,20,0
F23Q30243348,19,0
F22Q30140596,3,1
F22Q10175124,24,0
F23Q20087761,7,1
F22Q10323213,24,0
F22Q30179984,6,1
F22Q10118084,5,1
F22Q40002116,20,0
F23Q10136257,17,0
F23Q10149323,10,1
F23Q10077414,9,1
F23Q10169938,15,0
F23Q20215556,17,0
F22Q40207918,15,0
F22Q20334245,23,0
F22Q10372691,5,1
F22Q30052194,10,1
F22Q10227307,12,1
F22Q10438944,23,0
F23Q20240864,10,1
F22Q10571174,23,0
F22Q40190896,8,1
F22Q10524589,19,0
F22Q30078170,16,0
F22Q10346637,24,0
F22Q30032963,16,0
F22Q10072375,12,1
F22Q30127636,6,1
F23Q30251515,17,0
F22Q20290693,15,0
F22Q20118776,9,1
F23Q10169368,17,0
F22Q30103955,15,0
F22Q30197807,7,1
F22Q30268606,21,0
F22Q10253998,11,1
F22Q20110092,16,0
F22Q30185702,5,1
F22Q40194327,9,1
F22Q10537890,10,1
F22Q10124019,14,0
F22Q30059856,13,0
F22Q40165715,10,1
F22Q20222784,21,0
F22Q40040060,20,0
F23Q20039466,20,0
F22Q40107772,17,0
F22Q30218468,15,0
F23Q30079703,10,1
F22Q30303854,20,0
F22Q10239025,20,0
F22Q20248577,6,1
F23Q10164453,11,1
F23Q30201779,18,0
F22Q30189020,23,0
F22Q30254817,16,0
F22Q10515677,18,0
F23Q20145813,22,0
F22Q10513840,5,1
F22Q20334795,10,1
F23Q30189314,12,1
F22Q10290137,17,0
F22Q10047792,9,1
F22Q20323804,10,1
F23Q30081406,8,1
F22Q20435280,24,0
F23Q30031677,12,1
F22Q10120298,10,1
F22Q10392010,21,0
F22Q20164933,10,1
F23Q20183809,21,0
F22Q20153293,20,0
F22Q40219806,23,0
F22Q10555961,16,0
F22Q30003586,21,0
F22Q20392794,3,1
F22Q10421700,12,1
F23Q10108386,19,0
F22Q10481034,23,0
F23Q30225841,12,1
F22Q20109866,23,0
F22Q10324314,22,0
F23Q20265394,23,0
F22Q40146172,21,0
F22Q10220522,21,0
F22Q10082395,19,0
F22Q20091227,15,0
F22Q20243888,11,1
F22Q10006714,23,0
F22Q40037195,15,0
F22Q20231752,11,1
F23Q30138398,15,0
F23Q30074062,17,0
F22Q30236765,18,0
F22Q20347097,4,1
F23Q30051621,21,0
F23Q20265548,4,1
F22Q20325438,19,0
F22Q10395218,24,0
F22Q20245276,17,0
F22Q20088781,14,0
F22Q10576515,23,0
F23Q10085365,9,1
F22Q10403493,5,1
F22Q10043180,10,1
F22Q20104016,15,0
F22Q30024838,20,0
F23Q20023444,7,1
F23Q10164766,13,0
F22Q40126259,13,0
F22Q10175385,6,1
F22Q40216630,10,1
F23Q20214712,8,1
F22Q30286084,20,0
F22Q30106151,5,1
F22Q20182015,19,0
F22Q20314287,21,0
F22Q20040727,15,0
F22Q20221247,14,0
F23Q10012011,23,0
F22Q40109514,20,0
F22Q30334812,24,0
F22Q20185583,7,1
F22Q10417662,21,0
F22Q40095329,5,1
F22Q10317841,19,0
F22Q20360813,6,1
F22Q20049723,18,0
F22Q10399720,20,0
F22Q10502524,8,1
F23Q20099002,18,0
F22Q30064736,13,0
F22Q10183105,24,0
F22Q20271587,5,1
F22Q40001580,5,1
F22Q40165265,3,1
F23Q20181515,6,1
F23Q10155546,14,0
F23Q10121313,24,0
F23Q20268064,20,0
F23Q20014894,22,0
F22Q20306384,11,1
F22Q30240437,3,1
F22Q10124045,3,1
F22Q20359250,23,0
F23Q30131786,6,1
F22Q10265705,24,0
F22Q30137760,12,1
F22Q30022232,17,0
F23Q20264695,16,0
F23Q30172504,20,0
F22Q10126274,7,1
F23Q20148649,21,0
F22Q10184895,17,0
F22Q20062274,10,1
F22Q40149204,13,0
F22Q10354218,15,0
F22Q20086840,16,0
F22Q10344126,20,0
F22Q20141117,15,0
F22Q40147293,17,0
F22Q30277974,6,1
F22Q30205635,6,1
F22Q10358825,14,0
F22Q20099158,21,0
F22Q20102831,10,1
F22Q20085892,8,1
F22Q20285784,6,1
F22Q20296757,22,0
F22Q10222087,22,0
F22Q10328661,15,0
F23Q10001014,10,1
F22Q30152598,20,0
F22Q20185400,20,0
F22Q20329410,9,1
F22Q20410610,3,1
F23Q10154794,18,0
F23Q10116960,21,0
F23Q10182447,12,1
F22Q30316749,10,1
F22Q20124262,17,0
F22Q30094784,24,0
F22Q30086165,14,0
F22Q30230234,11,1
F22Q40198883,3,1
F22Q10104248,16,0
F22Q40007559,23,0
F22Q20423457,24,0
F22Q10076123,24,0
F22Q10529148,11,1
F22Q10327355,8,1
F23Q30045347,12,1
F23Q10049092,12,1
F23Q20208379,18,0
F23Q30087562,13,0
F22Q30309831,8,1
F22Q20063800,9,1
F23Q10062952,9,1
F23Q20103959,13,0
F23Q20153145,12,1
F23Q20192205,22,0
F23Q30113400,13,0
F23Q20023076,6,1
F22Q10510337,3,1
F22Q30231429,17,0
F22Q40103462,24,0
F23Q20079177,17,0
F22Q10286117,7,1
F22Q30004094,16,0
F23Q10021882,8,1
F23Q30078963,5,1
F23Q10151183,17,0
F22Q10427337,8,1
F22Q10092316,11,1
F23Q20064481,13,0
F22Q30015088,6,1
F22Q30045626,12,1
F22Q10379930,10,1
F22Q10276010,9,1
F22Q20392664,22,0
F22Q10556135,6,1
F23Q10120060,14,0
F23Q20019511,7,1
F22Q30067250,14,0
F22Q20374478,4,1
F22Q40182029,23,0
F22Q20034592,11,1
F22Q40219117,5,1
F23Q20271881,24,0
F22Q10263761,24,0
F22Q20276808,9,1
F22Q10457973,16,0
F23Q10176782,17,0
F22Q10548119,10,1
F22Q30332365,23,0
F23Q30232470,21,0
F22Q40088904,8,1
F22Q20039759,24,0
F22Q10478978,24,0
F22Q20252671,15,0
F22Q40065176,22,0
F22Q10408504,18,0
F23Q10158430,18,0
F22Q20223191,15,0
F22Q40038555,14,0
F22Q10401416,24,0
F23Q30090398,23,0
F23Q20270528,6,1
F23Q20004630,20,0
F23Q10066504,12,1
F23Q10032143,20,0
F22Q20392346,10,1
F22Q30105194,14,0
F22Q20043650,6,1
F22Q40010309,16,0
F23Q20184182,17,0
F23Q30241467,13,0
F23Q20233152,17,0
F22Q10429153,13,0
F22Q10484983,24,0
F22Q10573714,10,1
F22Q30084280,21,0
F22Q10206533,6,1
F23Q20093134,20,0
F22Q20007718,4,1
F22Q20269998,3,1
F22Q20263740,4,1
F23Q10116533,14,0
F22Q20222039,20,0
F22Q30124653,23,0
F22Q40122130,9,1
F23Q20257986,15,0
F23Q10148014,20,0
F23Q20056951,19,0
F22Q20231551,12,1
F23Q20062208,19,0
F23Q30077258,21,0
F23Q20041389,9,1
F23Q10176931,13,0
F22Q10152111,21,0
F22Q10062715,23,0
F22Q20034523,17,0
F22Q30163361,22,0
F22Q20369394,19,0
F23Q20121419,23,0
F22Q20398749,7,1
F22Q30138858,9,1
F22Q10542506,14,0
F22Q20317351,16,0
F22Q30020294,9,1
F23Q30085452,14,0
F22Q10039568,19,0
F22Q10404568,3,1
F22Q30168496,16,0
F22Q10129357,24,0
F23Q20091271,8,1
F22Q10526248,21,0
F22Q10159834,15,0
F22Q20063271,21,0
F22Q20224236,22,0
F22Q30322134,4,1
F22Q40144029,16,0
F23Q10115192,5,1
F22Q20203003,17,0
F22Q20304760,19,0
F22Q10448004,14,0
F23Q20197083,14,0
F22Q10309623,7,1
F23Q20127960,6,1
F23Q30204562,4,1
F22Q20007709,24,0
F22Q10071522,18,0
F22Q20088273,19,0
F22Q10402890,3,1
F22Q20244328,15,0
F23Q20185822,14,0
F22Q30037614,13,0
F22Q30006221,11,1
F22Q10274640,21,0
F23Q30094055,19,0
F22Q10188415,6,1
F23Q10183521,22,0
F22Q10094461,12,1
F22Q30033048,24,0
F22Q10443199,19,0
F22Q40032240,24,0
F23Q30199887,4,1
F22Q20412583,21,0
F22Q30319152,12,1
F23Q20126526,16,0
F22Q10475906,18,0
F22Q10445341,8,1
F22Q20369096,11,1
F22Q10546533,3,1
F23Q20161635,16,0
F22Q30021824,13,0
F23Q30133972,13,0
F22Q20067819,3,1
F22Q10078444,16,0
F22Q20323474,12,1
F22Q30067197,13,0
F22Q30294435,11,1
F23Q20242047,10,1
F23Q30065464,23,0
F22Q10050995,7,1
F23Q20186300,24,0
F22Q20192570,21,0
F22Q40072500,18,0
F22Q30295272,14,0
F23Q20010404,19,0
F22Q40106970,6,1
F22Q10052553,21,0
F23Q10037852,21,0
F23Q20253788,5,1
F22Q20180594,12,1
F23Q10134395,4,1
F23Q30047265,20,0
F22Q30248208,11,1
F23Q30231979,12,1
F22Q20196159,12,1
F22Q30291618,14,0
F22Q10012411,22,0
F22Q30032875,21,0
F22Q20418050,5,1
F22Q30011637,13,0
F22Q30171544,22,0
F23Q10029278,23,0
F23Q20186968,17,0
F22Q30215858,12,1
F22Q30327927,17,0
F22Q40047722,9,1
F22Q30118477,7,1
F22Q20152278,5,1
F22Q10504217,16,0
F22Q10157406,13,0
F22Q30140133,14,0
F22Q20266129,3,1
F22Q30259150,24,0
F22Q10529166,15,0
F22Q30122679,12,1
F22Q30210112,3,1
F22Q10133771,10,1
F23Q20209169,12,1
F23Q10013512,18,0
F23Q30162330,21,0
F22Q10101155,19,0
F23Q30192656,13,0
F22Q10136569,11,1
F22Q10161708,12,1
F22Q10175715,16,0
F23Q20202907,8,1
F23Q30111312,14,0
F22Q10142786,6,1
F22Q20113101,21,0
F22Q40016911,17,0
F22Q40158625,20,0
F22Q10430384,9,1
F22Q30145164,16,0
F22Q40075516,23,0
F23Q30107509,4,1
F22Q20214395,7,1
F22Q30023673,20,0
F22Q30133330,17,0
F22Q40212384,11,1
F23Q30010469,18,0
F22Q20078611,17,0
F22Q10046291,12,1
F23Q30152128,20,0
F23Q20238413,11,1
F23Q30118464,21,0
F23Q10121380,15,0
F22Q20192149,13,0
F23Q20271851,24,0
F22Q30240748,12,1
F22Q20128620,17,0
F22Q10558298,7,1
F23Q10146433,22,0
F22Q10172899,19,0
F23Q20192364,7,1
F23Q30022198,12,1
F23Q20073108,17,0
F22Q20136572,23,0
F23Q30046104,3,1
F23Q20180740,5,1
F22Q20301391,24,0
F23Q10117591,24,0
F23Q30012935,14,0
F22Q10210331,10,1
F22Q10154313,11,1
F23Q20138905,9,1
F22Q20276112,18,0
F23Q20143489,22,0
F22Q10428583,14,0
F22Q30215197,16,0
F23Q10055617,22,0
F23Q30046005,16,0
F23Q30196902,5,1
F22Q10102446,16,0
F22Q30058384,16,0
F22Q10572912,23,0
F23Q10126263,8,1
F22Q30214021,16,0
F22Q10005798,23,0
F22Q30262766,10,1
F22Q10362630,23,0
F23Q30116642,16,0
F23Q20246260,16,0
F22Q20317494,7,1
F22Q30101013,11,1
F23Q20037897,6,1
F22Q30315776,11,1
F23Q30177820,15,0
F22Q30104158,21,0
F22Q20044587,16,0
F23Q30039782,17,0
F23Q20059293,17,0
F22Q40188147,9,1
F22Q30250012,23,0
F22Q20018353,3,1
F22Q40162707,6,1
F22Q20384611,22,0
F23Q30233790,4,1
F22Q40028656,9,1
F22Q30337022,21,0
F23Q30165546,13,0
F23Q10014805,6,1
F22Q10182291,16,0
F23Q10092992,7,1
F22Q10049568,22,0
F22Q10042891,23,0
F23Q30186130,12,1
F23Q10093091,17,0
F22Q40053753,4,1
F22Q30043669,8,1
F22Q10445454,14,0
F23Q20019918,13,0
F22Q10426131,20,0
F22Q30071220,22,0
F22Q10111396,6,1
F22Q10295113,19,0
F22Q20268990,13,0
F22Q40189531,20,0
F23Q20147266,10,1
F22Q40043667,13,0
F23Q20005335,21,0
F22Q30036531,13,0
F22Q20172610,12,1
F22Q40037666,18,0
F22Q20065525,12,1
F22Q40169779,15,0
F22Q10159700,22,0
F22Q20161115,16,0
F22Q20292846,19,0
F22Q20131517,15,0
F22Q20078960,5,1
F23Q20036063,10,1
F23Q10035943,13,0
F22Q10129697,14,0
F22Q30079360,17,0
F22Q10044385,17,0
F23Q30012576,17,0
F23Q30220578,6,1
F22Q20320696,4,1
F22Q40147930,9,1
F22Q10317780,9,1
F22Q20419143,8,1
F23Q20190742,14,0
F23Q10011485,22,0
F22Q10496275,13,0
F22Q10394324,20,0
F23Q10149496,22,0
F23Q10023442,8,1
F22Q40050810,10,1
F22Q40219536,19,0
F23Q10131945,17,0
F22Q20031199,12,1
F23Q20131205,4,1
F23Q20107772,13,0
F22Q10354729,13,0
F22Q40085322,11,1
F22Q10255834,5,1
F22Q10153355,18,0
F22Q10415698,4,1
F22Q40199376,13,0
F23Q10037032,18,0
F22Q10422082,10,1
F22Q20340501,24,0
F22Q30175092,23,0
F23Q10086784,14,0
F22Q40024342,12,1
F23Q10035064,24,0
F22Q40084283,8,1
F23Q20064281,10,1
F22Q10221059,9,1
F23Q30199167,18,0
F22Q40104162,24,0
F22Q10427344,10,1
F22Q20347484,4,1
F22Q30123087,11,1
F22Q10137373,21,0
F23Q20160367,19,0
F22Q10206589,16,0
F22Q10069563,23,0
F22Q20094851,18,0
F22Q30221598,14,0
F22Q30008775,3,1
F22Q20029536,19,0
F22Q10391431,11,1
F22Q20084760,11,1
F22Q30056029,14,0
F23Q20074210,8,1
F22Q10150346,10,1
F23Q20140618,8,1
F22Q40181721,20,0
F23Q10158162,10,1
F22Q40005913,23,0
F22Q20223215,12,1
F22Q10147423,4,1
F23Q30201741,23,0
F23Q30104266,18,0
F22Q40082506,11,1
F22Q40203515,12,1
F23Q20001866,8,1
F22Q40126711,18,0
F22Q10255202,4,1
F23Q20142648,16,0
F23Q20214455,13,0
F22Q30292787,17,0
F23Q20042039,19,0
F22Q10227252,11,1
F22Q20333573,21,0
F23Q30160973,9,1
F22Q30072126,5,1
F23Q20035374,24,0
F22Q10052879,13,0
F22Q10143333,5,1
F23Q30241223,10,1
F22Q10258672,13,0
F22Q20426365,21,0
F22Q40084966,23,0
F23Q20204223,21,0
F22Q20336979,7,1
F22Q20099739,13,0
F23Q10106541,21,0
F22Q30007960,7,1
F22Q30244924,12,1
F23Q10058591,24,0
F22Q20231074,16,0
F23Q30132014,18,0
F22Q30193982,7,1
F22Q30183479,10,1
F22Q20218157,19,0
F23Q20083315,8,1
F23Q10083539,15,0
F22Q40011879,6,1
F22Q10343521,8,1
F23Q30215508,6,1
F22Q20432708,15,0
F22Q20437756,16,0
F22Q30127960,13,0
F22Q30076031,11,1
F22Q30308692,20,0
F23Q30223869,20,0
F23Q30233926,23,0
F22Q10163788,8,1
F23Q30145984,21,0
F22Q30317223,6,1
F23Q20199567,6,1
F23Q20048921,20,0
F23Q30030775,8,1
F22Q20053592,21,0
F22Q20071350,15,0
F22Q30193055,12,1
F22Q40175594,24,0
F23Q30213558,18,0
F22Q10432162,15,0
F22Q40080191,18,0
F22Q30051310,13,0
F23Q30215556,15,0
F23Q20089629,18,0
F22Q30111278,21,0
F22Q40054876,21,0
F22Q40065935,19,0
F22Q30131278,15,0
F23Q20215359,15,0
F23Q20274027,14,0
F22Q10167608,21,0
F22Q10326201,15,0
F22Q10401531,13,0
F22Q30174867,6,1
F22Q10294987,13,0
F23Q10003544,13,0
F22Q20392934,24,0
F22Q20125286,20,0
F22Q10378644,22,0
F22Q30230884,9,1
F22Q10332626,12,1
F22Q40063026,7,1
F22Q40121811,21,0
F22Q30015735,3,1
F22Q20318310,5,1
F23Q20215312,5,1
F23Q30136088,10,1
F22Q10557367,4,1
F22Q40043679,5,1
F22Q10122786,23,0
F22Q30135528,13,0
F22Q10248500,8,1
F22Q20061438,9,1
F22Q40058290,15,0
F22Q10163132,17,0
F22Q30185627,21,0
F23Q30008017,3,1
F23Q30034635,20,0
F22Q10051491,19,0
F22Q20367449,20,0
F22Q40044673,3,1
F22Q40136608,13,0
F23Q10159138,21,0
F23Q20116871,18,0
F22Q10217119,21,0
F22Q30107486,15,0
F22Q20325520,20,0
F23Q30123237,16,0
F22Q40085543,9,1
F23Q10105296,21,0
F23Q20002635,15,0
F22Q10304801,21,0
F22Q10203333,22,0
F22Q30073643,9,1
F22Q20211130,5,1
F22Q30334119,8,1
F22Q10156671,23,0
F22Q30169259,8,1
F22Q20137806,4,1
F23Q10150175,20,0
F23Q30154903,23,0
F22Q10571237,6,1
F22Q40130886,13,0
F23Q10049257,13,0
F23Q10030902,21,0
F22Q30273135,23,0
F22Q10521560,10,1
F22Q10542947,20,0
F22Q40069491,19,0
F22Q10323044,15,0
F23Q20269974,7,1
F23Q20061380,10,1
F22Q10174726,17,0
F22Q40200322,24,0
F22Q10370355,20,0
F22Q10258872,14,0
F22Q30256867,20,0
F22Q20126135,6,1
F23Q10137199,7,1
F23Q30083826,5,1
F23Q30062076,13,0
F22Q30202932,11,1
F22Q10403950,8,1
F22Q10578479,19,0
F22Q20039338,4,1
F23Q10014569,13,0
F22Q10416564,16,0
F23Q10104950,9,1
F22Q20306590,11,1
F22Q30080492,13,0
F22Q10492713,18,0
F22Q10396551,21,0
F22Q30273415,16,0
F22Q40044651,17,0
F22Q20197712,4,1
F22Q10253558,15,0
F23Q10080674,18,0
F23Q30028432,4,1
F22Q40218139,19,0
F23Q10151291,3,1
F23Q10044757,15,0
F22Q20060690,6,1
F22Q30208640,16,0
F23Q10010210,17,0
F22Q30106125,23,0
F22Q30033827,6,1
F22Q10254537,8,1
F22Q10119013,22,0
F23Q20254989,18,0
F22Q20097194,12,1
F22Q20343658,6,1
F22Q20085091,10,1
F22Q30332434,18,0
F23Q10090739,12,1
F22Q30036066,13,0
F22Q10163054,23,0
F22Q20090973,14,0
F22Q30044946,12,1
F22Q10558450,24,0
F22Q30265411,19,0
F22Q40125594,3,1
F23Q30139494,20,0
F22Q20380161,12,1
F22Q10108776,17,0
F22Q30109376,14,0
F22Q30051140,18,0
F23Q20038337,3,1
F22Q30281799,23,0
F22Q30319059,11,1
F23Q20244186,14,0
F23Q10045854,12,1
F23Q20175729,19,0
F22Q10127049,18,0
F22Q40085793,23,0
F22Q20096390,19,0
F22Q20379497,17,0
F22Q30116017,16,0
F23Q30030148,12,1
F23Q20104103,18,0
F23Q10043142,21,0
F23Q20067795,17,0
F23Q20037183,18,0
F22Q40202794,12,1
F22Q10176902,19,0
F22Q40189422,8,1
F22Q30285562,13,0
F22Q30017692,16,0
F22Q10246783,11,1
F22Q40161027,24,0
F22Q40056602,21,0
F22Q30190090,23,0
F22Q10171869,8,1
F23Q20264868,6,1
F22Q20436979,7,1
F22Q40168510,10,1
F23Q30094669,19,0
F23Q20026828,7,1
F22Q20306878,11,1
F22Q20342181,8,1
F23Q30093658,20,0
F23Q10164130,22,0
F23Q30113325,16,0
F22Q30285506,24,0
F22Q20008218,7,1
F23Q10121895,20,0
F22Q40048138,21,0
F22Q30244137,6,1
F23Q20065889,24,0
F22Q30120251,22,0
F22Q20333011,12,1
F23Q20242731,12,1
F23Q20275712,21,0
F22Q30232326,13,0
F22Q30079711,6,1
F22Q40207624,9,1
F22Q20362942,8,1
F23Q30171767,11,1
F22Q10260748,18,0
F22Q20271132,19,0
F23Q10039865,17,0
F22Q40033570,19,0
F22Q30133852,7,1
F22Q10289099,24,0
F22Q20135735,10,1
F22Q20332739,5,1
F22Q40132582,20,0
F23Q20259651,5,1
F22Q30221435,3,1
F22Q10520077,20,0
F22Q30245166,13,0
F22Q20206666,19,0
F22Q20206357,12,1
F22Q20300672,7,1
F22Q30261883,20,0
F22Q30264110,24,0
F22Q30126422,15,0
F22Q20354529,21,0
F23Q30145476,15,0
F22Q20330516,12,1
F22Q40003705,22,0
F22Q20098218,7,1
F23Q20119801,7,1
F22Q10423799,11,1
F23Q30200938,6,1
F22Q20089525,6,1
F22Q10246912,15,0
F22Q20101310,23,0
F23Q30168541,14,0
F22Q20317267,15,0
F22Q30012132,15,0
F23Q20191963,14,0
F23Q10037195,7,1
F23Q20212210,20,0
F23Q20175024,17,0
F22Q30206435,19,0
F23Q20011012,8,1
F22Q40029773,3,1
F22Q30325465,23,0
F22Q30267701,22,0
F22Q20101208,10,1
F22Q10267258,10,1
F23Q20027621,12,1
F23Q30140500,13,0
F22Q20378131,17,0
F22Q20151946,12,1
F22Q10383772,17,0
F22Q20104959,5,1
F22Q30116250,23,0
F22Q20084617,7,1
F22Q20280158,6,1
F22Q20077617,14,0
F22Q10296742,4,1
F22Q40137022,19,0
F22Q30074318,10,1
F22Q30293247,12,1
F22Q10074805,12,1
F22Q30262363,16,0
F22Q10143022,22,0
F22Q30319632,6,1
F22Q10365719,20,0
F23Q30004768,9,1
F23Q30103386,4,1
F22Q30160997,9,1
F23Q20181978,24,0
F22Q10155927,20,0
F22Q40005652,6,1
F23Q30094105,20,0
F22Q30314213,10,1
F22Q20255425,8,1
F22Q10169407,17,0
F23Q10011479,15,0
F22Q20095782,17,0
F23Q20202634,20,0
F23Q20053903,18,0
F22Q30085628,13,0
F22Q10541926,21,0
F22Q10054734,24,0
F22Q20168881,16,0
F22Q20166503,5,1
F22Q30247750,4,1
F22Q10138916,19,0
F22Q20067537,7,1
F22Q30248079,9,1
F23Q30122386,12,1
F23Q30214145,17,0
F22Q20013838,23,0
F22Q10266673,7,1
F22Q20392373,24,0
F22Q20043882,16,0
F22Q10242038,11,1
F22Q10318766,16,0
F22Q10482140,9,1
F22Q40144727,6,1
F22Q40098863,20,0
F22Q10562500,15,0
F22Q20321409,12,1
F22Q30038684,11,1
F22Q40191528,23,0
F22Q30277978,10,1
F23Q10135643,5,1
F22Q20103987,15,0
F23Q30095212,15,0
F22Q30120148,18,0
F23Q10165076,18,0
F23Q10127477,6,1
F22Q30306649,17,0
F22Q20315182,15,0
F22Q20226557,7,1
F22Q10251688,14,0
F22Q20333003,17,0
F22Q10188513,16,0
F22Q20259533,22,0
F22Q10195858,5,1
F22Q40084573,8,1
F22Q10426109,10,1
F23Q30177548,16,0
F22Q20239700,24,0
F22Q20284512,17,0
F22Q10355292,13,0
F23Q10153270,13,0
F22Q30029223,11,1
F22Q10106454,19,0
F22Q20426110,16,0
F23Q20120431,23,0
F23Q30226144,22,0
F22Q30094578,8,1
F22Q30097411,15,0
F22Q20290717,9,1
F22Q30092818,13,0
F23Q10184038,10,1
F22Q20055221,19,0
F22Q20074130,18,0
F23Q30058891,23,0
F23Q30234625,20,0
F22Q10313704,10,1
F22Q10343697,14,0
F22Q40093962,23,0
F23Q30055925,7,1
F22Q20045065,14,0
F22Q40050232,16,0
F22Q40015168,15,0
F22Q20134331,14,0
F23Q30066218,15,0
F22Q10417174,8,1
F22Q10338923,20,0
F23Q20022963,16,0
F22Q40079736,20,0
F23Q20099113,24,0
F22Q10120393,20,0
F22Q20035766,13,0
F22Q10237934,12,1
F22Q40061513,7,1
F22Q20356660,5,1
F22Q30279084,23,0
F22Q30047384,7,1
F22Q30281522,24,0
F23Q20075513,12,1
F22Q10208156,8,1
F23Q20046622,20,0
F23Q10071127,17,0
F22Q40141796,19,0
F22Q10520215,19,0
F22Q10040407,11,1
F22Q10430690,14,0
F22Q10455123,5,1
F22Q20065934,16,0
F23Q30073663,21,0
F22Q40145442,4,1
F22Q40144314,14,0
F22Q40217486,8,1
F22Q20077419,20,0
F23Q10094741,23,0
F22Q30317489,23,0
F22Q30152410,14,0
F22Q30246534,22,0
F23Q10087954,4,1
F22Q10515591,10,1
F22Q20021224,6,1
F22Q40220338,21,0
F23Q10123522,19,0
F22Q40061630,5,1
F22Q40186590,22,0
F22Q20379919,7,1
F22Q20075662,15,0
F22Q10228873,4,1
F22Q20350333,5,1
F22Q30164235,22,0
F22Q20437194,22,0
F22Q10367129,12,1
F22Q10161922,18,0
F23Q30156236,13,0
F23Q20001384,18,0
F23Q30152038,17,0
F22Q20356772,21,0
F22Q10015688,13,0
F22Q20206850,5,1
F22Q30300484,13,0
F22Q30207934,11,1
F22Q20125901,19,0
F22Q10568011,19,0
F23Q20218748,18,0
F22Q30193445,16,0
F22Q40005260,16,0
F22Q40031297,6,1
F22Q40190925,24,0
F22Q10121168,23,0
F22Q20383013,7,1
F22Q20208470,19,0
F22Q20270172,20,0
F23Q20145531,19,0
F22Q20254916,21,0
F23Q20146814,16,0
F22Q20414500,13,0
F23Q20195516,15,0
F22Q10414186,21,0
F22Q10375516,21,0
F22Q40075000,22,0
F22Q10515535,8,1
F23Q20122891,18,0
F23Q20214396,13,0
F22Q20242392,13,0
F22Q10320474,9,1
F22Q40118192,18,0
F22Q40148908,23,0
F22Q10424303,10,1
F23Q10048815,10,1
F23Q20165687,17,0
F22Q20367036,7,1
F22Q30259690,15,0
F22Q20356810,3,1
F22Q40025751,16,0
F22Q20059429,22,0
F23Q30193616,13,0
F22Q30151346,23,0
F22Q40005982,15,0
F22Q20369590,4,1
F22Q40215470,10,1
F23Q20175021,6,1
F22Q20039819,6,1
F22Q10043627,19,0
F22Q30165777,12,1
F23Q10125164,22,0
F22Q40153036,23,0
F23Q20043274,12,1
F23Q20195254,11,1
F22Q10400060,3,1
F22Q10564739,6,1
F23Q10033321,18,0
F22Q20201850,4,1
F22Q10052959,19,0
F22Q30140974,18,0
F23Q20107207,22,0
F23Q30058792,12,1
F22Q20200841,6,1
F22Q30167984,16,0
F22Q20057183,14,0
F22Q10265157,6,1
F22Q20101423,16,0
F22Q10131734,19,0
F22Q20314393,23,0
F22Q40167456,19,0
F22Q30291929,8,1
F23Q10009939,24,0
F23Q10121148,17,0
F23Q10042855,7,1
F23Q10182921,21,0
F23Q20036129,19,0
F23Q30149845,18,0
F23Q10045814,17,0
F23Q10093600,20,0
F22Q10230563,22,0
F22Q30302644,15,0
F22Q10052596,20,0
F22Q30015831,19,0
F22Q20373193,6,1
F23Q30013859,23,0
F22Q10432904,6,1
F22Q10009941,17,0
F23Q30155109,10,1
F22Q20235086,14,0
F22Q20067988,20,0
F23Q30145497,18,0
F22Q10311426,8,1
F22Q30108856,11,1
F23Q30098826,9,1
F22Q10416278,12,1
F23Q20173255,16,0
F22Q30177046,11,1
F22Q30179113,8,1
F23Q30198112,12,1
F22Q20289202,9,1
F22Q20422334,7,1
F22Q20198533,1,1
F22Q30216900,12,1
F22Q10308507,8,1
F23Q20190732,13,0
F23Q30185306,12,1
F22Q20246485,18,0
F22Q30018224,16,0
F22Q40041920,24,0
F23Q20259979,20,0
F23Q10105599,19,0
F22Q30022634,16,0
F22Q30173695,6,1
F22Q10133934,3,1
F22Q20283910,8,1
F22Q30029023,15,0
F23Q10088049,21,0
F22Q30049389,17,0
F22Q30244203,22,0
F23Q10132729,20,0
F22Q20355611,8,1
F22Q30032339,14,0
F22Q40001280,22,0
F23Q30174182,5,1
F22Q30254944,16,0
F22Q30031914,22,0
F22Q30282253,14,0
F23Q10107294,22,0
F23Q20064803,15,0
F22Q10315243,17,0
F22Q40136542,11,1
F22Q20079044,4,1
F23Q10165623,18,0
F23Q10036455,12,1
F22Q10375450,18,0
F22Q10539314,7,1
F22Q30270198,3,1
F22Q30273746,6,1
F22Q40085889,6,1
F22Q20062308,20,0
F22Q10514219,10,1
F23Q20235937,13,0
F23Q30120734,20,0
F23Q30055643,22,0
F22Q10380510,16,0
F22Q20008864,7,1
F22Q20116266,24,0
F22Q40100509,12,1
F23Q10124658,20,0
F23Q20041667,16,0
F23Q20276269,12,1
F22Q10184769,20,0
F22Q20080505,19,0
F22Q10289375,4,1
F22Q20178911,23,0
F22Q30093399,14,0
F23Q10073980,22,0
F22Q20260843,16,0
F22Q30010047,21,0
F22Q30076745,12,1
F22Q20145429,19,0
F22Q10025509,10,1
F22Q10128107,7,1
F22Q10480498,6,1
F22Q20403208,14,0
F22Q10572202,21,0
F22Q40179492,21,0
F23Q20089323,20,0
F23Q20066948,20,0
F23Q30107295,16,0
F22Q30265189,13,0
F23Q20072698,5,1
F22Q20166993,18,0
F22Q10236145,19,0
F22Q30067422,18,0
F22Q30222933,13,0
F22Q10408744,10,1
F22Q30015654,15,0
F22Q20199978,19,0
F22Q10014457,8,1
F23Q30052162,23,0
F22Q10124129,22,0
F22Q10271345,23,0
F23Q20161046,14,0
F22Q10398866,20,0
F23Q30180339,11,1
F23Q30148314,12,1
F22Q10429167,9,1
F23Q20259468,19,0
F23Q10114780,22,0
F22Q40076853,19,0
F23Q20259451,5,1
F23Q20025514,7,1
F22Q10379501,13,0
F23Q30174145,15,0
F22Q10193186,9,1
F23Q20217620,5,1
F23Q20214273,11,1
F22Q20207199,21,0
F22Q10542624,20,0
F22Q30268988,19,0
F22Q20240502,18,0
F23Q10087457,21,0
F22Q40004451,16,0
F22Q40079537,23,0
F23Q20072159,13,0
F22Q10008355,21,0
F23Q30063634,18,0
F22Q30142881,22,0
F22Q10072731,19,0
F22Q10404618,13,0
F22Q10302926,11,1
F22Q20152184,6,1
F22Q30160054,24,0
F23Q20124154,17,0
F23Q10069612,9,1
F22Q20283888,16,0
F23Q10051972,4,1
F23Q30035130,5,1
F22Q20234000,13,0
F23Q20217814,13,0
F22Q20381740,7,1
F22Q30192554,11,1
F22Q30314127,7,1
F22Q10368749,22,0
F23Q10144499,7,1
F23Q20065212,4,1
F22Q30238367,11,1
F23Q20228545,11,1
F22Q20300642,15,0
F23Q20142324,11,1
F23Q20218418,14,0
F22Q40144045,14,0
F22Q20260649,3,1
F23Q20269915,12,1
F23Q20241082,19,0
F22Q10228529,19,0
F22Q30137503,11,1
F23Q20142504,3,1
F22Q10027258,12,1
F23Q10066130,18,0
F23Q30127961,23,0
F22Q20292593,21,0
F22Q30215894,22,0
F22Q10112830,13,0
F22Q10425160,22,0
F22Q10212854,12,1
F23Q30068950,13,0
F22Q20286405,6,1
F22Q30074530,6,1
F22Q30262083,23,0
F22Q30125194,23,0
F23Q10056806,18,0
F22Q40134190,23,0
F22Q30255388,11,1
F22Q30072935,5,1
F23Q30046086,4,1
F22Q10358534,12,1
F22Q30038036,20,0
F22Q40109042,22,0
F22Q40025232,9,1
F22Q10519302,19,0
F22Q20229938,20,0
F22Q10157395,24,0
F23Q30082117,17,0
F23Q20065451,19,0
F22Q30333604,19,0
F22Q30050049,8,1
F22Q10110162,8,1
F22Q10124088,23,0
F22Q20050289,8,1
F23Q30207551,20,0
F23Q30185263,15,0
F22Q10187521,19,0
F22Q40128247,9,1
F22Q10272154,24,0
F22Q20331850,18,0
F23Q20071321,12,1
F22Q10361079,10,1
F22Q20250741,9,1
F23Q20044384,9,1
F23Q20094882,12,1
F22Q20041635,9,1
F22Q30145646,4,1
F22Q30235381,15,0
F22Q40194175,12,1
F23Q30112961,4,1
F22Q30172801,21,0
F22Q10196170,9,1
F22Q30117979,18,0
F23Q20171133,18,0
F22Q20223117,12,1
F22Q20435954,5,1
F22Q30013568,12,1
F22Q40104082,17,0
F22Q20184048,15,0
F22Q10104675,15,0
F22Q20021402,5,1
F22Q20090319,9,1
F23Q10112742,18,0
F23Q30139465,5,1
F22Q40154520,22,0
F22Q20376101,9,1
F23Q20005052,22,0
F22Q30253626,17,0
F22Q10427824,9,1
F22Q30047351,24,0
F22Q10022366,10,1
F22Q10528702,3,1
F22Q30043424,10,1
F22Q10038852,11,1
F22Q40075094,8,1
F22Q20060471,22,0
F23Q30136440,18,0
F23Q30247475,6,1
F23Q10077104,19,0
F23Q10163227,10,1
F22Q10005328,20,0
F23Q30049729,20,0
F22Q10097133,11,1
F22Q10511332,5,1
F23Q30107268,8,1
F23Q20091767,13,0
F22Q40068555,21,0
F23Q20182065,16,0
F23Q20234245,17,0
F23Q20141896,17,0
F22Q20168474,24,0
F22Q20431919,14,0
F22Q40160990,22,0
F22Q30257624,4,1
F23Q20234663,16,0
F22Q10318085,16,0
F22Q10500200,3,1
F22Q40103757,17,0
F22Q40088613,10,1
F23Q30196694,17,0
F22Q10239019,6,1
F23Q30256255,17,0
F22Q30204444,23,0
F22Q30314808,16,0
F22Q10252259,16,0
F23Q10029724,23,0
F22Q30318837,12,1
F23Q20027379,15,0
F23Q30212417,15,0
F23Q10064938,12,1
F23Q20131398,18,0
F22Q30125978,23,0
F23Q30019884,16,0
F22Q30297821,17,0
F22Q30140808,18,0
F22Q10154763,24,0
F22Q10150026,13,0
F22Q20324670,8,1
F22Q20245313,19,0
F23Q30259366,17,0
F23Q20037305,23,0
F22Q20153001,19,0
F23Q30137262,22,0
F22Q20133464,9,1
F23Q30077346,7,1
F22Q10419145,8,1
F22Q10200484,8,1
F22Q10122813,13,0
F22Q30047713,11,1
F23Q30181791,4,1
F22Q20130520,16,0
F23Q30121948,22,0
F22Q30167931,18,0
F22Q20105596,9,1
F23Q20078080,16,0
F22Q40202854,18,0
F22Q20272407,19,0
F22Q20182830,10,1
F22Q30252554,11,1
F23Q30201848,13,0
F23Q20266954,4,1
F22Q40014373,14,0
F22Q20095763,7,1
F22Q30003452,4,1
F22Q20223696,8,1
F22Q40156659,19,0
F22Q20388150,8,1
F22Q20319916,13,0
F22Q30103891,9,1
F23Q20109946,8,1
F22Q20048264,17,0
F23Q20091460,14,0
F22Q40178204,19,0
F22Q10517657,8,1
F22Q10260034,8,1
F22Q30044647,17,0
F22Q10451401,11,1
F22Q10175343,9,1
F22Q30128090,10,1
F22Q30117833,5,1
F22Q10234782,12,1
F22Q20016162,20,0
F23Q30072193,16,0
F22Q20222474,14,0
F22Q30099327,18,0
F22Q40162453,21,0
F22Q20175486,6,1
F23Q10063305,21,0
F23Q30131382,17,0
F22Q10521797,13,0
F23Q10016695,19,0
F22Q10313461,24,0
F23Q30146972,6,1
F22Q30243013,6,1
F22Q40199353,15,0
F22Q30149664,8,1
F23Q20020767,9,1
F23Q20063228,14,0
F22Q40197706,17,0
F23Q20148120,13,0
F22Q20369267,24,0
F22Q20176362,19,0
F22Q40060437,12,1
F23Q30140778,4,1
F23Q10041929,20,0
F23Q30033457,13,0
F22Q40038441,16,0
F22Q10026618,4,1
F22Q10485423,10,1
F22Q30184544,16,0
F23Q30152037,11,1
F22Q30181532,16,0
F23Q10008398,16,0
F23Q20030216,7,1
F22Q10468337,22,0
F22Q10234777,23,0
F22Q20304825,13,0
F23Q20005869,14,0
F23Q20022313,21,0
F22Q10416009,10,1
F22Q20381369,7,1
F22Q10411255,22,0
F22Q20316575,17,0
F23Q30168313,11,1
F23Q10097729,24,0
F23Q10180911,20,0
F22Q20245054,18,0
F23Q20256108,14,0
F22Q40036198,5,1
F23Q30168718,9,1
F22Q40097091,11,1
F22Q20332634,18,0
F22Q30158492,6,1
F22Q10047845,5,1
F23Q30172175,23,0
F22Q20196764,15,0
F22Q20264704,12,1
F22Q10001076,22,0
F23Q10164449,23,0
F23Q30002886,15,0
F23Q30234089,12,1
F22Q10076037,18,0
F22Q30018591,14,0
F22Q40188433,15,0
F22Q10184793,10,1
F22Q30206625,3,1
F23Q20074310,8,1
F22Q40174613,24,0
F22Q10500744,9,1
F22Q10448671,11,1
F22Q20163834,15,0
F22Q20087006,8,1
F22Q20247431,14,0
F22Q40130672,21,0
F23Q30180698,13,0
F23Q10074147,19,0
F23Q10033437,22,0
F22Q10418543,22,0
F22Q30266975,14,0
F23Q30104845,8,1
F22Q30183272,23,0
F23Q20061413,12,1
F23Q30095359,22,0
F23Q20106008,6,1
F22Q20069065,6,1
F22Q20069670,11,1
F22Q30053073,7,1
F23Q10084997,11,1
F22Q10276096,4,1
F22Q20009378,11,1
F23Q20147899,11,1
F23Q20002047,3,1
F23Q20044872,18,0
F22Q40199341,20,0
F22Q30014208,23,0
F22Q10358306,24,0
F23Q30240230,14,0
F23Q30240349,20,0
F22Q30308178,20,0
F23Q30040842,10,1
F22Q20402710,10,1
F23Q20276198,18,0
F23Q20225239,9,1
F22Q20029245,20,0
F22Q10303838,21,0
F23Q20085576,18,0
F23Q30001564,11,1
F22Q20072381,13,0
F22Q40218554,23,0
F23Q20189024,18,0
F22Q20406463,15,0
F22Q40061463,20,0
F22Q10278084,22,0
F22Q10271414,4,1
F22Q20225222,23,0
F23Q10165376,14,0
F23Q30209212,8,1
F22Q30290334,15,0
F22Q30113254,10,1
F22Q40112267,11,1
F22Q20108080,18,0
F22Q30067576,24,0
F23Q30187699,7,1
F22Q20313548,21,0
F22Q20403265,18,0
F23Q20035079,20,0
F22Q10214226,7,1
F22Q30035600,11,1
F22Q40183731,22,0
F22Q30185809,23,0
F22Q30134234,21,0
F22Q40167738,7,1
F22Q40194742,11,1
F22Q20358527,13,0
F22Q30303147,10,1
F23Q20104855,24,0
F22Q40217063,16,0
F23Q30113896,16,0
F23Q10072718,4,1
F22Q20187636,22,0
F22Q40037230,23,0
F23Q10159251,22,0
F22Q10061207,21,0
F23Q20190146,9,1
F22Q20320140,10,1
F22Q20108701,6,1
F22Q20388981,14,0
F22Q10304388,9,1
F22Q10151459,17,0
F23Q30123164,12,1
F22Q30163508,16,0
F23Q10133455,22,0
F22Q30199854,4,1
F23Q20086013,18,0
F22Q30150719,21,0
F23Q20270654,5,1
F22Q10563003,6,1
F22Q10087783,8,1
F23Q30174407,3,1
F22Q40069582,14,0
F22Q30257361,19,0
F22Q20351817,9,1
F22Q20363849,21,0
F23Q30245988,13,0
F23Q20112457,17,0
F23Q10153109,17,0
F22Q20300635,13,0
F22Q20120501,11,1
F22Q30160813,20,0
F22Q20231441,8,1
F22Q40114477,19,0
F22Q20207699,15,0
F22Q20103872,10,1
F22Q20027171,20,0
F22Q10367469,14,0
F23Q10022299,20,0
F22Q10341638,11,1
F22Q10390578,20,0
F23Q10165147,16,0
F22Q30217165,24,0
F22Q10497518,10,1
F22Q20308104,22,0
F22Q10504334,16,0
F23Q20258609,11,1
F22Q30085661,12,1
F22Q30030186,4,1
F23Q20208484,13,0
F23Q30054591,14,0
F22Q20113717,20,0
F22Q10455282,19,0
F23Q10024289,6,1
F23Q10136103,8,1
F23Q20184476,9,1
F22Q30103349,19,0
F22Q20397291,14,0
F23Q30090939,22,0
F23Q10178970,17,0
F23Q20136988,13,0
F23Q10132151,15,0
F22Q10476070,22,0
F22Q40157732,4,1
F23Q10161948,21,0
F22Q40073976,17,0
F22Q20398649,7,1
F22Q30129932,16,0
F23Q20230091,24,0
F23Q10051269,5,1
F23Q10178639,24,0
F22Q30175472,17,0
F22Q40105720,7,1
F23Q20133110,14,0
F23Q20200296,22,0
F23Q30024184,9,1
F23Q30221537,17,0
F22Q40069542,24,0
F22Q10248845,14,0
F22Q20389503,8,1
F23Q10024901,17,0
F22Q20308323,19,0
F22Q40021358,8,1
F23Q10029719,5,1
F22Q30282638,5,1
F23Q20087384,23,0
F22Q30081372,5,1
F23Q30147326,3,1
F22Q40173517,5,1
F22Q20373190,8,1
F22Q40213148,17,0
F23Q20119908,16,0
F22Q20146741,18,0
F23Q10156833,7,1
F23Q20199593,20,0
F22Q30083983,11,1
F22Q20304055,6,1
F22Q10174332,10,1
F22Q30220666,15,0
F23Q30233859,17,0
F22Q20179936,20,0
F22Q10283861,15,0
F23Q20055519,15,0
F23Q20230441,7,1
F22Q10280320,19,0
F22Q30056095,13,0
F22Q30010026,17,0
F22Q30235014,6,1
F23Q10154675,6,1
F22Q20101574,21,0
F22Q10032255,14,0
F22Q30247498,14,0
F22Q10168411,3,1
F23Q10175935,16,0
F23Q20083814,8,1
F22Q30320140,14,0
F23Q30112612,20,0
F22Q30100670,6,1
F22Q10167340,5,1
F22Q40175514,7,1
F22Q40112264,20,0
F22Q20220325,12,1
F22Q30115593,6,1
F22Q20342615,16,0
F22Q20037713,16,0
F22Q20238664,12,1
F22Q20344690,9,1
F23Q20264617,23,0
F23Q20079146,14,0
F23Q20127908,5,1
F22Q10032941,12,1
F22Q30331577,24,0
F23Q30225805,14,0
F22Q20086050,12,1
F23Q20061321,13,0
F22Q30093025,8,1
F22Q10128439,23,0
F22Q40015394,12,1
F22Q40098248,9,1
F23Q20050395,14,0
F22Q30149644,7,1
F23Q10108672,24,0
F22Q40020334,11,1
F23Q10006336,24,0
F22Q20230441,17,0
F22Q40069695,11,1
F22Q30224422,16,0
F22Q10301437,6,1
F22Q20346153,5,1
F22Q30136698,16,0
F23Q30242575,20,0
F22Q20222652,6,1
F23Q30184785,21,0
F22Q10249437,21,0
F22Q20097711,3,1
F23Q20201464,13,0
F22Q10401906,8,1
F22Q40155423,21,0
F22Q20045555,21,0
F22Q30046106,6,1
F22Q30111023,4,1
F23Q10065079,10,1
F23Q10011484,23,0
F22Q30307887,17,0
F22Q10066982,10,1
F23Q30082400,23,0
F23Q30144204,15,0
F22Q30293242,21,0
F22Q10382863,24,0
F22Q10545490,20,0
F23Q20071565,17,0
F22Q10360918,6,1
F22Q10281381,22,0
F23Q10006667,18,0
F23Q20140323,13,0
F22Q40192648,10,1
F22Q20381041,16,0
F22Q40199614,13,0
F22Q10400683,19,0
F22Q40192995,19,0
F22Q20128565,19,0
F22Q30072764,6,1
F23Q20063474,19,0
F23Q20126267,24,0
F22Q10305421,11,1
F22Q30016259,13,0
F22Q20308763,3,1
F22Q40179514,5,1
F23Q10099872,22,0
F22Q10061576,10,1
F22Q10195098,9,1
F23Q30136215,16,0
F22Q20138650,17,0
F22Q30151895,7,1
F22Q10518097,23,0
F23Q30021693,15,0
F22Q10168740,9,1
F23Q10101753,22,0
F22Q10368570,16,0
F23Q20072473,11,1
F22Q40129383,9,1
F22Q20135368,16,0
F22Q10372194,3,1
F22Q30005474,15,0
F22Q20089473,19,0
F22Q20131361,24,0
F22Q10326858,16,0
F23Q10065127,24,0
F22Q20184106,8,1
F22Q20229289,22,0
F23Q30074879,20,0
F22Q20431487,13,0
F22Q20000236,14,0
F22Q20156005,3,1
F23Q20194979,3,1
F22Q10161993,7,1
F22Q20395383,10,1
F22Q40006279,14,0
F22Q40104999,7,1
F22Q30208061,10,1
F23Q20091080,9,1
F22Q10383742,7,1
F22Q10218378,6,1
F22Q30075960,21,0
F22Q10054184,17,0
F22Q10546193,20,0
F22Q20114408,21,0
F22Q20311004,21,0
F22Q20220613,20,0
F22Q20290137,20,0
F23Q10010164,16,0
F22Q40072215,10,1
F23Q20163429,24,0
F22Q10016140,6,1
F22Q10417574,17,0
F23Q20258018,20,0
F22Q10021166,19,0
F22Q30289934,20,0
F22Q40186664,20,0
F23Q30219481,9,1
F22Q30331611,18,0
F22Q30249751,11,1
F22Q10480963,11,1
F22Q20402194,21,0
F22Q10235566,13,0
F22Q30158439,16,0
F22Q40188339,22,0
F22Q20426888,7,1
F23Q20275677,12,1
F23Q30215936,23,0
F23Q30017269,12,1
F23Q20139243,15,0
F23Q20025529,19,0
F22Q20153601,5,1
F22Q30168195,8,1
F22Q40019941,23,0
F23Q20204964,13,0
F22Q20192830,11,1
F22Q30148587,8,1
F23Q20038993,18,0
F23Q20141999,4,1
F23Q10150117,3,1
F23Q30065475,4,1
F22Q30015382,4,1
F22Q20128670,21,0
F22Q10311147,12,1
F22Q40192837,7,1
F22Q20227918,23,0
F22Q20296665,22,0
F22Q10202066,5,1
F22Q20400549,23,0
F23Q30033707,11,1
F23Q30259481,11,1
F23Q10021653,4,1
F22Q10524592,4,1
F22Q30098420,5,1
F22Q20115951,8,1
F23Q20030929,15,0
F22Q20336018,15,0
F23Q10162441,19,0
F22Q30118466,5,1
F22Q40145933,15,0
F22Q20027466,17,0
F22Q30122814,20,0
F22Q40154983,23,0
F22Q10144605,15,0
F23Q20214483,15,0
F23Q10152195,19,0
F22Q30262220,18,0
F22Q10560959,16,0
F22Q40069884,12,1
F22Q40154735,20,0
F22Q10402027,10,1
F22Q20247382,15,0
F22Q20103214,13,0
F23Q20199989,16,0
F22Q30029194,21,0
F23Q20011314,14,0
F22Q10502311,8,1
F22Q10245420,18,0
F23Q20046916,14,0
F22Q20067817,24,0
F22Q10174817,23,0
F22Q10546301,7,1
F22Q10552724,4,1
F22Q10390709,5,1
F22Q10465896,9,1
F23Q10016488,18,0
F22Q20044657,20,0
F22Q30015648,4,1
F23Q10157152,18,0
F22Q20051917,17,0
F22Q20159252,19,0
F22Q10460420,21,0
F22Q20208241,19,0
F22Q10523100,14,0
F22Q10449138,20,0
F23Q10046266,13,0
F23Q20106321,7,1
F22Q30203788,20,0
F22Q10167539,12,1
F22Q30164892,9,1
F22Q20015721,5,1
F23Q30227056,7,1
F22Q30211488,24,0
F22Q40018003,9,1
F22Q20404084,5,1
F23Q20002405,9,1
F22Q40107350,4,1
F23Q10083704,23,0
F22Q20347164,12,1
F22Q20271736,14,0
F23Q10020310,16,0
F23Q30042684,23,0
F22Q10053717,10,1
F23Q20101446,20,0
F22Q40098918,12,1
F22Q10342892,24,0
F22Q30120182,4,1
F22Q30246525,24,0
F22Q20398519,22,0
F22Q40043046,5,1
F23Q10120031,20,0
F23Q30106190,13,0
F23Q30208829,20,0
F22Q10187153,13,0
F22Q30023815,24,0
F23Q10109928,18,0
F22Q40087085,24,0
F22Q30251934,20,0
F23Q20163443,17,0
F23Q10170886,23,0
F22Q40074483,11,1
F22Q20028113,15,0
F22Q30131674,11,1
F22Q10272818,11,1
F22Q40112239,23,0
F22Q40147466,11,1
F22Q10200919,13,0
F23Q20029885,9,1
F23Q30140834,21,0
F22Q20164326,11,1
F22Q40216478,12,1
F22Q30063483,11,1
F22Q30256813,12,1
F22Q40104070,6,1
F22Q10536560,15,0
F22Q30249855,23,0
F22Q30050024,8,1
F22Q40334529,21,0
F22Q30027054,17,0
F22Q30141515,12,1
F22Q40166610,23,0
F23Q30037786,17,0
F22Q10039349,21,0
F22Q10062942,20,0
F22Q10067347,10,1
F22Q20240853,10,1
F22Q40043295,10,1
F22Q20238495,3,1
F22Q10267643,6,1
F22Q40014992,19,0
F23Q30228913,14,0
F22Q10136343,14,0
F23Q20071374,21,0
F22Q30211589,16,0
F22Q30081405,12,1
F22Q30169589,15,0
F22Q30244943,5,1
F22Q30155619,3,1
F23Q30255551,17,0
F22Q40170392,20,0
F22Q20399194,4,1
F22Q20007717,5,1
F23Q10015958,18,0
F22Q30298288,21,0
F23Q20209547,24,0
F22Q30066824,8,1
F22Q20193782,7,1
F22Q10158767,12,1
F22Q30198659,16,0
F22Q20340839,8,1
F22Q30267860,4,1
F22Q40191358,11,1
F22Q10400878,17,0
F23Q10051256,23,0
F22Q20363078,15,0
F23Q30258647,16,0
F22Q40188118,13,0
F22Q10342726,6,1
F23Q30070773,17,0
F23Q30054513,13,0
F22Q20165242,13,0
F23Q10119102,12,1
F22Q10080233,4,1
F23Q20050979,6,1
F22Q10084423,11,1
F22Q30024580,24,0
F23Q30236069,15,0
F22Q30236380,14,0
F22Q40202607,19,0
F23Q10162192,5,1
F22Q10365668,24,0
F23Q30118476,4,1
F23Q20250554,13,0
F23Q30029210,4,1
F22Q10180471,13,0
F22Q10098006,9,1
F23Q20030638,22,0
F23Q30255139,9,1
F22Q30242943,9,1
F22Q30233085,16,0
F22Q10044949,24,0
F22Q10478216,12,1
F23Q10063843,20,0
F22Q20239013,4,1
F23Q10015465,13,0
F22Q20051050,23,0
F22Q10384732,22,0
F22Q30230424,24,0
F23Q20039910,14,0
F22Q30095232,19,0
F23Q30190651,13,0
F22Q20374187,23,0
F22Q30072223,20,0
F23Q20221991,7,1
F23Q10046489,7,1
F22Q10433874,10,1
F23Q20148140,8,1
F22Q20338601,10,1
F22Q10235516,14,0
F22Q10218203,6,1
F22Q40033791,6,1
F23Q30030550,11,1
F22Q10576315,4,1
F22Q10336358,17,0
F22Q20105233,11,1
F23Q30090396,13,0
F23Q20225430,15,0
F23Q30182111,12,1
F22Q40043647,12,1
F22Q10414231,6,1
F22Q10048152,15,0
F22Q20033628,17,0
F22Q30084479,3,1
F23Q20091863,10,1
F22Q30036376,21,0
F22Q20008683,11,1
F22Q30305284,17,0
F23Q30231211,19,0
F23Q20016134,14,0
F23Q20137552,23,0
F22Q40029356,14,0
F22Q40156001,14,0
F22Q30324363,21,0
F22Q30306267,11,1
F23Q30052972,22,0
F23Q10157295,6,1
F22Q20160389,8,1
F22Q30107787,13,0
F22Q10149798,13,0
F22Q10219893,23,0
F23Q10156515,22,0
F22Q10369805,7,1
F23Q30145012,17,0
F22Q10495820,22,0
F22Q40190794,12,1
F23Q10037528,6,1
F22Q40218766,24,0
F22Q10107484,13,0
F22Q20127463,14,0
F23Q20040533,16,0
F22Q30141575,9,1
F22Q20209863,23,0
F22Q20139584,4,1
F22Q10378368,11,1
F22Q20264689,17,0
F22Q10527402,18,0
F22Q40032389,23,0
F23Q10003080,20,0
F22Q20296710,8,1
F22Q30035599,23,0
F23Q30161784,18,0
F22Q30047366,5,1
F22Q40008437,12,1
F22Q10516350,22,0
F23Q20244026,11,1
F22Q20203297,6,1
F22Q40077108,18,0
F22Q30304409,24,0
F22Q20361151,16,0
F22Q30227999,13,0
F22Q30266598,3,1
F23Q20175907,23,0
F22Q20317502,13,0
F22Q30266969,22,0
F22Q30334853,8,1
F23Q20182974,23,0
F22Q20048775,7,1
F22Q30315736,9,1
F22Q20308686,15,0
F23Q20245199,16,0
F22Q10329300,3,1
F22Q30022093,10,1
F22Q20415598,21,0
F23Q20210959,12,1
F22Q30179622,24,0
F22Q10086414,14,0
F22Q20160676,21,0
F23Q20193967,15,0
F22Q30258194,17,0
F23Q20014215,4,1
F23Q20096851,18,0
F22Q30170328,5,1
F23Q20041066,22,0
F23Q20069015,3,1
F22Q10106981,8,1
F22Q40029107,18,0
F22Q10411640,15,0
F23Q10156075,15,0
F23Q30143448,3,1
F23Q20095992,12,1
F22Q20249629,13,0
F23Q10030886,11,1
F22Q10496125,21,0
F22Q40060271,18,0
F22Q30177160,18,0
F22Q10521157,22,0
F22Q20279247,23,0
F22Q20159924,23,0
F23Q20072357,6,1
F22Q30211645,8,1
F22Q20290170,5,1
F22Q20204078,13,0
F22Q10401323,20,0
F23Q20149652,7,1
F22Q30077789,18,0
F22Q30030601,6,1
F22Q10425801,3,1
F22Q20389637,12,1
F22Q30182933,24,0
F22Q40031737,12,1
F23Q10177771,10,1
F23Q20217342,18,0
F22Q10022162,4,1
F22Q20050403,12,1
F22Q40141372,13,0
F22Q20382349,6,1
F22Q20406417,11,1
F22Q30122731,11,1
F23Q20193514,22,0
F22Q20046141,17,0
F22Q10519851,17,0
F22Q30282855,6,1
F23Q20027487,16,0
F22Q20116901,21,0
F22Q20203855,21,0
F22Q20319241,16,0
F22Q10242792,15,0
F22Q40027731,22,0
F23Q10012091,22,0
F22Q20089249,17,0
F22Q10044767,4,1
F22Q10038906,18,0
F23Q10074382,7,1
F22Q20114552,19,0
F22Q30132003,3,1
F23Q10090321,13,0
F22Q20203595,9,1
F22Q20385174,9,1
F23Q20257830,22,0
F22Q40088883,10,1
F22Q20408644,16,0
F23Q30060845,13,0
F23Q20039410,7,1
F22Q10010501,15,0
F23Q30106019,6,1
F23Q10137833,11,1
F23Q30174916,22,0
F22Q10052145,10,1
F22Q10537358,18,0
F23Q10123756,18,0
F22Q20204442,5,1
F23Q20252779,24,0
F23Q20205496,17,0
F23Q10008502,20,0
F23Q10014868,21,0
F23Q20210310,17,0
F23Q20020256,7,1
F22Q20240676,13,0
F22Q10487662,22,0
F22Q20296987,20,0
F22Q30169072,3,1
F22Q20311861,20,0
F22Q30242220,12,1
F23Q20038343,21,0
F22Q20110434,3,1
F22Q40012853,22,0
F22Q10273891,18,0
F22Q20175051,19,0
F23Q20162651,5,1
F22Q20202355,5,1
F22Q10490317,4,1
F22Q10459895,3,1
F22Q10516505,21,0
F22Q40007639,15,0
F22Q30164243,13,0
F22Q10029116,24,0
F22Q20162954,12,1
F22Q20035720,10,1
F22Q10068812,10,1
F22Q40068184,21,0
F23Q10177103,8,1
F22Q10286571,7,1
F23Q20256563,17,0
F22Q30180016,18,0
F22Q30216566,3,1
F22Q10173170,10,1
F22Q30021938,6,1
F23Q30139265,6,1
F23Q20199146,16,0
F22Q20151054,21,0
F22Q20354730,14,0
F22Q30252453,3,1
F22Q30263085,18,0
F22Q10252005,21,0
F22Q20424485,9,1
F22Q20314648,14,0
F22Q10223466,11,1
F22Q20264729,5,1
F22Q40153820,17,0
F22Q30054278,6,1
F22Q10259051,11,1
F22Q10556154,6,1
F22Q20415157,19,0
F22Q10524373,19,0
F22Q20403022,6,1
F22Q30166667,14,0
F22Q30289388,19,0
F23Q30229230,8,1
F22Q10012845,6,1
F23Q20122432,13,0
F22Q30268086,23,0
F22Q30193483,17,0
F22Q20180592,6,1
F23Q20044463,16,0
F22Q40031887,17,0
F22Q30269848,12,1
F23Q30126387,16,0
F22Q20183481,3,1
F22Q40056481,14,0
F23Q30190688,14,0
F22Q20262091,5,1
F23Q30198845,13,0
F22Q20427348,5,1
F22Q30208362,11,1
F22Q30188106,5,1
F22Q10433252,12,1
F23Q20032845,12,1
F23Q20248584,24,0
F22Q30303889,9,1
F23Q20208295,15,0
F23Q10183081,23,0
F23Q30164731,20,0
F22Q30239326,11,1
F23Q30054466,8,1
F23Q10132449,15,0
F22Q20179328,20,0
F22Q30040826,13,0
F22Q10177655,10,1
F22Q30227287,18,0
F22Q30237361,23,0
F23Q20132486,13,0
F23Q10090293,12,1
F22Q10387000,9,1
F23Q10098181,20,0
F22Q40128321,20,0
F22Q10530801,16,0
F23Q10164886,7,1
F22Q40014771,13,0
F22Q10161580,9,1
F22Q30316851,14,0
F22Q40074821,24,0
F22Q30080003,12,1
F22Q20273587,5,1
F23Q30134911,3,1
F22Q30158849,24,0
F23Q30217960,12,1
F22Q40185394,5,1
F23Q30185125,12,1
F23Q30011613,7,1
F22Q40183084,13,0
F22Q10188424,24,0
F22Q30320051,6,1
F22Q20160680,6,1
F22Q10157953,17,0
F22Q20260885,6,1
F22Q30200731,14,0
F22Q10398693,10,1
F22Q30008105,18,0
F22Q30224606,15,0
F22Q20125863,20,0
F22Q40069706,3,1
F22Q10459660,16,0
F22Q20380671,15,0
F23Q10050684,16,0
F22Q40115805,23,0
F22Q10333098,15,0
F23Q20026112,11,1
F23Q10080488,22,0
F22Q10272020,12,1
F22Q10359519,22,0
F22Q10156261,18,0
F22Q20371673,16,0
F23Q10031352,15,0
F23Q30114608,16,0
F22Q20192629,10,1
F22Q20294748,13,0
F22Q20318519,23,0
F23Q10177261,17,0
F22Q40065051,23,0
F22Q30134401,13,0
F22Q10217283,7,1
F22Q30257468,21,0
F22Q20399503,13,0
F22Q30138866,19,0
F22Q30283733,4,1
F22Q40059189,9,1
F22Q20334963,18,0
F23Q20066490,22,0
F22Q40173312,24,0
F23Q20189334,6,1
F22Q30118835,4,1
F22Q40023666,3,1
F22Q20356137,21,0
F23Q20114601,21,0
F22Q10226733,7,1
F23Q20180718,17,0
F22Q10129007,21,0
F22Q30173682,7,1
F22Q20266162,3,1
F22Q10139512,14,0
F22Q40104476,10,1
F22Q20169890,17,0
F23Q20228450,6,1
F23Q10015137,5,1
F22Q20269057,12,1
F22Q20163568,7,1
F22Q30211615,20,0
F23Q20205139,14,0
F22Q10095055,18,0
F22Q30105170,16,0
F22Q20318733,5,1
F22Q20058795,9,1
F22Q20089890,7,1
F23Q30040199,4,1
F22Q30014891,24,0
F22Q40023863,17,0
F22Q20119273,8,1
F22Q20411747,3,1
F22Q40181326,15,0
F23Q30097467,15,0
F22Q10223092,11,1
F23Q30248427,23,0
F23Q30232162,22,0
F22Q30086905,15,0
F23Q30260611,21,0
F22Q20004455,16,0
F22Q20290113,11,1
F22Q30033437,22,0
F22Q30271647,12,1
F22Q40015851,20,0
F22Q40215746,7,1
F22Q20015159,19,0
F22Q20407125,10,1
F23Q20035642,12,1
F22Q20288814,17,0
F22Q30162710,19,0
F22Q40214343,19,0
F22Q10291283,6,1
F22Q40136058,16,0
F22Q40005292,15,0
F22Q20026401,9,1
F22Q20278659,7,1
F22Q20354413,14,0
F23Q10167364,8,1
F23Q20056733,22,0
F23Q20151862,15,0
F22Q10371053,8,1
F23Q30023051,14,0
F23Q30035066,14,0
F22Q30229656,11,1
F22Q20419887,12,1
F23Q30135436,23,0
F22Q30026388,9,1
F23Q10174341,11,1
F23Q20157807,20,0
F22Q40216880,15,0
F23Q30114428,8,1
F22Q10447591,19,0
F22Q20274108,17,0
F22Q40183931,10,1
F23Q10037958,7,1
F23Q30152551,14,0
F22Q10221365,19,0
F23Q30226141,12,1
F22Q20202514,3,1
F22Q20033961,15,0
F23Q30145429,22,0
F22Q30088722,8,1
F22Q30212420,11,1
F22Q30110884,15,0
F22Q30047972,5,1
F22Q30112552,4,1
F22Q10240564,10,1
F22Q40002887,14,0
F22Q40006855,3,1
F22Q10477778,5,1
F22Q10484465,6,1
F23Q20236723,23,0
F22Q30248854,5,1
F22Q10377058,20,0
F23Q10046248,21,0
F22Q10386971,3,1
F22Q20309825,16,0
F22Q30170686,6,1
F23Q20215915,21,0
F22Q10581509,5,1
F23Q30144506,17,0
F22Q40183677,5,1
F23Q20195926,20,0
F22Q20235659,22,0
F23Q20015626,13,0
F22Q10526379,15,0
F22Q30165459,19,0
F23Q30185405,22,0
F22Q30251857,13,0
F22Q30012146,11,1
F22Q10571065,7,1
F22Q10071008,21,0
F22Q20344759,21,0
F22Q10261398,12,1
F22Q30239622,6,1
F23Q10052809,16,0
F22Q20427901,4,1
F22Q40009329,14,0
F22Q30310733,7,1
F22Q30115960,24,0
F23Q30025405,18,0
F23Q30031750,17,0
F22Q30233770,12,1
F22Q20029733,20,0
F22Q20132811,18,0
F23Q20136156,23,0
F23Q20010837,21,0
F23Q30209458,15,0
F22Q30011410,14,0
F23Q20036289,16,0
F22Q30134616,3,1
F22Q30100904,7,1
F22Q40152810,3,1
F22Q30034183,14,0
F23Q20099738,19,0
F22Q20047628,22,0
F22Q10346381,7,1
F22Q40043615,15,0
F22Q30133956,16,0
F22Q30122682,7,1
F23Q20014430,10,1
F23Q20010941,17,0
F22Q20395012,12,1
F22Q30018858,21,0
F22Q20231436,19,0
F22Q10042300,20,0
F23Q30166280,6,1
F22Q30198252,10,1
F22Q30268843,19,0
F22Q10412569,19,0
F23Q20158106,24,0
F22Q20037063,14,0
F22Q20389525,16,0
F23Q20188396,15,0
F22Q30198080,8,1
F23Q10186017,14,0
F22Q20345994,4,1
F22Q10236625,22,0
F22Q40334650,17,0
F22Q10453384,6,1
F22Q10037002,14,0
F22Q40086616,9,1
F22Q40049986,11,1
F22Q10545526,19,0
F23Q10142721,8,1
F23Q30175482,15,0
F22Q30015025,23,0
F23Q10094989,10,1
F23Q30020973,6,1
F22Q20338065,21,0
F23Q20055257,10,1
F23Q20003294,17,0
F22Q40055731,22,0
F22Q30313490,16,0
F23Q20098670,23,0
F22Q30106745,16,0
F22Q30056745,19,0
F22Q10518889,15,0
F22Q20301802,15,0
F22Q20436418,20,0
F22Q10210996,12,1
F23Q20035103,7,1
F23Q10028454,16,0
F23Q20027351,12,1
F22Q10321167,6,1
F22Q30297818,9,1
F22Q10442933,3,1
F22Q40144105,18,0
F23Q30231014,12,1
F22Q10058976,7,1
F22Q30169055,22,0
F22Q10170423,5,1
F23Q30038900,15,0
F22Q40089094,24,0
F22Q20306716,4,1
F22Q30133217,11,1
F23Q10072406,5,1
F22Q10521453,10,1
F23Q30089464,17,0
F22Q10561719,19,0
F22Q10207982,8,1
F22Q10143116,20,0
F23Q30132599,14,0
F22Q10031896,5,1
F23Q30069841,5,1
F23Q10086090,7,1
F23Q20182494,19,0
F23Q30232877,19,0
F22Q10123034,17,0
F23Q30065641,22,0
F22Q10523782,12,1
F23Q20105742,16,0
F22Q10147978,10,1
F22Q20391487,16,0
F22Q30319200,13,0
F23Q20229976,18,0
F23Q20135136,18,0
F23Q10029545,9,1
F22Q20039109,19,0
F22Q40017485,14,0
F22Q30215782,7,1
F22Q10346781,9,1
F22Q40061057,9,1
F22Q10122449,10,1
F23Q30135367,18,0
F22Q30229572,20,0
F23Q20242852,13,0
F22Q30116139,8,1
F22Q20014969,12,1
F22Q30260082,3,1
F23Q20192470,16,0
F23Q10010270,18,0
F23Q30141359,18,0
F22Q30177319,10,1
F22Q10311224,7,1
F22Q30337226,21,0
F23Q20079877,14,0
F22Q10493272,19,0
F23Q10160458,5,1
F23Q10096199,10,1
F22Q20124423,19,0
F22Q30327608,20,0
F22Q20237270,16,0
F22Q30085808,8,1
F22Q20127819,20,0
F22Q10083935,11,1
F22Q40110584,9,1
F22Q40182659,10,1
F23Q10126276,4,1
F22Q20424590,18,0
F23Q20268951,15,0
F22Q10178975,14,0
F22Q10503170,24,0
F22Q20282668,16,0
F23Q10178110,6,1
F22Q10382843,4,1
F22Q40140196,24,0
F22Q30336912,23,0
F23Q30261580,10,1
F23Q30257423,15,0
F23Q30014284,18,0
F22Q10102414,22,0
F22Q10186470,19,0
F22Q10344729,6,1
F23Q30205404,14,0
F22Q10488267,8,1
F22Q10306976,3,1
F22Q10367114,19,0
F22Q20385129,8,1
F22Q10173415,18,0
F22Q30030840,21,0
F22Q20159429,8,1
F22Q30217949,6,1
F22Q10002341,12,1
F22Q10008547,4,1
F22Q10448720,7,1
F23Q30243007,15,0
F22Q30128000,6,1
F22Q10406691,10,1
F22Q10286351,7,1
F22Q30150835,12,1
F23Q10134705,5,1
F22Q20192256,9,1
F23Q20267087,18,0
F23Q10051193,13,0
F22Q30118118,17,0
F22Q40174373,24,0
F23Q20230950,15,0
F23Q10149173,15,0
F22Q30028137,11,1
F22Q40209073,24,0
F22Q30009840,5,1
F23Q10117147,11,1
F22Q30145968,24,0
F22Q10352379,17,0
F22Q20016449,10,1
F22Q20035425,21,0
F23Q10049157,20,0
F22Q20217046,16,0
F23Q20185840,23,0
F22Q20054510,18,0
F23Q30152561,15,0
F22Q30213798,13,0
F22Q30262236,4,1
F22Q30210234,17,0
F22Q40060951,10,1
F23Q30100578,14,0
F22Q10003008,22,0
F22Q20161075,9,1
F22Q20298942,17,0
F22Q20238038,7,1
F23Q30014415,4,1
F22Q10510373,21,0
F23Q10027361,13,0
F22Q20241702,20,0
F22Q40156460,23,0
F22Q40050613,12,1
F23Q30034292,15,0
F22Q20215532,14,0
F22Q10342165,19,0
F22Q20079910,16,0
F22Q20125350,22,0
F22Q30245832,8,1
F22Q10279950,19,0
F23Q30172008,13,0
F23Q10025709,16,0
F22Q20268539,17,0
F23Q30116130,9,1
F23Q10156938,7,1
F23Q10118423,5,1
F22Q10141986,24,0
F22Q10106559,20,0
F23Q20198451,5,1
F22Q20141774,24,0
F23Q20036680,21,0
F23Q10074114,21,0
F23Q20023651,18,0
F22Q20335168,13,0
F23Q10045214,7,1
F22Q40054285,13,0
F22Q20064370,18,0
F22Q40073970,17,0
F22Q10007973,8,1
F23Q20053963,9,1
F22Q40101947,17,0
F23Q10150959,7,1
F22Q10132025,22,0
F23Q20275405,11,1
F22Q40132275,9,1
F22Q10215130,13,0
F22Q30224267,23,0
F22Q40093404,20,0
F23Q20104325,24,0
F22Q20365681,4,1
F22Q40058267,10,1
F23Q20028259,12,1
F22Q40209223,14,0
F22Q30221616,23,0
F22Q30308849,15,0
F22Q40087727,22,0
F22Q40162389,11,1
F22Q30309683,8,1
F22Q20152635,15,0
F23Q30006629,14,0
F22Q30164513,5,1
F23Q10145192,10,1
F23Q30151934,11,1
F22Q20181011,8,1
F22Q20392123,24,0
F22Q30076529,7,1
F22Q30127948,17,0
F22Q20362038,4,1
F23Q20102336,13,0
F22Q40131787,24,0
F23Q30025505,16,0
F23Q10021429,4,1
F23Q30060708,23,0
F22Q10253267,23,0
F23Q20232094,20,0
F23Q30035783,21,0
F23Q20237965,20,0
F22Q10501028,22,0
F23Q20106934,22,0
F22Q30106343,10,1
F22Q20392634,4,1
F23Q20151549,14,0
F23Q20188317,18,0
F23Q30038966,14,0
F23Q20169261,12,1
F22Q40042307,19,0
F23Q30204151,6,1
F22Q40039826,19,0
F22Q20381937,17,0
F22Q10433043,12,1
F22Q10198933,3,1
F22Q10262874,24,0
F22Q30198374,20,0
F22Q30021119,11,1
F22Q10434778,17,0
F22Q30327497,8,1
F23Q20271589,14,0
F22Q40161745,16,0
F22Q30034802,11,1
F22Q10572253,4,1
F22Q40032082,14,0
F22Q20048009,19,0
F23Q10146937,7,1
F23Q30044565,11,1
F23Q30018076,17,0
F22Q30056885,17,0
F23Q10030241,21,0
F22Q40171745,4,1
F23Q30137462,18,0
F22Q30282739,19,0
F23Q30079113,18,0
F22Q30185052,14,0
F22Q40150650,7,1
F22Q40020074,19,0
F22Q30064922,17,0
F22Q10062494,11,1
F23Q30250471,15,0
F22Q30300259,12,1
F23Q20093992,19,0
F22Q10065360,24,0
F22Q10462273,10,1
F23Q20036992,19,0
F23Q10119064,18,0
F22Q40095701,14,0
F22Q20364835,5,1
F22Q30146114,11,1
F23Q20060716,20,0
F23Q20145190,10,1
F22Q10502284,18,0
F22Q40114093,23,0
F22Q10444390,18,0
F22Q20323084,15,0
F23Q30050110,11,1
F22Q40120296,10,1
F22Q20224023,24,0
F22Q40183453,14,0
F23Q20265066,19,0
F22Q10549873,13,0
F23Q10153554,3,1
F22Q40174198,3,1
F23Q20077325,16,0
F23Q30105997,16,0
F22Q30251850,10,1
F23Q30193423,17,0
F22Q20191273,17,0
F22Q40197314,7,1
F22Q40130288,17,0
F22Q20037365,20,0
F22Q20078793,9,1
F22Q10196165,13,0
F23Q20109969,5,1
F22Q20266261,14,0
F22Q10462015,21,0
F22Q20238743,3,1
F22Q10114163,15,0
F22Q20345046,21,0
F22Q30031881,24,0
F22Q20191860,3,1
F22Q10573982,12,1
F22Q10299446,8,1
F22Q10403515,16,0
F23Q10096068,12,1
F22Q30102965,10,1
F22Q30257928,5,1
F22Q20181118,19,0
F22Q20093941,20,0
F22Q40219350,13,0
F22Q20167737,12,1
F22Q10329483,21,0
F22Q30239707,3,1
F22Q10396901,23,0
F22Q40219267,24,0
F23Q20108618,8,1
F22Q10170885,18,0
F22Q40161061,16,0
F23Q30114233,4,1
F23Q30184485,24,0
F22Q10378532,11,1
F22Q20404300,5,1
F22Q30170823,5,1
F23Q30213508,9,1
F22Q10005567,10,1
F22Q20038197,5,1
F22Q10298507,19,0
F23Q10022842,14,0
F22Q10490680,11,1
F22Q10417164,22,0
F22Q30065450,3,1
F22Q20145097,12,1
F22Q40122703,21,0
F23Q20158716,24,0
F23Q20025364,12,1
F22Q30029620,18,0
F22Q40185834,19,0
F22Q20217797,21,0
F23Q10107000,24,0
F22Q30012781,5,1
F22Q40091663,19,0
F23Q20055568,21,0
F22Q20051013,13,0
F22Q20353623,4,1
F22Q10295716,7,1
F23Q20183362,14,0
F23Q10159107,13,0
F23Q20107383,6,1
F22Q30161228,18,0
F22Q20247537,22,0
F22Q20284145,12,1
F22Q30220813,15,0
F22Q10473717,4,1
F22Q30064294,21,0
F22Q20410597,9,1
F23Q30047860,23,0
F22Q20059717,17,0
F23Q20002910,9,1
F23Q20229770,18,0
F22Q30016946,20,0
F23Q10102989,21,0
F23Q20261943,15,0
F23Q10029894,4,1
F22Q40006251,19,0
F22Q20406813,16,0
F22Q20355071,6,1
F22Q20367786,14,0
F22Q10200814,13,0
F22Q40092255,11,1
F23Q20202300,19,0
F23Q10165661,24,0
F23Q20112829,16,0
F22Q10203613,8,1
F22Q30260347,9,1
F22Q10157851,21,0
F22Q30224148,22,0
F23Q30229686,15,0
F22Q30004283,14,0
F22Q40171767,21,0
F22Q30105162,12,1
F23Q10137520,20,0
F22Q40210544,20,0
F23Q20180845,21,0
F23Q30028493,19,0
F22Q20369600,8,1
F23Q10047794,3,1
F22Q10495042,21,0
F22Q40016245,8,1
F22Q30038077,24,0
F22Q40207275,22,0
F22Q10184845,18,0
F22Q20313246,5,1
F22Q40070114,16,0
F22Q20274861,5,1
F22Q10438033,14,0
F23Q20230733,11,1
F22Q20368323,23,0
F22Q20181408,6,1
F23Q30195603,18,0
F22Q20170869,16,0
F22Q10123754,7,1
F23Q20131096,22,0
F23Q20079420,21,0
F22Q10006509,16,0
F23Q30145128,8,1
F22Q40202679,18,0
F23Q30262268,15,0
F23Q30018486,17,0
F22Q20172604,24,0
F22Q30019027,16,0
F22Q30183915,15,0
F22Q40101150,13,0
F22Q30245632,5,1
F23Q30183856,3,1
F22Q30159398,13,0
F22Q40139227,18,0
F22Q10524761,21,0
F22Q10188181,7,1
F23Q30152142,23,0
F22Q30292131,12,1
F22Q40085918,20,0
F23Q30008886,13,0
F23Q30255680,17,0
F22Q40101580,18,0
F22Q10117160,3,1
F22Q20013489,24,0
F22Q10155390,12,1
F22Q20143565,5,1
F23Q30260048,15,0
F23Q20055490,19,0
F23Q30191141,14,0
F22Q10028074,20,0
F22Q40113781,12,1
F22Q30162577,16,0
F22Q10529139,7,1
F23Q20106363,18,0
F22Q30192032,12,1
F22Q20154416,8,1
F23Q10008944,14,0
F23Q20235565,15,0
F23Q10089291,14,0
F22Q30170017,21,0
F22Q30291254,24,0
F22Q30173576,18,0
F22Q40210568,17,0
F23Q20003007,20,0
F22Q10463324,17,0
F23Q30029802,11,1
F22Q10094152,24,0
F22Q30219312,23,0
F22Q10246640,4,1
F22Q40217414,22,0
F23Q30077006,14,0
F22Q20329051,16,0
F22Q30017002,7,1
F22Q40044649,6,1
F22Q30055139,7,1
F22Q20043210,20,0
F22Q30177543,3,1
F22Q10296023,11,1
F22Q40134660,10,1
F22Q40145282,12,1
F22Q10372265,14,0
F23Q20105224,5,1
F22Q20041865,12,1
F23Q30117073,15,0
F22Q20144783,4,1
F22Q10570175,21,0
F23Q30233959,10,1
F22Q30022506,4,1
F23Q20077755,3,1
F22Q10469513,4,1
F22Q30223017,10,1
F23Q30109780,15,0
F22Q30014429,21,0
F22Q40146721,12,1
F22Q10354723,11,1
F22Q40196849,16,0
F23Q20104639,19,0
F22Q10403289,16,0
F22Q40115399,8,1
F22Q20420160,17,0
F22Q40107997,21,0
F22Q10378307,14,0
F23Q10020368,17,0
F22Q10249101,11,1
F23Q20038489,19,0
F22Q40077549,12,1
F23Q30153037,9,1
F22Q40062948,4,1
F22Q20230129,3,1
F22Q30090948,4,1
F22Q10105395,16,0
F22Q30120224,6,1
F23Q10026867,20,0
F22Q30196931,5,1
F22Q10120941,10,1
F22Q20082904,16,0
F22Q10431742,17,0
F22Q40214432,10,1
F22Q30309191,3,1
F23Q20242135,19,0
F22Q30335198,24,0
F23Q10176057,17,0
F22Q40074372,4,1
F23Q10006881,15,0
F22Q20151235,8,1
F22Q10068183,24,0
F22Q10560323,8,1
F23Q20184507,20,0
F22Q10360514,19,0
F22Q30105017,24,0
F22Q20162764,18,0
F22Q10471199,13,0
F22Q40055022,8,1
F23Q20241242,17,0
F22Q30037445,6,1
F23Q30242630,22,0
F22Q10326620,16,0
F23Q30094922,6,1
F22Q10167581,6,1
F22Q10537570,21,0
F22Q40154801,19,0
F23Q20205996,19,0
F22Q20244046,11,1
F22Q20232043,13,0
F22Q30152664,19,0
F23Q20275454,8,1
F22Q20314035,8,1
F22Q30213822,11,1
F23Q30176483,17,0
F22Q30035362,16,0
F22Q10128703,8,1
F23Q30077253,24,0
F22Q20074169,4,1
F22Q10514893,21,0
F22Q10413241,22,0
F22Q30081088,24,0
F22Q10189694,24,0
F22Q30267164,23,0
F22Q40193811,14,0
F22Q30225758,12,1
F22Q20201123,11,1
F22Q40103470,13,0
F22Q40098053,15,0
F22Q10457935,8,1
F22Q20320432,18,0
F23Q20050437,17,0
F23Q10010849,23,0
F22Q20129045,19,0
F22Q40038843,3,1
F22Q40212774,11,1
F22Q30035401,7,1
F23Q20178118,16,0
F23Q10009958,16,0
F22Q10335786,17,0
F22Q10438946,24,0
F23Q10146702,5,1
F22Q30290959,23,0
F22Q10202150,3,1
F23Q20269996,24,0
F22Q30006397,13,0
F22Q30327594,21,0
F22Q30316709,8,1
F22Q40196725,11,1
F22Q10332021,14,0
F23Q20120441,5,1
F22Q40076978,23,0
F23Q10100867,7,1
F23Q10167631,21,0
F22Q10558691,21,0
F22Q30259399,24,0
F23Q30039311,16,0
F22Q20385169,8,1
F22Q30263879,15,0
F23Q30005458,21,0
F22Q20000934,15,0
F23Q20108010,14,0
F22Q40111218,19,0
F23Q30039024,7,1
F22Q20047104,8,1
F22Q30322201,16,0
F23Q30033543,13,0
F22Q20429931,20,0
F23Q30052450,12,1
F23Q30021068,6,1
F22Q40073591,5,1
F23Q10008527,8,1
F22Q20274782,6,1
F22Q30234455,15,0
F22Q20063763,10,1
F22Q20324578,24,0
F22Q30020348,17,0
F22Q30104562,4,1
F22Q10181443,24,0
F22Q40049522,23,0
F22Q30141330,24,0
F22Q40195040,4,1
F22Q40204820,7,1
F22Q40000820,12,1
F23Q10167348,6,1
F22Q40154168,3,1
F23Q30093248,18,0
F22Q30270692,9,1
F22Q10026118,16,0
F23Q20179409,18,0
F22Q20076419,22,0
F22Q20300087,3,1
F22Q30297093,20,0
F22Q30230288,22,0
F22Q40105070,17,0
F22Q20040036,24,0
F22Q20135607,8,1
F22Q10148549,5,1
F23Q30152322,11,1
F22Q40098279,23,0
F23Q20101362,18,0
F23Q20051659,10,1
F23Q30025460,6,1
F22Q30069687,4,1
F22Q30126006,23,0
F23Q20101354,21,0
F22Q20114348,9,1
F22Q10556843,5,1
F22Q30216075,12,1
F22Q30035121,18,0
F23Q10130906,20,0
F22Q10116620,14,0
F23Q30024698,13,0
F22Q10239995,11,1
F22Q20296550,23,0
F23Q20058128,14,0
F22Q10423708,20,0
F22Q20238794,8,1
F22Q40163810,13,0
F22Q20411101,23,0
F22Q10138034,22,0
F22Q30285967,19,0
F22Q30041114,16,0
F23Q20235624,20,0
F23Q30220824,14,0
F23Q10010609,9,1
F23Q10168051,21,0
F23Q20090150,22,0
F22Q30267944,23,0
F22Q30037914,23,0
F22Q20078689,21,0
F22Q20252975,7,1
F22Q30311594,5,1
F23Q20200076,14,0
F23Q10034880,21,0
F22Q40187111,9,1
F22Q20262652,24,0
F22Q40050936,23,0
F23Q20230204,16,0
F23Q20248183,21,0
F23Q30105165,13,0
F22Q20196265,5,1
F23Q20021823,12,1
F22Q40054117,8,1
F22Q20091374,9,1
F23Q30085736,20,0
F22Q10418348,12,1
F22Q10068269,24,0
F22Q10084497,16,0
F22Q10462481,3,1
F22Q20070248,6,1
F22Q20009567,23,0
F23Q30082618,13,0
F22Q10465531,8,1
F22Q30059869,4,1
F23Q20105653,13,0
F23Q10128661,12,1
F22Q30204380,10,1
F23Q20175114,17,0
F22Q20290030,6,1
F23Q20097227,24,0
F23Q30092805,16,0
F23Q30181293,17,0
F22Q30004168,11,1
F22Q30229739,17,0
F22Q30177885,6,1
F23Q10027530,23,0
F22Q20270104,19,0
F22Q40162289,5,1
F23Q20152020,14,0
F22Q20024470,20,0
F22Q30139174,7,1
F22Q30181357,8,1
F22Q30186083,22,0
F22Q20056376,18,0
F23Q30214400,19,0
F22Q20415309,10,1
F23Q10081130,14,0
F22Q10065174,9,1
F22Q20143754,20,0
F22Q20331086,19,0
F22Q30109117,23,0
F23Q10098836,16,0
F22Q10049766,16,0
F22Q40047988,20,0
F22Q30050272,23,0
F22Q40030997,13,0
F23Q30116942,12,1
F22Q10238557,19,0
F23Q20245177,12,1
F22Q40160692,8,1
F23Q10183615,18,0
F23Q10050305,5,1
F23Q10115981,8,1
F22Q30297782,11,1
F22Q10577080,15,0
F22Q10037669,11,1
F22Q20313595,18,0
F23Q10157669,15,0
F23Q30248788,21,0
F23Q30254054,24,0
F22Q10066284,20,0
F22Q10202034,17,0
F22Q30033749,5,1
F22Q10242739,14,0
F22Q30327920,14,0
F22Q30186747,24,0
F22Q30222728,22,0
F22Q20336087,22,0
F22Q40113202,17,0
F23Q30129934,19,0
F23Q10091937,24,0
F22Q40045062,6,1
F22Q10582988,7,1
F22Q30033195,22,0
F22Q10513774,16,0
F22Q20300500,10,1
F23Q30239327,23,0
F22Q30037879,7,1
F22Q30072462,5,1
F22Q10257767,13,0
F23Q30023746,14,0
F22Q30118478,21,0
F22Q10460373,10,1
F22Q30208175,22,0
F22Q40128464,11,1
F23Q10163139,8,1
F23Q20253299,22,0
F23Q20102488,4,1
F23Q20194820,20,0
F22Q30244605,5,1
F22Q10011661,3,1
F22Q10046254,21,0
F22Q20232919,3,1
F22Q40005580,14,0
F22Q20078085,16,0
F22Q40105466,3,1
F22Q30179801,18,0
F22Q40075596,22,0
F22Q30253806,5,1
F22Q30065597,22,0
F22Q40086593,8,1
F22Q20284778,5,1
F23Q20104385,23,0
F22Q10082186,23,0
F22Q20398444,7,1
F22Q40012104,14,0
F22Q20116868,13,0
F23Q20160742,22,0
F23Q20091004,24,0
F23Q20199334,21,0
F22Q30179651,23,0
F23Q10017319,9,1
F23Q10101282,16,0
F23Q10014491,21,0
F22Q30245816,8,1
F23Q30174032,12,1
F22Q20107954,11,1
F22Q40018795,22,0
F22Q40055285,21,0
F22Q20150239,15,0
F22Q10436902,17,0
F22Q20162080,18,0
F23Q20253295,12,1
F22Q40089593,14,0
F22Q10303858,4,1
F22Q30288028,16,0
F22Q20177616,3,1
F22Q20018361,9,1
F23Q10004138,15,0
F23Q30154911,19,0
F22Q20032696,21,0
F22Q20205498,16,0
F22Q30219541,12,1
F22Q10421504,14,0
F22Q10369765,5,1
F22Q10113200,10,1
F23Q20176480,6,1
F22Q40108685,6,1
F22Q10058663,9,1
F23Q10059857,8,1
F23Q30122891,19,0
F22Q40076267,13,0
F22Q10502028,22,0
F22Q40102739,15,0
F23Q20251959,17,0
F22Q30151277,12,1
F22Q10549067,10,1
F22Q30005585,16,0
F22Q20050053,8,1
F22Q30166579,22,0
F22Q10567136,21,0
F22Q40182479,7,1
F22Q20231601,4,1
F23Q20024601,13,0
F22Q10538184,6,1
F22Q10537114,5,1
F23Q20165851,20,0
F22Q40155146,13,0
F22Q10488492,21,0
F22Q20187055,9,1
F22Q10005484,10,1
F23Q30220053,14,0
F22Q20069470,9,1
F22Q40082404,16,0
F23Q10180770,21,0
F23Q10121932,20,0
F22Q20322591,24,0
F23Q10098258,22,0
F22Q20254173,19,0
F22Q20076540,20,0
F23Q10104632,14,0
F22Q30316089,17,0
F22Q20171664,19,0
F23Q20050142,13,0
F22Q10361919,23,0
F23Q30176399,17,0
F23Q20230833,18,0
F23Q20094287,7,1
F22Q20053839,18,0
F23Q20158878,6,1
F23Q20071648,17,0
F23Q10112880,21,0
F22Q20347524,14,0
F22Q40181525,3,1
F23Q10175829,8,1
F22Q10184197,14,0
F23Q20064809,10,1
F22Q10134935,24,0
F22Q10147518,15,0
F23Q10048538,15,0
F22Q20319839,12,1
F23Q10120946,17,0
F22Q30069027,20,0
F22Q40172103,23,0
F23Q20265356,9,1
F22Q20145198,19,0
F22Q10007212,15,0
F23Q30069929,6,1
F22Q30190114,22,0
F23Q20162584,6,1
F22Q20401078,19,0
F23Q20229953,17,0
F22Q20083297,16,0
F22Q20140382,8,1
F22Q40170191,11,1
F22Q20009193,8,1
F22Q10521849,22,0
F22Q20233361,20,0
F22Q20239377,14,0
F22Q30121654,10,1
F22Q20305465,13,0
F22Q10303641,3,1
F22Q20344671,10,1
F22Q10532323,19,0
F22Q20168169,20,0
F22Q20301856,10,1
F22Q40096204,7,1
F22Q20018109,5,1
F22Q20300175,19,0
F22Q20143569,17,0
F22Q30158550,9,1
F22Q10088536,17,0
F22Q40145197,15,0
F22Q20401571,12,1
F22Q10141088,22,0
F22Q10397812,3,1
F23Q20087182,4,1
F22Q20280238,16,0
F22Q40166972,23,0
F22Q30297022,23,0
F23Q20143924,11,1
F23Q30105976,16,0
F23Q10122362,10,1
F22Q20221512,13,0
F22Q20089310,8,1
F22Q30041715,3,1
F22Q40040826,8,1
F22Q20122990,20,0
F22Q20220259,12,1
F22Q40141018,10,1
F23Q30122609,20,0
F22Q30297341,8,1
F22Q30236592,14,0
F22Q20138014,14,0
F23Q20096285,11,1
F22Q40029082,9,1
F22Q30067175,10,1
F23Q10004206,4,1
F23Q10184244,15,0
F23Q20098334,23,0
F22Q40034392,10,1
F22Q20177954,17,0
F22Q30082692,7,1
F22Q10355182,9,1
F22Q10563169,19,0
F22Q40021637,22,0
F22Q20324038,7,1
F22Q40014594,24,0
F22Q40009544,8,1
F23Q20191134,9,1
F22Q10525841,17,0
F22Q30258109,7,1
F22Q40186563,15,0
F22Q40134133,3,1
F22Q10369130,7,1
F23Q10041687,7,1
F22Q20304956,6,1
F22Q10289209,6,1
F22Q20084706,13,0
F22Q30334561,18,0
F23Q20179688,15,0
F23Q20202289,10,1
F22Q10540179,3,1
F23Q30076800,7,1
F23Q20201887,3,1
F22Q40151988,18,0
F22Q30049185,16,0
F22Q30173640,6,1
F23Q30071959,16,0
F22Q20059895,15,0
F22Q30069813,21,0
F22Q20412968,20,0
F23Q30246788,6,1
F23Q10032742,8,1
F23Q30039246,4,1
F22Q40164559,9,1
F22Q20403854,22,0
F23Q10164692,10,1
F23Q10064651,20,0
F22Q10544739,17,0
F22Q40064061,6,1
F23Q10181156,10,1
F23Q20254408,17,0
F23Q30196469,20,0
F22Q30264148,7,1
F22Q30195681,11,1
F22Q30110047,24,0
F23Q20126221,13,0
F22Q40139514,19,0
F22Q10353811,7,1
F22Q10517774,24,0
F23Q30230633,15,0
F22Q40196544,8,1
F22Q10329139,15,0
F22Q10399677,23,0
F22Q20039492,12,1
F22Q10132066,3,1
F23Q30008599,11,1
F22Q10133876,13,0
F22Q20314001,13,0
F23Q30235624,9,1
F22Q20013863,24,0
F23Q10122840,8,1
F22Q10221320,9,1
F23Q10089574,12,1
F22Q20098901,11,1
F22Q10451934,20,0
F23Q30239879,8,1
F23Q30166682,14,0
F22Q40033544,15,0
F22Q10357929,20,0
F23Q10040510,10,1
F22Q30081124,14,0
F22Q10478300,17,0
F22Q30070776,9,1
F22Q20061531,14,0
F22Q20038599,6,1
F22Q10302317,13,0
F22Q20344165,16,0
F22Q20164374,7,1
F22Q40115929,24,0
F22Q10367584,13,0
F22Q10365357,22,0
F22Q10175639,18,0
F22Q20145085,20,0
F22Q30011142,4,1
F22Q20060066,12,1
F22Q30292026,7,1
F23Q10065433,5,1
F23Q20240093,18,0
F22Q10070593,7,1
F22Q40037635,11,1
F22Q10134397,3,1
F22Q40048971,22,0
F22Q10220797,7,1
F22Q20147101,14,0
F23Q10174982,9,1
F22Q10402295,15,0
F22Q20325523,16,0
F23Q20250559,24,0
F22Q10212609,11,1
F22Q30242168,21,0
F22Q40177366,7,1
F23Q20243343,13,0
F23Q10072141,15,0
F22Q20113434,24,0
F22Q30105809,24,0
F22Q20415019,12,1
F22Q30002280,7,1
F23Q20148983,11,1
F23Q30069919,11,1
F22Q20083413,22,0
F22Q30083511,5,1
F22Q30057132,18,0
F23Q30245135,10,1
F22Q20070848,10,1
F22Q30265002,7,1
F22Q40019448,10,1
F23Q20075231,19,0
F22Q10189027,12,1
F23Q20270848,23,0
F22Q10024064,8,1
F22Q10414896,18,0
F22Q20180470,18,0
F22Q10006782,17,0
F22Q40169247,7,1
F23Q20065621,13,0
F22Q10205008,20,0
F22Q30121073,10,1
F23Q30261057,20,0
F22Q10073324,22,0
F22Q20372341,6,1
F22Q10453455,14,0
F22Q40109304,8,1
F22Q30141757,9,1
F22Q30212858,15,0
F22Q30085440,18,0
F22Q20355990,4,1
F23Q20057552,21,0
F22Q40200694,11,1
F23Q20231908,24,0
F22Q10359731,15,0
F23Q20188268,8,1
F22Q30237459,19,0
F23Q10176298,20,0
F22Q30200337,21,0
F22Q10218262,20,0
F23Q30141942,23,0
F22Q40036803,6,1
F22Q20295419,24,0
F23Q10118889,22,0
F22Q10176001,11,1
F23Q20101534,24,0
F22Q20096351,21,0
F22Q10476791,4,1
F23Q30113101,19,0
F23Q30131479,19,0
F22Q20033377,17,0
F22Q10563507,19,0
F22Q20094726,4,1
F22Q40144020,4,1
F22Q30244726,22,0
F22Q20047831,10,1
F22Q20401754,14,0
F22Q40110185,10,1
F23Q10065130,17,0
F23Q10097684,18,0
F22Q20319859,5,1
F22Q20135979,21,0
F22Q30138882,24,0
F22Q20128627,17,0
F23Q20271557,12,1
F22Q10475127,24,0
F23Q10131880,17,0
F22Q40126038,19,0
F22Q30054112,11,1
F23Q10041677,7,1
F23Q30122002,20,0
F22Q40103333,6,1
F22Q30204441,17,0
F22Q10490755,16,0
F23Q10125637,11,1
F23Q30030503,4,1
F22Q10351641,21,0
F22Q30124701,4,1
F22Q30054181,4,1
F22Q10184848,6,1
F22Q20202059,22,0
F23Q20153502,8,1
F23Q10164877,23,0
F22Q20013285,11,1
F22Q20302316,15,0
F22Q30290351,7,1
F23Q30046412,7,1
F22Q30224924,14,0
F22Q20256623,12,1
F23Q20133971,14,0
F22Q10074889,13,0
F22Q30020084,9,1
F22Q20050102,13,0
F22Q20363378,8,1
F22Q30233504,10,1
F23Q20258510,17,0
F23Q20208578,8,1
F22Q10159616,20,0
F22Q30038665,14,0
F22Q30199092,5,1
F22Q10435427,13,0
F22Q40187788,13,0
F23Q10166823,15,0
F22Q10087184,16,0
F22Q20100676,16,0
F22Q10066887,14,0
F22Q40082324,12,1
F22Q20232398,4,1
F23Q20244226,15,0
F22Q10267821,22,0
F22Q40077039,5,1
F22Q30252603,23,0
F22Q10014414,7,1
F22Q10536686,3,1
F22Q20108730,10,1
F22Q10045576,10,1
F22Q10448936,18,0
F22Q30319162,21,0
F23Q10038258,19,0
F23Q30117047,13,0
F22Q20282299,3,1
F22Q40053729,11,1
F23Q30063485,4,1
F23Q20061192,6,1
F23Q30024135,15,0
F23Q30018411,16,0
F22Q20388809,13,0
F22Q10063126,20,0
F22Q20301980,19,0
F22Q10140204,24,0
F22Q30064925,3,1
F22Q10393521,10,1
F22Q20016135,11,1
F22Q40171834,21,0
F22Q10098044,22,0
F22Q40028404,22,0
F22Q30190764,7,1
F23Q10028473,13,0
F22Q20265150,18,0
F22Q10489800,12,1
F22Q20116263,16,0
F23Q30070076,11,1
F22Q20137595,21,0
F22Q10371876,15,0
F22Q40096304,10,1
F22Q40003833,19,0
F22Q10054602,9,1
F22Q10485657,9,1
F23Q30136213,4,1
F22Q40170268,8,1
F23Q10062394,22,0
F22Q40079124,19,0
F22Q10171114,15,0
F22Q30333077,15,0
F22Q40214202,17,0
F23Q20054608,23,0
F23Q20131477,11,1
F23Q30085191,24,0
F22Q10374973,21,0
F23Q20153000,14,0
F22Q20246223,6,1
F22Q10011849,22,0
F22Q40080331,23,0
F22Q10374176,20,0
F22Q30242820,13,0
F23Q30137096,7,1
F22Q30073757,6,1
F22Q30298203,6,1
F23Q10086594,20,0
F22Q40113978,13,0
F22Q40029280,24,0
F22Q40008537,14,0
F22Q30156597,6,1
F22Q20151535,7,1
F23Q10047124,5,1
F22Q30169500,18,0
F22Q20023508,13,0
F23Q30257324,12,1
F22Q20306533,18,0
F22Q40083028,18,0
F22Q20369620,23,0
F22Q20075069,7,1
F22Q10182222,6,1
F22Q30334242,7,1
F23Q20143714,7,1
F23Q20181568,24,0
F23Q10026391,14,0
F23Q20143418,5,1
F23Q20155091,22,0
F22Q10439321,8,1
F23Q30238380,5,1
F22Q10415202,21,0
F23Q30250077,13,0
F22Q10458857,21,0
F22Q20161393,8,1
F22Q30237983,12,1
F22Q20023738,8,1
F22Q40207232,7,1
F23Q20168807,7,1
F22Q10392252,13,0
F23Q30096974,24,0
F22Q40202525,16,0
F22Q20163979,10,1
F22Q20216484,7,1
F23Q20253612,24,0
F22Q10557450,19,0
F23Q10060491,15,0
F23Q20098270,20,0
F22Q40209282,22,0
F22Q10582343,14,0
F22Q20153630,6,1
F22Q10143578,16,0
F23Q20023763,24,0
F23Q20093282,17,0
F22Q30027375,5,1
F22Q30168516,7,1
F22Q30127409,24,0
F22Q10116728,2,1
F22Q40200492,24,0
F22Q20283320,14,0
F22Q40165984,6,1
F22Q30336794,9,1
F22Q20104569,6,1
F22Q30276455,9,1
F23Q20105448,15,0
F22Q30227076,5,1
F22Q10408360,19,0
F22Q10378367,20,0
F23Q30163581,16,0
F23Q10093265,13,0
F23Q20247363,11,1
F22Q20259093,4,1
F23Q30146175,6,1
F22Q20255987,7,1
F22Q20256452,5,1
F22Q30310187,8,1
F23Q10177448,5,1
F23Q30012866,18,0
F22Q30122808,15,0
F22Q40116645,13,0
F22Q30229384,5,1
F22Q10285197,3,1
F22Q20049822,19,0
F23Q10064459,16,0
F23Q30239093,17,0
F23Q20126395,19,0
F22Q20339539,4,1
F22Q30192313,11,1
F23Q30081445,16,0
F23Q20232913,21,0
F23Q10160422,4,1
F22Q20140397,21,0
F22Q30092669,13,0
F23Q20175701,4,1
F22Q40089777,11,1
F23Q30050377,5,1
F22Q10178661,11,1
F22Q20234103,22,0
F22Q20334327,21,0
F22Q20105244,15,0
F22Q40188816,23,0
F23Q20144339,22,0
F22Q40176366,22,0
F22Q10191738,10,1
F22Q10197244,10,1
F22Q30197534,11,1
F22Q40188797,19,0
F23Q20116087,9,1
F22Q40010963,16,0
F23Q30095747,18,0
F22Q10067831,9,1
F22Q20028713,19,0
F22Q20135033,18,0
F22Q30227434,19,0
F23Q30180989,12,1
F22Q30135446,14,0
F23Q30027140,20,0
F23Q20038417,9,1
F22Q20018375,8,1
F22Q10442671,14,0
F22Q10218342,5,1
F22Q30104916,8,1
F22Q30187443,7,1
F22Q20078329,10,1
F22Q20090092,10,1
F22Q20319981,15,0
F23Q20016517,16,0
F23Q10179032,8,1
F22Q10375283,18,0
F22Q30093214,9,1
F22Q10497368,17,0
F22Q30182531,24,0
F22Q30228601,11,1
F23Q20069466,6,1
F23Q30156910,16,0
F22Q10037040,7,1
F22Q10228097,6,1
F22Q20408999,23,0
F22Q20277613,22,0
F22Q30263557,9,1
F22Q30085783,9,1
F22Q30328819,22,0
F23Q20187295,6,1
F22Q20114487,5,1
F23Q20020158,16,0
F22Q30155461,9,1
F22Q20108214,7,1
F22Q30129131,3,1
F22Q30284078,21,0
F22Q30258022,13,0
F22Q30115651,11,1
F23Q30088384,4,1
F22Q30160300,6,1
F23Q10082026,7,1
F22Q30316743,4,1
F22Q20373383,20,0
F23Q10019295,6,1
F23Q30023652,11,1
F23Q10004576,15,0
F22Q30055076,24,0
F22Q40220084,15,0
F23Q20098384,17,0
F22Q10143061,10,1
F22Q30298999,15,0
F22Q40140095,20,0
F23Q30246336,8,1
F22Q10232385,19,0
F22Q10007627,12,1
F22Q20062429,14,0
F22Q40132103,10,1
F22Q20172750,23,0
F22Q30199777,14,0
F23Q30215352,20,0
F22Q10457163,10,1
F23Q20210810,15,0
F22Q30278485,21,0
F22Q30155429,24,0
F22Q40028681,19,0
F22Q20264245,24,0
F22Q20082330,16,0
F23Q30263119,14,0
F22Q10109480,17,0
F23Q10018077,9,1
F22Q30207051,11,1
F22Q40165205,16,0
F22Q10480522,18,0
F23Q20201109,17,0
F22Q20186042,24,0
F22Q20344509,20,0
F22Q30231183,10,1
F22Q40084523,20,0
F22Q40333989,8,1
F23Q10146792,17,0
F22Q40204003,15,0
F22Q30322415,19,0
F22Q20282292,21,0
F22Q30276806,12,1
F23Q30006705,12,1
F22Q30002487,23,0
F22Q40096013,8,1
F22Q40196199,24,0
F22Q30334669,16,0
F22Q10458599,12,1
F22Q30272025,16,0
F22Q30162707,16,0
F22Q10274449,18,0
F22Q10142537,5,1
F23Q30163537,10,1
F22Q10115644,4,1
F23Q30122414,9,1
F22Q20195025,24,0
F22Q30324905,10,1
F22Q20211349,8,1
F22Q30051431,23,0
F23Q30130974,22,0
F23Q20165372,20,0
F23Q20198572,24,0
F22Q40006074,12,1
F22Q40106028,12,1
F22Q20155023,5,1
F23Q30043786,13,0
F23Q20077477,19,0
F22Q20325122,7,1
F22Q40183856,24,0
F23Q20201483,18,0
F22Q20361240,10,1
F23Q30029239,22,0
F23Q20126201,14,0
F22Q30111233,23,0
F23Q30067803,7,1
F22Q10005479,11,1
F22Q10139222,4,1
F22Q10048430,10,1
F22Q40060137,5,1
F22Q10417286,11,1
F23Q20214588,17,0
F23Q10047517,8,1
F22Q10470562,4,1
F22Q10346526,15,0
F22Q30268243,12,1
F22Q20043123,12,1
F23Q20094089,19,0
F22Q20223224,5,1
F23Q30060760,19,0
F22Q10103768,7,1
F22Q40050108,13,0
F22Q30195523,18,0
F23Q30007915,23,0
F22Q10414284,9,1
F22Q10021801,17,0
F22Q30151998,5,1
F22Q10334444,16,0
F22Q10108609,12,1
F22Q10398956,15,0
F22Q20103976,18,0
F22Q40016848,8,1
F22Q10488038,23,0
F22Q30252471,21,0
F22Q10289162,20,0
F22Q20274505,23,0
F22Q30073482,16,0
F22Q10243556,5,1
F22Q10487296,8,1
F22Q20317109,12,1
F22Q40074680,7,1
F22Q20252554,12,1
F23Q30207815,14,0
F22Q30177365,5,1
F23Q10016549,14,0
F22Q40145024,15,0
F22Q30275102,5,1
F22Q20045119,17,0
F22Q30049203,19,0
F22Q10359177,4,1
F22Q10253353,20,0
F23Q10160824,15,0
F22Q10417885,11,1
F23Q20163284,14,0
F22Q20280780,19,0
F22Q20382921,7,1
F22Q20094921,6,1
F23Q20250527,18,0
F23Q10046866,22,0
F22Q20264227,24,0
F23Q30020955,19,0
F22Q10559668,6,1
F22Q10211284,19,0
F23Q20219092,21,0
F22Q30275038,4,1
F22Q10132068,3,1
F22Q10095708,10,1
F23Q10055473,10,1
F22Q30215183,15,0
F22Q10513274,13,0
F22Q20286637,12,1
F22Q20355676,6,1
F22Q20385358,6,1
F23Q10027301,8,1
F22Q20432590,5,1
F23Q30043641,15,0
F23Q10087683,5,1
F22Q10263042,9,1
F22Q20240509,13,0
F22Q30150545,11,1
F23Q20054073,24,0
F22Q20292599,8,1
F23Q20210239,12,1
F22Q20251580,24,0
F23Q20046186,7,1
F22Q10448195,16,0
F22Q20346706,7,1
F22Q40173547,18,0
F22Q20040301,19,0
F23Q20058485,19,0
F22Q10411355,6,1
F23Q20239620,14,0
F22Q10188583,10,1
F22Q10264469,16,0
F22Q10504106,20,0
F22Q20383279,6,1
F22Q20113619,16,0
F22Q20015987,14,0
F22Q30082751,5,1
F22Q20115900,5,1
F22Q20267008,15,0
F23Q20018149,18,0
F22Q10345930,9,1
F22Q30029325,19,0
F22Q20331474,18,0
F22Q20288078,24,0
F23Q20195609,5,1
F23Q30077482,23,0
F22Q30010020,9,1
F22Q10556932,7,1
F23Q20176180,14,0
F22Q20154308,15,0
F22Q20324652,21,0
F22Q10357146,18,0
F22Q20051926,18,0
F23Q30146605,5,1
F22Q10042813,11,1
F23Q30104212,18,0
F22Q30123240,15,0
F22Q20309369,17,0
F23Q30105189,14,0
F22Q20233662,4,1
F22Q30197145,16,0
F22Q30227840,20,0
F23Q10065943,10,1
F22Q40046069,14,0
F23Q20179942,21,0
F22Q40112586,3,1
F23Q10056320,22,0
F22Q30085498,5,1
F22Q10385698,7,1
F22Q20127981,7,1
F22Q10391400,7,1
F23Q20230627,16,0
F22Q10263311,10,1
F22Q20395315,7,1
F22Q40062143,9,1
F22Q20071765,17,0
F23Q20035161,12,1
F22Q20125120,12,1
F23Q20269918,21,0
F22Q10373257,13,0
F22Q10156105,16,0
F23Q10058560,16,0
F22Q10224176,9,1
F22Q10417902,10,1
F23Q30161660,23,0
F23Q20050390,23,0
F22Q20064890,10,1
F22Q10167011,7,1
F22Q10401899,6,1
F22Q20156119,7,1
F22Q20328234,19,0
F22Q30322143,10,1
F22Q20153015,18,0
F22Q20105965,17,0
F22Q20108419,20,0
F22Q30065345,8,1
F22Q20338830,22,0
F22Q30181310,24,0
F22Q30104027,23,0
F22Q20131786,4,1
F23Q10015122,21,0
F23Q20143851,20,0
F22Q20196212,22,0
F22Q30062687,22,0
F22Q10463144,20,0
F22Q20379847,18,0
F22Q20433822,14,0
F22Q10199563,24,0
F22Q20323052,9,1
F23Q30071396,13,0
F22Q30106791,6,1
F22Q30256800,9,1
F23Q20174880,17,0
F22Q20287449,7,1
F22Q20358176,8,1
F22Q10218592,13,0
F23Q20216915,11,1
F22Q30181535,9,1
F23Q20102487,20,0
F22Q10561359,23,0
F22Q20054514,21,0
F23Q10035963,21,0
F22Q20173898,10,1
F23Q20141723,4,1
F22Q10113103,12,1
F22Q10171020,4,1
F22Q20368726,24,0
F22Q10308298,6,1
F22Q30014687,3,1
F22Q30306058,6,1
F22Q40108915,11,1
F22Q10424389,9,1
F23Q10162207,3,1
F22Q30251770,6,1
F22Q20187150,18,0
F23Q20112967,15,0
F22Q20185840,19,0
F22Q10312887,16,0
F22Q20261585,6,1
F22Q20167278,14,0
F22Q40055130,20,0
F23Q30145192,17,0
F23Q30193919,11,1
F22Q10415652,8,1
F22Q30317490,11,1
F22Q40023749,17,0
F22Q40113697,19,0
F23Q10146954,16,0
F22Q30261138,18,0
F22Q20143532,17,0
F22Q20430729,23,0
F22Q30060960,20,0
F23Q10079018,19,0
F22Q10088935,4,1
F23Q20101856,5,1
F22Q20293224,16,0
F23Q20244965,8,1
F22Q40138859,16,0
F22Q10099101,7,1
F22Q20129551,13,0
F22Q10325749,18,0
F23Q20207921,17,0
F22Q10386955,3,1
F22Q30098725,8,1
F22Q30159666,19,0
F22Q10128662,16,0
F23Q10157276,23,0
F22Q30028905,10,1
F23Q20176675,14,0
F22Q10262520,6,1
F22Q10059648,19,0
F22Q30332185,13,0
F22Q20264209,14,0
F22Q40110604,24,0
F23Q20235669,24,0
F23Q20114987,12,1
F22Q40166827,4,1
F22Q10284658,5,1
F23Q20174918,5,1
F22Q20070361,16,0
F23Q10107793,4,1
F23Q30256689,21,0
F23Q30027225,5,1
F22Q30257013,14,0
F23Q20027642,13,0
F22Q20261237,11,1
F22Q10273233,8,1
F22Q30048661,3,1
F22Q30082217,21,0
F22Q10257415,5,1
F22Q20005594,17,0
F23Q10065519,7,1
F22Q20364490,15,0
F23Q10129015,11,1
F23Q20084820,24,0
F22Q10036698,4,1
F23Q30103811,13,0
F22Q10148831,16,0
F22Q20338749,17,0
F22Q10444110,19,0
F22Q10421650,20,0
F22Q10256716,17,0
F22Q20360187,14,0
F22Q40087038,10,1
F22Q10548564,17,0
F23Q20062721,19,0
F22Q40103093,11,1
F22Q30135778,16,0
F22Q20203744,24,0
F22Q20267500,9,1
F23Q10034170,23,0
F22Q40127564,13,0
F22Q40209493,23,0
F23Q30261537,15,0
F22Q10411462,5,1
F23Q30006520,14,0
F22Q20076444,8,1
F22Q20121956,7,1
F22Q20369710,17,0
F22Q30291874,21,0
F22Q40052052,18,0
F22Q10059010,20,0
F22Q40120483,10,1
F22Q30194511,5,1
F22Q20103179,18,0
F22Q40021273,20,0
F22Q40048466,14,0
F22Q10233664,24,0
F22Q20331572,15,0
F23Q10036115,12,1
F22Q40037598,17,0
F22Q20095629,20,0
F23Q10038534,4,1
F22Q30136807,21,0
F22Q30099027,19,0
F23Q20026028,23,0
F22Q20301517,8,1
F22Q20000943,5,1
F22Q30054616,11,1
F23Q30096971,19,0
F22Q30322495,16,0
F22Q20415971,10,1
F22Q40081698,20,0
F22Q40168164,21,0
F22Q10226171,18,0
F22Q10518237,22,0
F22Q20347380,20,0
F23Q20205646,20,0
F23Q10139832,12,1
F22Q30175095,10,1
F23Q20140537,16,0
F23Q30008800,10,1
F22Q10184177,6,1
F23Q20040599,16,0
F22Q20345959,5,1
F22Q20374595,8,1
F22Q20110464,20,0
F22Q10058040,8,1
F23Q30128887,17,0
F22Q40065194,10,1
F22Q30071571,13,0
F22Q20403229,19,0
F22Q20059401,24,0
F22Q30307160,21,0
F22Q40185540,23,0
F22Q10386037,20,0
F22Q30197912,22,0
F22Q20383858,19,0
F23Q30197902,20,0
F23Q30033242,20,0
F22Q10153459,13,0
F22Q20264902,22,0
F22Q20120791,17,0
F22Q30136283,5,1
F22Q10346466,14,0
F22Q20419636,10,1
F23Q20176353,13,0
F22Q20401455,3,1
F22Q10391425,6,1
F22Q30298671,20,0
F22Q20045301,11,1
F22Q10042833,10,1
F23Q30260046,8,1
F22Q30136246,5,1
F22Q20293000,17,0
F22Q10205718,20,0
F22Q30199327,16,0
F22Q30173676,18,0
F22Q10150675,17,0
F22Q10459041,12,1
F23Q30071111,17,0
F22Q10066420,15,0
F23Q20054124,19,0
F22Q30122220,19,0
F22Q20220978,22,0
F22Q30183349,11,1
F22Q30156719,6,1
F22Q30336172,8,1
F22Q20300150,15,0
F22Q30242260,10,1
F22Q40019434,18,0
F22Q40115692,22,0
F23Q30221704,22,0
F22Q40071187,21,0
F22Q30290087,22,0
F22Q20373928,4,1
F23Q20065629,19,0
F23Q30150882,19,0
F22Q10257782,11,1
F22Q30124217,15,0
F22Q20173027,12,1
F23Q20104812,17,0
F22Q20281592,16,0
F23Q10024353,23,0
F22Q10387053,23,0
F22Q30303897,22,0
F22Q20385575,12,1
F22Q10328577,9,1
F22Q10344230,15,0
F22Q20277135,5,1
F23Q30159649,6,1
F22Q30289324,23,0
F22Q20323373,18,0
F23Q30187743,15,0
F23Q30108892,16,0
F22Q10313710,16,0
F22Q40220751,10,1
F23Q30083995,23,0
F22Q10127448,11,1
F22Q30165056,10,1
F22Q10058649,13,0
F22Q40175834,17,0
F22Q20175846,5,1
F22Q20155803,9,1
F22Q20118712,17,0
F22Q20269723,16,0
F23Q10088404,13,0
F22Q20113592,12,1
F23Q30252736,21,0
F23Q20071967,19,0
F23Q30209213,6,1
F23Q10083725,20,0
F23Q30157317,5,1
F22Q10303862,13,0
F22Q10467134,3,1
F22Q40130390,9,1
F23Q20192502,21,0
F23Q30170214,12,1
F23Q30203712,22,0
F23Q10064722,23,0
F23Q30046668,5,1
F22Q40069650,5,1
F23Q10156171,13,0
F22Q20310046,7,1
F22Q10210085,15,0
F23Q20125441,14,0
F23Q30190740,17,0
F22Q20218791,5,1
F22Q10541353,13,0
F22Q10338815,10,1
F23Q20050389,9,1
F22Q10573516,17,0
F22Q20338831,8,1
F22Q30238611,13,0
F23Q10176098,24,0
F22Q10322061,12,1
F22Q20401495,6,1
F22Q10080281,6,1
F22Q40098635,21,0
F22Q20402549,23,0
F22Q10379403,19,0
F22Q30312692,20,0
F22Q30164161,4,1
F22Q10493622,18,0
F22Q10486031,12,1
F22Q10249355,9,1
F22Q10373335,15,0
F23Q30055806,3,1
F22Q10190726,3,1
F22Q10365121,6,1
F22Q10058327,12,1
F22Q30057873,5,1
F22Q40167337,23,0
F22Q10116412,21,0
F22Q20267284,10,1
F22Q20376978,7,1
F22Q20391479,12,1
F23Q10173975,15,0
F22Q30240574,20,0
F23Q10177317,22,0
F23Q10119477,24,0
F23Q20124059,17,0
F23Q20055413,24,0
F22Q30193015,22,0
F23Q10117567,4,1
F22Q10271269,17,0
F23Q10097937,21,0
F23Q30010991,24,0
F23Q20185899,20,0
F22Q30237305,23,0
F23Q20032627,20,0
F22Q10230557,21,0
F22Q40070227,22,0
F23Q20068378,4,1
F22Q40046366,21,0
F22Q30004039,24,0
F22Q10317260,11,1
F22Q20397696,18,0
F23Q20184638,22,0
F23Q30241415,17,0
F22Q30190060,10,1
F23Q30057938,18,0
F23Q30109843,23,0
F22Q10272030,3,1
F23Q10123912,18,0
F23Q10146673,7,1
F23Q30234197,10,1
F23Q20199794,21,0
F22Q40098685,12,1
F22Q10109350,17,0
F22Q10117970,12,1
F22Q30264208,8,1
F22Q20171660,6,1
F22Q10365174,23,0
F22Q10029886,19,0
F22Q20321516,4,1
F22Q30180299,17,0
F23Q20094280,9,1
F22Q10033773,21,0
F22Q40165692,16,0
F23Q30048562,6,1
F22Q30101891,19,0
F22Q10411101,5,1
F23Q20102084,9,1
F22Q30061554,17,0
F22Q10132099,3,1
F22Q30006696,13,0
F22Q20027671,14,0
F22Q30229697,13,0
F23Q20041206,24,0
F22Q10347972,8,1
F22Q20226774,7,1
F22Q10329471,4,1
F23Q30099184,21,0
F23Q30237387,17,0
F22Q40093823,19,0
F22Q10021623,20,0
F23Q20199566,11,1
F22Q20118683,20,0
F22Q30159573,13,0
F22Q20232419,22,0
F22Q10420222,4,1
F22Q20219542,10,1
F22Q20095413,24,0
F23Q30200759,18,0
F23Q20159691,22,0
F22Q40076902,21,0
F23Q20214574,6,1
F22Q20428508,19,0
F22Q30207352,14,0
F22Q20259556,6,1
F22Q20324667,21,0
F22Q10338924,23,0
F22Q20234285,6,1
F22Q10476640,19,0
F22Q10109375,18,0
F22Q20049931,6,1
F23Q10020354,11,1
F22Q20331188,22,0
F23Q20021006,13,0
F23Q20060441,14,0
F22Q10293806,21,0
F22Q30166653,23,0
F23Q30003369,14,0
F22Q40024616,8,1
F22Q20284823,16,0
F22Q10518348,9,1
F23Q20246842,17,0
F23Q30070407,13,0
F22Q20311847,11,1
F23Q20081309,19,0
F22Q10502488,10,1
F22Q10280236,19,0
F22Q10081764,6,1
F23Q10176067,9,1
F22Q10065741,19,0
F22Q40033619,9,1
F23Q20217107,13,0
F22Q10499248,16,0
F22Q10291890,21,0
F23Q10165688,7,1
F23Q30027954,5,1
F23Q10056175,9,1
F22Q10445880,15,0
F22Q20348031,3,1
F22Q40122935,23,0
F22Q40135329,24,0
F22Q30146115,15,0
F22Q20391383,24,0
F23Q10183670,16,0
F22Q10473912,23,0
F22Q20029638,9,1
F22Q20383916,16,0
F22Q10336585,24,0
F23Q30191967,10,1
F22Q10080020,13,0
F22Q20040908,24,0
F22Q30115447,15,0
F23Q20215598,15,0
F23Q20205575,16,0
F23Q20084489,12,1
F22Q40198847,18,0
F22Q10130171,5,1
F22Q10580823,11,1
F22Q10019722,8,1
F22Q20398605,8,1
F22Q30185480,3,1
F22Q30318395,24,0
F22Q30146826,18,0
F22Q40205877,22,0
F22Q10453074,9,1
F23Q10040346,22,0
F23Q30175653,20,0
F23Q30151752,15,0
F22Q30296721,14,0
F23Q30070294,13,0
F22Q20020636,23,0
F22Q40005393,20,0
F22Q40220292,16,0
F23Q10010177,17,0
F22Q40185042,15,0
F22Q40130857,6,1
F22Q30102833,13,0
F22Q30100124,5,1
F22Q40057582,8,1
F22Q30024354,18,0
F23Q10055605,5,1
F22Q20389614,9,1
F23Q30096198,18,0
F22Q30086155,20,0
F23Q20215559,20,0
F23Q30151916,14,0
F22Q10463433,12,1
F23Q10157329,19,0
F22Q20040658,4,1
F23Q30108272,15,0
F23Q10141102,13,0
F23Q30163883,5,1
F22Q40186427,22,0
F22Q40088319,10,1
F23Q20113029,19,0
F22Q30077299,4,1
F22Q40160423,20,0
F23Q10079623,12,1
F22Q20026796,9,1
F22Q30004936,23,0
F22Q20157755,18,0
F22Q40161817,10,1
F23Q20253566,19,0
F22Q10174381,12,1
F22Q40084871,24,0
F22Q10081271,17,0
F22Q10393346,3,1
F22Q20024219,6,1
F22Q40018321,16,0
F22Q20012216,9,1
F23Q20135149,17,0
F22Q10274730,5,1
F22Q30282150,8,1
F22Q10298441,18,0
F22Q30210956,10,1
F22Q10000105,13,0
F22Q20284245,6,1
F23Q30121167,24,0
F22Q30033977,22,0
F22Q30063022,16,0
F23Q20050569,3,1
F22Q10249244,6,1
F22Q10470185,16,0
F22Q10416808,22,0
F23Q30228823,16,0
F23Q10064625,19,0
F22Q20245398,3,1
F22Q40103778,24,0
F23Q10135194,8,1
F22Q10435914,4,1
F22Q10036073,9,1
F22Q10362304,19,0
F23Q10058881,14,0
F22Q30160376,10,1
F23Q30072027,12,1
F23Q30155609,10,1
F22Q20383524,9,1
F22Q20231205,6,1
F23Q30210114,24,0
F22Q20034735,21,0
F22Q20087192,6,1
F22Q10161521,6,1
F23Q20271019,6,1
F22Q30275803,24,0
F22Q20238707,11,1
F22Q40095922,8,1
F22Q30117903,11,1
F23Q20042664,17,0
F22Q10451678,13,0
F23Q30244832,12,1
F22Q20087420,17,0
F22Q20146503,22,0
F23Q10050135,21,0
F23Q20162660,12,1
F22Q10487212,16,0
F22Q40142984,24,0
F22Q30186040,18,0
F23Q10030810,7,1
F22Q10095795,6,1
F23Q30078730,15,0
F23Q20252241,4,1
F23Q30219242,23,0
F22Q10522659,22,0
F22Q40158767,6,1
F22Q20283548,11,1
F22Q20156209,22,0
F22Q20211323,16,0
F22Q10356308,14,0
F22Q30286661,12,1
F22Q40199190,10,1
F23Q20170443,23,0
F22Q20155108,24,0
F22Q30203577,14,0
F22Q30028895,21,0
F23Q20023667,9,1
F23Q20275421,16,0
F22Q20183737,21,0
F22Q10536534,14,0
F22Q20260604,4,1
F22Q40011984,20,0
F22Q10289996,16,0
F22Q30109671,16,0
F22Q20132364,17,0
F22Q20435561,11,1
F22Q30163662,17,0
F22Q40160326,16,0
F23Q20233344,22,0
F23Q20082620,11,1
F22Q10104745,20,0
F22Q20344118,19,0
F22Q30021684,7,1
F22Q30052247,15,0
F23Q10181878,24,0
F22Q30322936,21,0
F22Q20358571,9,1
F23Q30156863,10,1
F22Q20069771,10,1
F22Q20203486,3,1
F22Q10439897,16,0
F22Q20242784,6,1
F23Q10081590,23,0
F22Q20031757,18,0
F22Q20104564,9,1
F22Q10520274,4,1
F22Q10221237,13,0
F23Q30159355,16,0
F22Q10008012,11,1
F22Q20147032,8,1
F22Q20357916,19,0
F23Q30130652,4,1
F22Q20006814,16,0
F23Q10025980,7,1
F22Q20200825,18,0
F22Q20248941,17,0
F23Q10180532,17,0
F23Q10041036,8,1
F23Q20197122,14,0
F23Q30119339,9,1
F23Q30006208,18,0
F23Q10017917,15,0
F22Q30153807,13,0
F22Q20033641,19,0
F22Q30285423,15,0
F23Q30117967,8,1
F23Q10131878,7,1
F22Q20054408,11,1
F22Q40050185,15,0
F22Q40084810,20,0
F23Q10135688,3,1
F23Q20205935,23,0
F22Q30145292,17,0
F22Q10203709,7,1
F22Q10552600,10,1
F22Q10052573,9,1
F22Q30310291,15,0
F22Q30024033,11,1
F23Q30018754,13,0
F22Q20339561,17,0
F23Q30051926,9,1
F22Q40114533,5,1
F23Q30055023,14,0
F22Q10272413,8,1
F22Q30135988,21,0
F22Q20200949,16,0
F22Q20371789,7,1
F22Q30166934,16,0
F23Q20275778,14,0
F22Q30282698,12,1
F22Q40019907,14,0
F22Q10252173,8,1
F22Q20027849,15,0
F22Q20065146,14,0
F22Q20185446,21,0
F23Q10024203,20,0
F23Q30234867,14,0
F22Q10077628,8,1
F23Q10015306,19,0
F22Q10087799,19,0
F22Q20084441,15,0
F23Q20154710,18,0
F23Q30232943,18,0
F23Q30187909,18,0
F22Q40205432,18,0
F23Q30215963,21,0
F23Q10044190,19,0
F22Q40202611,6,1
F22Q10411780,22,0
F23Q30021460,8,1
F22Q20314831,23,0
F22Q20291762,12,1
F22Q10015560,8,1
F22Q40010890,10,1
F23Q20238840,7,1
F22Q20314366,17,0
F23Q20266928,12,1
F23Q10036009,14,0
F22Q30331441,14,0
F22Q20286164,9,1
F23Q10092930,5,1
F22Q40040719,22,0
F23Q30229866,15,0
F23Q30034504,21,0
F22Q20369788,16,0
F22Q10343698,24,0
F22Q10406955,11,1
F22Q40106643,4,1
F22Q10358198,10,1
F22Q30151306,14,0
F23Q30079182,23,0
F23Q30126530,9,1
F22Q10442457,17,0
F22Q20216400,24,0
F23Q10109321,12,1
F23Q10182952,21,0
F22Q40019333,14,0
F22Q10377071,4,1
F22Q10266501,9,1
F22Q30043865,19,0
F22Q30207673,23,0
F22Q10501844,3,1
F22Q30208353,24,0
F23Q20239961,18,0
F22Q20074422,3,1
F22Q20093005,20,0
F22Q30005228,14,0
F23Q20042278,12,1
F23Q30102459,8,1
F22Q10482644,11,1
F23Q10126118,12,1
F22Q10563209,8,1
F22Q10313791,4,1
F22Q20277360,6,1
F22Q10193322,6,1
F23Q30028017,7,1
F22Q20294983,4,1
F22Q40020777,13,0
F22Q20133863,16,0
F22Q10043212,8,1
F23Q30257048,16,0
F23Q30187547,4,1
F22Q10292081,23,0
F22Q20044336,11,1
F23Q10118790,24,0
F22Q30111044,19,0
F22Q10355328,15,0
F22Q40071999,23,0
F22Q30264415,21,0
F22Q30146102,11,1
F23Q20032940,17,0
F22Q10185383,10,1
F22Q10035870,11,1
F22Q10004047,19,0
F22Q40107469,7,1
F23Q10010465,21,0
F22Q20089744,23,0
F22Q10514396,4,1
F23Q20051022,24,0
F22Q20172441,18,0
F22Q40169518,23,0
F22Q30075958,17,0
F22Q40046283,13,0
F23Q30214220,5,1
F22Q40035587,6,1
F22Q40162966,6,1
F22Q10181418,17,0
F22Q30162152,8,1
F22Q10438364,12,1
F22Q20223320,23,0
F22Q40089699,22,0
F22Q20219753,16,0
F22Q10170501,22,0
F22Q10053420,6,1
F23Q20026432,12,1
F22Q20311559,12,1
F22Q20271541,12,1
F23Q10123843,17,0
F22Q40108162,21,0
F23Q20091372,24,0
F22Q30275670,3,1
F22Q10203626,19,0
F22Q40194391,17,0
F22Q30102051,14,0
F23Q20091456,17,0
F22Q40008749,24,0
F23Q10097640,17,0
F22Q20269768,3,1
F22Q20106729,24,0
F22Q40025661,3,1
F23Q30077596,23,0
F22Q10255940,18,0
F22Q30036890,8,1
F23Q30157408,24,0
F22Q20188299,20,0
F23Q10067014,24,0
F22Q10421355,23,0
F22Q10561695,22,0
F22Q10291778,15,0
F23Q20046878,15,0
F23Q20195400,17,0
F23Q30091274,23,0
F23Q30212927,22,0
F22Q10160008,21,0
F22Q20075680,4,1
F22Q10059684,4,1
F22Q10420984,19,0
F22Q20004051,11,1
F22Q10427232,22,0
F22Q20353251,24,0
F23Q20216459,14,0
F22Q20013454,24,0
F22Q10508672,19,0
F22Q20275972,5,1
F22Q30198602,17,0
F22Q10361153,21,0
F22Q20300290,19,0
F22Q30033161,7,1
F22Q30222042,3,1
F22Q40059263,4,1
F23Q10056263,7,1
F23Q20017573,19,0
F23Q20059846,18,0
F22Q40190295,22,0
F23Q10125110,13,0
F22Q10149652,17,0
F22Q40184029,15,0
F23Q30012700,8,1
F22Q30212081,20,0
F22Q20374906,7,1
F22Q20430158,6,1
F23Q30136259,23,0
F22Q30085473,18,0
F23Q10007478,15,0
F22Q10109993,9,1
F22Q20095873,13,0
F23Q30066601,24,0
F22Q20388023,13,0
F23Q10031421,21,0
F22Q30232861,18,0
F22Q40087284,3,1
F22Q30282830,24,0
F22Q40057689,14,0
F22Q20007197,3,1
F22Q20203559,15,0
F22Q20166126,8,1
F22Q20003029,9,1
F22Q30073739,21,0
F22Q30185501,24,0
F23Q20030003,18,0
F22Q10350995,13,0
F22Q20083831,22,0
F22Q20198720,23,0
F23Q10075661,4,1
F23Q20064366,22,0
F22Q20003090,4,1
F23Q20011904,16,0
F22Q30220218,22,0
F22Q10103131,17,0
F22Q10375620,23,0
F22Q20273847,20,0
F22Q20318258,23,0
F22Q30192223,10,1
F22Q40043539,19,0
F22Q20129542,19,0
F23Q30026577,15,0
F22Q20165448,6,1
F23Q30251538,8,1
F23Q30053064,9,1
F22Q20293711,23,0
F22Q20201161,19,0
F22Q40217875,21,0
F22Q10028733,10,1
F23Q20115081,16,0
F22Q20172135,16,0
F22Q10130982,12,1
F22Q20135863,8,1
F22Q30296908,18,0
F22Q30070963,9,1
F23Q20069710,18,0
F22Q20284141,11,1
F22Q30194408,21,0
F22Q10420418,9,1
F22Q40099056,7,1
F22Q20361663,24,0
F23Q30121486,16,0
F22Q20285195,13,0
F22Q20349185,10,1
F22Q10068550,12,1
F22Q40015763,14,0
F22Q10403936,12,1
F22Q10056457,10,1
F22Q20004606,4,1
F22Q30128885,20,0
F23Q30112204,11,1
F22Q20379314,4,1
F22Q10288355,8,1
F22Q20097712,21,0
F22Q20199716,21,0
F22Q30003065,6,1
F22Q30320355,23,0
F23Q30250925,17,0
F23Q10085103,21,0
F22Q10017431,23,0
F23Q30220435,21,0
F22Q40165546,24,0
F23Q30242387,9,1
F22Q30091782,13,0
F23Q10057207,18,0
F22Q10364209,4,1
F22Q30019911,6,1
F22Q10131788,21,0
F23Q10152934,20,0
F23Q20093136,4,1
F22Q30293405,14,0
F22Q10324933,20,0
F22Q10421726,6,1
F22Q10032283,20,0
F22Q10291874,24,0
F22Q30268443,23,0
F22Q20010587,19,0
F22Q20203043,23,0
F22Q30143398,17,0
F22Q20175616,20,0
F22Q20185565,23,0
F23Q10008512,23,0
F22Q40021441,18,0
F22Q10104574,6,1
F22Q20157023,23,0
F22Q20344087,15,0
F23Q10105021,6,1
F22Q40165314,7,1
F22Q40184950,4,1
F22Q30162181,23,0
F22Q40130237,19,0
F22Q10373651,15,0
F22Q20195806,4,1
F22Q10217328,10,1
F22Q40117213,20,0
F23Q20071492,11,1
F22Q30124942,5,1
F22Q20139653,15,0
F22Q10513793,20,0
F22Q40027022,23,0
F22Q30161775,15,0
F22Q30288665,24,0
F22Q40016652,9,1
F22Q20438334,11,1
F22Q40059859,16,0
F22Q10015443,19,0
F22Q30306045,19,0
F23Q20225561,9,1
F22Q10202324,3,1
F22Q20020269,21,0
F23Q10027314,4,1
F23Q20221280,16,0
F23Q20131851,12,1
F23Q20204281,11,1
F22Q10409371,23,0
F22Q40001272,3,1
F23Q10152533,21,0
F23Q10062045,22,0
F22Q40096242,11,1
F22Q30229141,8,1
F22Q10399379,20,0
F22Q10501355,7,1
F23Q20159615,19,0
F23Q30097616,14,0
F22Q10008286,7,1
F22Q40155059,5,1
F22Q10136331,14,0
F23Q20027617,24,0
F23Q20121325,13,0
F22Q30025584,3,1
F22Q10072588,18,0
F23Q30082903,14,0
F23Q10086848,16,0
F22Q30176893,19,0
F22Q30122575,6,1
F22Q20212526,19,0
F22Q20365008,5,1
F22Q30159224,5,1
F22Q20105748,7,1
F22Q20108359,18,0
F22Q20385402,7,1
F22Q30122762,15,0
F22Q30148987,6,1
F23Q10124357,12,1
F22Q30289484,3,1
F22Q10197858,7,1
F23Q20007350,12,1
F22Q20290763,12,1
F22Q40124101,6,1
F23Q30042433,17,0
F22Q20438365,15,0
F23Q30014303,15,0
F23Q10130583,19,0
F22Q20121777,19,0
F22Q30069199,5,1
F22Q40020133,18,0
F22Q10027128,11,1
F23Q20126003,21,0
F23Q20073999,16,0
F23Q20163474,8,1
F23Q10157086,17,0
F23Q10067446,18,0
F23Q30255769,23,0
F22Q30334394,17,0
F22Q10474906,13,0
F22Q20272804,19,0
F22Q20317130,5,1
F22Q30248348,17,0
F22Q20019192,4,1
F22Q10395809,20,0
F23Q10078511,16,0
F23Q30233965,18,0
F22Q40021042,22,0
F22Q10413188,5,1
F22Q10071360,17,0
F22Q40201640,6,1
F23Q20261647,6,1
F22Q10193636,12,1
F23Q30138475,21,0
F22Q30239506,6,1
F23Q10088681,13,0
F22Q30100393,5,1
F22Q10498584,9,1
F22Q20031176,16,0
F22Q30012036,8,1
F22Q10412823,11,1
F22Q40206782,24,0
F22Q30011115,24,0
F22Q30250496,4,1
F23Q10012241,11,1
F23Q30058209,17,0
F22Q30334314,17,0
F23Q20023045,22,0
F22Q30009335,11,1
F23Q10106094,22,0
F22Q20022261,11,1
F23Q30231170,12,1
F22Q40141384,20,0
F22Q40145303,16,0
F23Q10020318,19,0
F22Q20358437,12,1
F22Q30131704,4,1
F22Q20073096,8,1
F23Q10131705,21,0
F22Q10111131,9,1
F23Q20199231,21,0
F23Q30228333,4,1
F22Q30047302,7,1
F23Q30135231,17,0
F22Q20383213,13,0
F22Q40171162,18,0
F22Q10461583,7,1
F23Q30194692,22,0
F22Q30127768,17,0
F23Q10182576,9,1
F22Q10549829,8,1
F22Q30110886,3,1
F23Q10071486,7,1
F23Q30128697,22,0
F22Q10024277,15,0
F23Q10019195,19,0
F22Q20299470,5,1
F22Q30061061,4,1
F22Q10138925,9,1
F22Q20297246,13,0
F22Q30194212,24,0
F22Q30270374,22,0
F23Q10088347,22,0
F22Q10048602,8,1
F23Q20256330,7,1
F22Q30205928,11,1
F23Q30192591,18,0
F22Q10009798,20,0
F22Q20290847,20,0
F22Q20356777,7,1
F22Q10232580,14,0
F22Q10534578,14,0
F22Q10451223,18,0
F22Q20406104,13,0
F22Q10534945,16,0
F22Q30200784,3,1
F23Q20072377,15,0
F23Q30029356,5,1
F22Q20334398,10,1
F22Q30015038,20,0
F22Q30092050,23,0
F22Q10386791,18,0
F23Q30030958,10,1
F22Q20093534,6,1
F22Q30333648,13,0
F22Q20092702,6,1
F22Q30073538,18,0
F22Q10139874,10,1
F23Q30126923,10,1
F22Q10199532,13,0
F22Q10269031,4,1
F22Q10159525,23,0
F22Q10365565,10,1
F22Q20233702,4,1
F22Q30104316,12,1
F23Q30005595,21,0
F23Q30081055,17,0
F22Q40063426,23,0
F22Q10076561,20,0
F23Q30060169,24,0
F23Q20098565,20,0
F22Q20099015,18,0
F23Q30017984,14,0
F22Q40132847,18,0
F22Q10186287,7,1
F22Q40051093,12,1
F23Q20103411,8,1
F23Q20150396,22,0
F22Q20131208,8,1
F22Q20291978,15,0
F22Q30104697,10,1
F22Q10474707,9,1
F22Q40020668,15,0
F23Q30262724,17,0
F22Q10326737,13,0
F22Q20285802,6,1
F23Q20219554,9,1
F22Q30052590,12,1
F23Q20005975,19,0
F22Q20381164,16,0
F23Q20020790,4,1
F22Q20172438,8,1
F23Q10135866,18,0
F22Q20188364,17,0
F23Q20105485,20,0
F22Q10184192,24,0
F22Q20282658,21,0
F22Q20061632,13,0
F22Q30056538,16,0
F22Q30230299,21,0
F22Q30160722,8,1
F22Q30161255,6,1
F22Q20388686,22,0
F22Q30011944,18,0
F22Q20160055,12,1
F22Q30209629,11,1
F23Q10028764,23,0
F23Q20273519,22,0
F22Q30325432,5,1
F22Q10291676,12,1
F23Q20101529,3,1
F23Q20146668,15,0
F22Q20280084,7,1
F22Q40109630,19,0
F23Q30011018,22,0
F23Q20136247,20,0
F22Q30150548,20,0
F22Q10451967,19,0
F22Q20104701,16,0
F22Q20135837,20,0
F22Q40091907,14,0
F22Q10177688,13,0
F22Q30001369,18,0
F22Q30319810,6,1
F22Q10144285,7,1
F22Q10331378,17,0
F22Q20017641,7,1
F23Q20188635,18,0
F22Q20075660,21,0
F22Q10382823,10,1
F23Q10063011,9,1
F23Q30043848,15,0
F23Q30070974,12,1
F22Q40111998,18,0
F22Q30193552,11,1
F23Q20051635,8,1
F23Q30157608,14,0
F23Q30029786,14,0
F22Q30211135,18,0
F22Q30279656,12,1
F23Q20089899,6,1
F22Q40040623,21,0
F22Q20087057,5,1
F22Q20410115,22,0
F22Q30115910,14,0
F22Q40038211,9,1
F23Q30158950,22,0
F22Q20089730,18,0
F22Q30256761,9,1
F23Q10152071,20,0
F22Q20394250,3,1
F22Q40086204,5,1
F22Q20263644,5,1
F22Q10034287,7,1
F22Q10316468,14,0
F22Q30066145,17,0
F22Q10380918,14,0
F23Q20072155,18,0
F22Q30057959,11,1
F22Q20063672,9,1
F22Q10031208,19,0
F22Q40064938,17,0
F23Q10055729,13,0
F23Q20255986,19,0
F23Q30181810,10,1
F22Q10455015,24,0
F23Q20198005,10,1
F22Q30170806,24,0
F22Q30076034,4,1
F22Q20072781,17,0
F23Q10171716,11,1
F23Q10176136,8,1
F22Q20154870,10,1
F23Q10153147,18,0
F23Q20189032,13,0
F23Q20139500,14,0
F23Q30134984,14,0
F22Q10581147,9,1
F22Q10312062,17,0
F22Q10571190,22,0
F22Q20080253,23,0
F23Q10031274,12,1
F22Q20307288,19,0
F23Q10037918,10,1
F22Q30054365,4,1
F22Q30099936,11,1
F23Q20173995,15,0
F22Q40079797,20,0
F22Q40220454,19,0
F22Q10069706,10,1
F22Q40015445,18,0
F23Q30206668,16,0
F22Q30324788,13,0
F23Q10032277,21,0
F22Q40088260,23,0
F22Q20104252,11,1
F22Q20427839,19,0
F23Q10185482,18,0
F23Q30154939,7,1
F22Q30299970,4,1
F22Q20152511,6,1
F22Q30121951,18,0
F22Q40100459,21,0
F22Q30253467,15,0
F22Q10352811,15,0
F22Q30143124,11,1
F22Q10181708,14,0
F22Q30222981,16,0
F23Q20214224,12,1
F23Q30044811,15,0
F22Q30088490,23,0
F23Q30086109,16,0
F23Q20097456,9,1
F22Q10038811,9,1
F23Q20271054,24,0
F23Q30006920,17,0
F23Q20269172,7,1
F22Q20359576,5,1
F22Q30117635,5,1
F22Q20309490,6,1
F22Q30075241,24,0
F22Q30210405,15,0
F22Q40144991,3,1
F22Q20084987,19,0
F22Q20074578,23,0
F22Q40182043,14,0
F22Q20076509,12,1
F22Q40062673,3,1
F22Q30287570,6,1
F23Q10024801,20,0
F23Q20268518,8,1
F22Q20324600,9,1
F22Q20177767,9,1
F22Q30015102,4,1
F22Q20360007,17,0
F22Q10279351,10,1
F22Q10531795,18,0
F23Q10029102,23,0
F23Q10102470,8,1
F23Q20030081,13,0
F22Q10455031,3,1
F22Q20087001,24,0
F22Q10196330,9,1
F23Q10143825,7,1
F22Q10350031,12,1
F22Q10094754,8,1
F22Q10494776,3,1
F22Q40012311,21,0
F22Q40090051,4,1
F22Q40208267,18,0
F23Q20218745,15,0
F22Q20213923,8,1
F22Q30314191,19,0
F22Q20013947,4,1
F23Q10171792,15,0
F22Q30025698,5,1
F22Q30289278,14,0
F22Q30042044,17,0
F23Q30130625,10,1
F23Q10126949,16,0
F23Q20096300,14,0
F22Q40147769,20,0
F23Q30084664,18,0
F22Q10151296,18,0
F22Q30248364,6,1
F23Q10161408,16,0
F22Q10281695,16,0
F22Q40075695,9,1
F23Q10163620,17,0
F22Q10391955,24,0
F22Q40208783,23,0
F22Q30265864,24,0
F23Q10042005,12,1
F22Q20264287,6,1
F22Q10075904,11,1
F22Q20127345,16,0
F22Q40142550,24,0
F22Q40010395,6,1
F22Q30232687,10,1
F22Q20331960,3,1
F22Q20112253,17,0
F22Q40112106,17,0
F22Q30004717,24,0
F22Q40083940,10,1
F22Q30199769,8,1
F23Q20039606,8,1
F23Q20057262,19,0
F23Q10144589,16,0
F22Q10400137,8,1
F22Q30207765,21,0
F23Q20129593,24,0
F23Q30186266,11,1
F22Q20281522,10,1
F23Q30140679,23,0
F22Q10542813,19,0
F23Q20081887,7,1
F23Q30111479,6,1
F22Q20129273,8,1
F22Q20271903,5,1
F23Q10179064,18,0
F22Q30297063,13,0
F22Q10303001,7,1
F22Q20287233,19,0
F22Q20007918,11,1
F22Q10163861,16,0
F23Q30152832,22,0
F22Q20203238,6,1
F22Q30191643,5,1
F22Q30213915,11,1
F22Q40095272,15,0
F22Q10195243,23,0
F23Q20049593,7,1
F22Q20318123,22,0
F22Q40213145,22,0
F22Q10311916,18,0
F22Q10410563,9,1
F23Q20034355,22,0
F22Q30302547,19,0
F23Q30173248,3,1
F22Q10217330,9,1
F22Q10401629,4,1
F22Q20110736,11,1
F23Q10029673,15,0
F22Q20014029,19,0
F22Q10372425,20,0
F22Q10424241,9,1
F22Q10287652,20,0
F22Q10024472,14,0
F22Q20301595,4,1
F23Q10069813,22,0
F22Q10104782,3,1
F23Q30069839,19,0
F23Q20206744,5,1
F23Q20229154,8,1
F22Q40149421,20,0
F22Q20046664,18,0
F22Q30048048,9,1
F22Q40070103,18,0
F22Q30137759,12,1
F22Q10579954,15,0
F22Q10494104,9,1
F23Q20077691,19,0
F22Q10034278,3,1
F22Q40037807,5,1
F22Q20269900,18,0
F23Q30065947,21,0
F22Q10224194,8,1
F22Q40094993,24,0
F22Q30010639,19,0
F23Q30127598,23,0
F23Q20010719,7,1
F23Q10134359,16,0
F22Q30143945,22,0
F22Q20051444,24,0
F22Q30302455,4,1
F23Q10170223,5,1
F22Q10346501,8,1
F23Q30074721,12,1
F22Q20130337,21,0
F23Q10181595,5,1
F23Q20163880,16,0
F22Q40098830,3,1
F22Q20307321,10,1
F22Q30033157,10,1
F23Q30194957,14,0
F22Q10351092,13,0
F22Q20003807,4,1
F22Q20193545,14,0
F23Q10135527,17,0
F23Q30183266,17,0
F23Q30217125,11,1
F22Q30219164,16,0
F22Q20112394,23,0
F22Q10265511,7,1
F23Q30199309,8,1
F22Q30334836,23,0
F22Q20104826,7,1
F23Q10127576,15,0
F22Q40103892,16,0
F23Q20229191,21,0
F22Q10057688,18,0
F23Q20035288,15,0
F22Q10218655,12,1
F23Q20250753,14,0
F22Q30209078,6,1
F22Q30288020,15,0
F22Q10410792,5,1
F22Q30264836,4,1
F22Q30086995,8,1
F23Q20263863,7,1
F23Q20065978,10,1
F22Q30193337,10,1
F22Q40163251,21,0
F22Q30077446,7,1
F22Q40155377,10,1
F23Q30183538,22,0
F22Q40182726,18,0
F22Q20399775,12,1
F23Q20061000,6,1
F23Q10105843,6,1
F23Q20193452,22,0
F22Q20265120,4,1
F22Q30102816,7,1
F22Q30201643,4,1
F23Q10128025,14,0
F22Q10190285,6,1
F22Q40031532,10,1
F22Q20045738,11,1
F22Q40006726,20,0
F23Q10080407,10,1
F22Q10462641,15,0
F22Q40052908,7,1
F22Q20325905,5,1
F22Q20052123,10,1
F22Q30197129,12,1
F22Q10240988,23,0
F22Q20259681,23,0
F22Q20349554,7,1
F22Q30072507,8,1
F22Q30229196,16,0
F23Q20003384,15,0
F22Q10016661,21,0
F22Q30189992,20,0
F22Q40126978,24,0
F23Q30139887,15,0
F23Q30076524,15,0
F22Q10413738,9,1
F23Q20219056,11,1
F22Q10575349,6,1
F22Q20403173,24,0
F23Q30042359,18,0
F22Q40048144,19,0
F22Q20161936,15,0
F22Q30084958,14,0
F23Q10085064,18,0
F23Q30093132,17,0
F22Q10572195,21,0
F22Q10023595,3,1
F23Q30247895,11,1
F22Q30064857,9,1
F23Q20165852,22,0
F22Q40123791,21,0
F23Q30008675,6,1
F23Q20257319,16,0
F23Q20016671,12,1
F22Q30091034,22,0
F22Q20123759,10,1
F22Q10007749,8,1
F23Q20105316,20,0
F22Q30152261,13,0
F22Q20294207,7,1
F23Q20054287,3,1
F23Q10115787,13,0
F22Q40143927,9,1
F22Q30025261,23,0
F22Q40218896,7,1
F22Q10173571,6,1
F22Q20187323,14,0
F23Q20203933,10,1
F22Q20198001,19,0
F22Q40169272,13,0
F22Q20317531,13,0
F22Q40079290,21,0
F23Q20248703,9,1
F22Q30113363,22,0
F22Q20230966,14,0
F23Q20195158,18,0
F22Q30160183,16,0
F23Q30064102,8,1
F22Q20201972,17,0
F22Q30227499,22,0
F22Q20185068,6,1
F22Q20351728,16,0
F22Q20184631,7,1
F22Q30141605,6,1
F22Q20337102,18,0
F22Q30048905,17,0
F23Q20089278,14,0
F23Q20211258,4,1
F23Q10099884,8,1
F22Q30015489,23,0
F23Q30103027,4,1
F22Q10480011,20,0
F22Q30131314,3,1
F23Q20238119,18,0
F23Q30102654,23,0
F22Q40073058,3,1
F22Q10430371,10,1
F22Q10554940,19,0
F23Q20068995,20,0
F22Q40076663,9,1
F22Q20347125,24,0
F22Q30258877,17,0
F22Q30059065,9,1
F23Q20083838,13,0
F22Q20395550,7,1
F22Q30272180,18,0
F22Q20386471,9,1
F22Q30112756,11,1
F22Q10091902,21,0
F22Q10441410,5,1
F22Q10125676,12,1
F23Q10093836,6,1
F23Q30230463,5,1
F22Q40021240,22,0
F22Q30108485,18,0
F22Q30330100,20,0
F22Q10074494,14,0
F22Q10171824,4,1
F22Q40047822,12,1
F23Q20139138,14,0
F23Q30078329,23,0
F23Q30252340,12,1
F23Q30008444,22,0
F22Q10439002,5,1
F23Q10032505,18,0
F22Q30278289,18,0
F22Q20062280,21,0
F22Q30043994,4,1
F22Q30186509,24,0
F23Q30116671,20,0
F22Q30137034,22,0
F22Q40173053,6,1
F22Q20032686,19,0
F23Q30177773,3,1
F23Q30046408,9,1
F22Q30151338,16,0
F22Q40085364,21,0
F22Q40030852,9,1
F23Q10173643,22,0
F23Q30189567,8,1
F22Q20097369,7,1
F23Q20276122,17,0
F22Q10082926,17,0
F22Q30152837,12,1
F22Q20124245,9,1
F22Q20039371,24,0
F22Q10100708,18,0
F23Q30065693,16,0
F22Q10363968,6,1
F22Q30070101,4,1
F23Q30044366,11,1
F22Q30124088,8,1
F22Q10442655,17,0
F23Q30176351,14,0
F23Q30046815,13,0
F22Q10471549,9,1
F23Q10070811,9,1
F23Q10086174,19,0
F23Q20058287,18,0
F22Q30173840,7,1
F22Q30057414,4,1
F23Q20171727,14,0
F23Q20238156,8,1
F23Q30143924,9,1
F22Q20146495,4,1
F22Q40054672,23,0
F23Q10144378,8,1
F23Q30102623,18,0
F22Q10470221,24,0
F22Q20239805,7,1
F23Q10044354,24,0
F22Q20194540,22,0
F22Q10570993,13,0
F23Q10011090,11,1
F22Q10454656,18,0
F23Q10129011,22,0
F23Q30200142,15,0
F22Q20285505,20,0
F23Q20262423,19,0
F23Q30135185,16,0
F22Q30334161,7,1
F23Q30004025,7,1
F23Q30194913,9,1
F22Q20282870,20,0
F22Q20342072,21,0
F22Q10287924,4,1
F23Q30234553,12,1
F22Q20243686,15,0
F23Q20015057,8,1
F22Q10536128,22,0
F22Q20004682,17,0
F22Q10311111,18,0
F22Q30107185,7,1
F22Q20082963,3,1
F22Q30065408,16,0
F22Q10077003,20,0
F22Q20376087,8,1
F23Q30016606,5,1
F22Q10484593,19,0
F22Q20010607,10,1
F22Q30269059,20,0
F23Q30221067,6,1
F23Q20143665,23,0
F22Q20273396,7,1
F23Q30176020,6,1
F22Q30145826,9,1
F22Q20177332,16,0
F22Q30151555,10,1
F23Q20225866,21,0
F23Q20151722,19,0
F22Q30035797,22,0
F22Q20347781,6,1
F22Q10285038,20,0
F22Q20434982,14,0
F22Q30182558,24,0
F22Q30101019,8,1
F23Q30130360,20,0
F22Q20388017,19,0
F22Q10413337,15,0
F22Q20319207,20,0
F22Q40172783,12,1
F23Q20251496,16,0
F23Q30036763,18,0
F22Q10170446,19,0
F23Q30036990,18,0
F22Q10518383,8,1
F22Q30162616,4,1
F23Q10020901,4,1
F22Q20274197,24,0
F23Q20027309,20,0
F23Q10041008,18,0
F22Q20301737,24,0
F23Q30065075,15,0
F23Q10042187,15,0
F22Q20104525,12,1
F22Q10109063,22,0
F22Q20091402,14,0
F23Q30253516,16,0
F22Q40172842,6,1
F22Q40137060,17,0
F22Q10397089,24,0
F22Q20260111,17,0
F22Q30177984,23,0
F22Q30087889,8,1
F22Q30261826,24,0
F23Q10050356,12,1
F22Q10203607,7,1
F22Q10495736,9,1
F23Q10085802,17,0
F22Q40159776,17,0
F22Q20219765,21,0
F22Q30162514,21,0
F22Q40198102,21,0
F22Q10386961,8,1
F22Q10202922,18,0
F22Q10532976,17,0
F22Q30312660,21,0
F22Q30282522,6,1
F23Q30015459,10,1
F23Q20242862,18,0
F23Q30074053,21,0
F22Q20427371,4,1
F22Q10580701,10,1
F22Q10388538,19,0
F22Q10402855,8,1
F22Q30067661,12,1
F22Q40050378,24,0
F23Q20005299,13,0
F22Q30084899,18,0
F23Q30146049,12,1
F23Q30151066,12,1
F22Q40024389,6,1
F22Q20238509,9,1
F22Q30057411,9,1
F23Q10117488,11,1
F23Q10056256,9,1
F22Q30021920,12,1
F23Q20243023,13,0
F22Q30333733,24,0
F23Q10039534,14,0
F22Q20350174,14,0
F23Q10091680,21,0
F22Q30128404,10,1
F23Q30199279,23,0
F23Q30039984,17,0
F22Q20030623,8,1
F22Q10111433,22,0
F22Q30054904,5,1
F22Q40028272,21,0
F22Q40077425,4,1
F22Q30259891,24,0
F23Q10013328,21,0
F22Q10143269,5,1
F22Q10557795,18,0
F22Q10338397,11,1
F23Q20244386,18,0
F23Q20067311,14,0
F22Q30050344,4,1
F23Q20029668,8,1
F22Q20306634,23,0
F22Q20338121,8,1
F23Q20027685,12,1
F23Q20136508,13,0
F22Q30299774,8,1
F22Q10327386,21,0
F22Q30089286,8,1
F23Q10006915,24,0
F23Q20057158,8,1
F22Q30218713,12,1
F22Q40096850,8,1
F22Q20427334,21,0
F23Q20178365,12,1
F22Q30190998,13,0
F22Q20347852,14,0
F22Q30103502,22,0
F22Q40201044,4,1
F23Q30032563,8,1
F23Q20037992,21,0
F22Q10058613,23,0
F22Q10567133,6,1
F22Q10119361,10,1
F22Q10073136,22,0
F22Q20147870,5,1
F22Q30229284,18,0
F22Q10418150,5,1
F22Q20121271,9,1
F22Q20125861,19,0
F22Q40150033,13,0
F23Q30073125,14,0
F22Q10132581,9,1
F22Q30083940,11,1
F23Q20035495,20,0
F22Q20021231,11,1
F22Q30028968,22,0
F22Q20146493,10,1
F22Q10434246,21,0
F22Q30119960,3,1
F22Q20431586,16,0
F23Q10106089,10,1
F23Q20212222,19,0
F22Q40115359,7,1
F22Q30127329,14,0
F22Q10397450,21,0
F23Q30186530,15,0
F22Q20086470,8,1
F22Q10395104,7,1
F22Q20237084,10,1
F22Q10308702,6,1
F22Q20226779,20,0
F23Q10040013,9,1
F22Q30248352,10,1
F22Q40124332,6,1
F22Q10488118,19,0
F22Q20347475,11,1
F23Q10106253,11,1
F23Q30198346,14,0
F22Q30022659,24,0
F22Q30162877,7,1
F22Q20302542,11,1
F22Q30030339,16,0
F23Q30042464,4,1
F23Q10068849,6,1
F22Q10568180,5,1
F23Q10143926,14,0
F22Q40087479,16,0
F22Q10047038,20,0
F23Q30065249,17,0
F22Q20333638,12,1
F22Q20251978,9,1
F23Q10154853,5,1
F22Q30074950,12,1
F22Q30044980,11,1
F22Q20333153,22,0
F22Q20271745,13,0
F22Q30035310,16,0
F23Q20194898,17,0
F23Q30060279,17,0
F22Q20229008,22,0
F22Q20117918,8,1
F22Q20162903,19,0
F23Q20192854,12,1
F22Q30256623,12,1
F22Q30332984,14,0
F23Q30039981,21,0
F22Q40176736,11,1
F22Q20021468,10,1
F23Q20050404,17,0
F23Q20260987,7,1
F22Q30053964,10,1
F22Q30052415,6,1
F22Q30244719,21,0
F23Q20049203,5,1
F22Q10028255,4,1
F23Q20053054,17,0
F23Q10034929,9,1
F22Q20114914,7,1
F22Q20307203,3,1
F22Q20355202,12,1
F22Q30232526,7,1
F22Q20181904,17,0
F23Q20242897,22,0
F23Q30059448,23,0
F23Q10130001,22,0
F22Q10422081,15,0
F22Q30186467,9,1
F23Q20046789,3,1
F23Q30036432,11,1
F23Q10074888,7,1
F23Q20157577,22,0
F23Q30197619,14,0
F23Q10173051,4,1
F22Q10042026,8,1
F22Q10489410,15,0
F22Q10478119,14,0
F22Q10047863,3,1
F22Q10397398,12,1
F22Q30302438,19,0
F23Q20176294,7,1
F22Q30063415,6,1
F22Q20019548,17,0
F23Q20037760,6,1
F23Q20108513,24,0
F22Q10351213,19,0
F22Q10533171,8,1
F23Q30099538,9,1
F22Q20136780,24,0
F23Q20054105,22,0
F22Q40038235,18,0
F22Q30233186,6,1
F22Q40171366,7,1
F23Q20153085,5,1
F23Q20219901,17,0
F23Q30213040,5,1
F22Q10579573,22,0
F23Q10036228,21,0
F22Q10428123,17,0
F22Q20236433,3,1
F23Q20183284,10,1
F23Q30047687,3,1
F22Q20022610,13,0
F22Q30103356,6,1
F22Q20293917,4,1
F23Q30019450,10,1
F22Q10416199,12,1
F22Q10426807,15,0
F22Q40159935,9,1
F22Q10238164,5,1
F22Q40031914,20,0
F23Q10089250,17,0
F23Q20083331,24,0
F22Q20072745,7,1
F23Q30030177,17,0
F23Q30103981,11,1
F23Q20131813,14,0
F23Q10110434,23,0
F22Q20231961,8,1
F22Q40048837,19,0
F23Q10174720,24,0
F22Q10366206,4,1
F23Q30167894,12,1
F23Q10037401,17,0
F23Q30083730,16,0
F22Q30161642,8,1
F22Q30106266,7,1
F23Q10157317,16,0
F22Q20056864,9,1
F22Q30193541,21,0
F23Q30136053,6,1
F22Q10372515,16,0
F23Q20248036,11,1
F22Q10138937,18,0
F22Q10478243,17,0
F22Q30039910,6,1
F23Q10128235,21,0
F23Q10064849,22,0
F23Q30164720,14,0
F22Q30160489,23,0
F22Q30173439,19,0
F23Q10002211,11,1
F23Q30062677,16,0
F23Q10021831,19,0
F22Q40062346,8,1
F23Q10003927,10,1
F22Q30243970,20,0
F22Q10084454,11,1
F23Q10079705,24,0
F22Q10266724,15,0
F23Q30240277,23,0
F22Q30137663,7,1
F22Q20399597,17,0
F22Q20369833,20,0
F23Q30034710,11,1
F23Q30061426,14,0
F22Q40043648,21,0
F22Q20155872,5,1
F22Q30133522,19,0
F22Q10466705,20,0
F22Q10558563,15,0
F22Q10207794,6,1
F23Q20036752,19,0
F22Q20205023,8,1
F22Q40097591,24,0
F22Q20033973,9,1
F22Q40168016,11,1
F22Q20281199,3,1
F22Q30059474,3,1
F23Q10049860,23,0
F23Q30054927,19,0
F22Q20170109,11,1
F22Q30234779,24,0
F22Q30322780,4,1
F23Q20094733,13,0
F23Q20175957,11,1
F23Q10090618,15,0
F22Q30150650,17,0
F22Q20034120,23,0
F23Q10120792,21,0
F23Q20260906,23,0
F22Q30069484,7,1
F23Q30096695,5,1
F23Q20271967,11,1
F23Q20082655,19,0
F22Q30064408,21,0
F23Q30175092,21,0
F23Q30152637,13,0
F22Q10151494,16,0
F22Q20114483,3,1
F23Q20063413,23,0
F23Q20265375,12,1
F22Q40036564,21,0
F22Q10146426,9,1
F22Q10512021,24,0
F22Q30278161,13,0
F22Q40071438,24,0
F22Q20196378,23,0
F22Q30015035,20,0
F22Q30059286,9,1
F22Q40055661,24,0
F23Q30259485,20,0
F22Q30100020,12,1
F22Q20168940,22,0
F22Q20057219,15,0
F22Q30252588,8,1
F23Q20253317,23,0
F22Q40069550,24,0
F23Q10146815,21,0
F22Q20045426,22,0
F23Q20043151,12,1
F23Q10131432,10,1
F22Q30206471,23,0
F22Q30105238,11,1
F22Q10125287,21,0
F22Q40165277,7,1
F22Q20001082,11,1
F22Q20095407,22,0
F23Q30033892,11,1
F22Q10191019,9,1
F23Q10120150,8,1
F23Q10157395,19,0
F22Q20013466,6,1
F22Q10320165,24,0
F23Q30006539,14,0
F22Q20065103,20,0
F22Q20404275,8,1
F23Q30195795,17,0
F22Q10425889,13,0
F23Q10087779,13,0
F22Q20209276,7,1
F22Q20038387,4,1
F23Q10126704,22,0
F23Q20234629,14,0
F22Q20226433,17,0
F22Q30103841,11,1
F22Q10332345,20,0
F22Q40174201,10,1
F23Q10027956,19,0
F22Q30224849,20,0
F22Q40085478,15,0
F23Q20198377,13,0
F22Q30120646,17,0
F23Q20189486,14,0
F22Q40002461,12,1
F22Q20047901,14,0
F22Q10028393,12,1
F22Q10260433,8,1
F22Q30244456,12,1
F22Q20354511,11,1
F22Q10393398,8,1
F22Q40185991,23,0
F23Q20155976,5,1
F22Q40202517,22,0
F22Q10216269,16,0
F22Q20046637,3,1
F22Q10160078,6,1
F22Q10238358,20,0
F22Q40171739,9,1
F23Q30025766,13,0
F22Q30051092,6,1
F22Q10392962,3,1
F23Q20012301,11,1
F22Q30020708,5,1
F22Q30128700,6,1
F22Q20197996,16,0
F22Q20110029,3,1
F22Q10109749,22,0
F23Q30109821,15,0
F22Q20080527,14,0
F23Q20097554,19,0
F23Q10159631,18,0
F22Q10088997,6,1
F22Q30073155,12,1
F22Q20026962,13,0
F22Q20038440,14,0
F23Q20139441,18,0
F22Q10518315,10,1
F22Q30284103,20,0
F22Q20302086,5,1
F22Q30025706,10,1
F22Q20011935,11,1
F22Q10403408,19,0
F22Q20136454,20,0
F22Q20175538,8,1
F23Q10092053,10,1
F22Q10367647,20,0
F22Q40155580,19,0
F22Q30067938,21,0
F22Q10416192,18,0
F22Q20190246,12,1
F23Q20251564,16,0
F22Q40335041,4,1
F23Q20036608,18,0
F23Q30154670,24,0
F23Q20036971,9,1
F23Q20104692,5,1
F22Q30317494,22,0
F23Q30014823,24,0
F22Q30169876,4,1
F22Q40109789,6,1
F22Q30239645,17,0
F23Q30019333,21,0
F22Q20042408,15,0
F22Q20167500,23,0
F22Q40090612,23,0
F22Q40058341,14,0
F22Q10112940,14,0
F23Q10041460,12,1
F22Q40125441,11,1
F23Q10124217,3,1
F23Q20096301,24,0
F22Q10212477,11,1
F22Q10120841,20,0
F22Q20176240,15,0
F22Q20282829,16,0
F22Q20335935,19,0
F22Q10225753,10,1
F23Q30140335,9,1
F23Q20045666,22,0
F22Q10058541,14,0
F22Q10181769,13,0
F22Q20220576,7,1
F22Q30302657,14,0
F22Q30283626,10,1
F22Q20167898,10,1
F22Q40052311,19,0
F23Q30151297,14,0
F22Q40110986,8,1
F22Q40186709,22,0
F23Q10036462,19,0
F23Q30059734,3,1
F23Q20106214,8,1
F22Q30128047,12,1
F23Q20019144,15,0
F23Q20136104,13,0
F22Q10112022,5,1
F22Q10166497,8,1
F22Q20226207,9,1
F22Q20352974,23,0
F23Q30063100,15,0
F22Q10571945,11,1
F22Q40048670,4,1
F23Q30183189,17,0
F23Q20004876,13,0
F22Q20060127,4,1
F22Q10325438,11,1
F23Q20225423,17,0
F22Q30300004,4,1
F22Q10135523,22,0
F22Q30322607,22,0
F23Q30261684,11,1
F22Q20094763,9,1
F22Q20242201,12,1
F23Q30104784,24,0
F22Q20372122,21,0
F22Q20356872,23,0
F22Q20393946,22,0
F22Q40122862,23,0
F22Q40201392,22,0
F22Q10503123,9,1
F23Q20119455,17,0
F22Q40062113,18,0
F22Q20054810,8,1
F22Q10379022,13,0
F22Q30035520,12,1
F22Q40084402,14,0
F23Q30088726,17,0
F23Q30177017,9,1
F22Q30209473,12,1
F22Q40108943,23,0
F23Q20256705,7,1
F22Q10374255,20,0
F22Q40109489,23,0
F22Q20041458,18,0
F22Q40129012,11,1
F22Q40132728,11,1
F22Q20261336,4,1
F23Q10113214,20,0
F22Q30217206,23,0
F22Q30135872,4,1
F22Q10032947,15,0
F22Q30005556,8,1
F22Q10169972,17,0
F22Q20326324,7,1
F22Q30206293,14,0
F23Q30081324,16,0
F23Q30058573,15,0
F22Q10165179,12,1
F22Q20084004,9,1
F22Q10226380,24,0
F22Q10561344,6,1
F22Q40094916,10,1
F23Q20033141,8,1
F22Q40118597,6,1
F23Q20084357,16,0
F23Q20115543,6,1
F23Q20268502,15,0
F22Q20285545,3,1
F23Q20061944,15,0
F22Q40050421,19,0
F22Q20430606,8,1
F22Q30083315,24,0
F23Q30104897,6,1
F23Q30194471,19,0
F23Q30110244,16,0
F22Q40114941,12,1
F22Q10498393,9,1
F22Q40031693,7,1
F23Q30069619,7,1
F22Q20004827,7,1
F22Q10027518,17,0
F22Q30042434,3,1
F22Q30157633,6,1
F22Q30015725,11,1
F22Q10444961,7,1
F23Q10080475,17,0
F22Q20262409,17,0
F23Q30087511,11,1
F22Q20170424,3,1
F22Q10520288,21,0
F22Q30252005,15,0
F23Q20259409,22,0
F23Q20048739,17,0
F23Q20230209,7,1
F23Q20153420,24,0
F22Q30108757,5,1
F23Q20198283,18,0
F23Q10071478,14,0
F22Q30106507,14,0
F23Q10002250,23,0
F23Q10182353,14,0
F23Q20195336,12,1
F22Q20296624,13,0
F23Q30242435,18,0
F23Q10050309,9,1
F23Q20219223,24,0
F22Q10262772,8,1
F22Q20164471,5,1
F22Q10185268,24,0
F22Q40089726,11,1
F22Q10372985,15,0
F23Q20109739,23,0
F22Q20235559,18,0
F22Q30161669,15,0
F22Q30272338,5,1
F22Q40193328,20,0
F22Q20265087,6,1
F23Q10060628,23,0
F22Q10201153,21,0
F23Q10008550,16,0
F22Q20156044,4,1
F22Q40220333,9,1
F22Q30106504,11,1
F22Q30047289,7,1
F22Q30333002,21,0
F22Q20010740,18,0
F22Q30092574,3,1
F22Q30105665,17,0
F22Q10188990,12,1
F22Q10019887,22,0
F23Q30030469,24,0
F23Q30096231,23,0
F22Q30090333,19,0
F23Q20186308,13,0
F22Q30209088,24,0
F23Q20153211,13,0
F22Q10368106,8,1
F22Q20067960,18,0
F22Q40125350,14,0
F23Q20192843,13,0
F22Q40023171,21,0
F22Q40189362,12,1
F23Q10120849,17,0
F23Q10126401,13,0
F22Q30302382,15,0
F22Q40044060,6,1
F22Q40167334,21,0
F22Q10178727,24,0
F22Q30102221,8,1
F23Q30183213,24,0
F23Q20116064,22,0
F22Q30261094,22,0
F22Q40025808,24,0
F23Q30114212,15,0
F23Q10027144,3,1
F23Q30031096,24,0
F22Q20323047,12,1
F22Q40126695,23,0
F22Q20104313,16,0
F22Q40071989,16,0
F23Q20266752,4,1
F22Q10311242,8,1
F22Q20020904,8,1
F23Q30072025,23,0
F22Q10104018,7,1
F22Q20218417,21,0
F22Q30192878,23,0
F22Q30025193,5,1
F22Q10456888,24,0
F23Q20010751,21,0
F23Q10169700,6,1
F23Q30112925,23,0
F23Q20248016,6,1
F23Q30247114,15,0
F22Q20182595,14,0
F22Q20414742,16,0
F22Q30238527,21,0
F23Q10009247,11,1
F23Q20059045,18,0
F22Q20285631,9,1
F22Q20380359,5,1
F23Q30031871,17,0
F22Q10256864,11,1
F22Q30223170,15,0
F22Q20087922,16,0
F22Q10046027,23,0
F23Q20096305,15,0
F23Q20208999,13,0
F22Q40141727,22,0
F22Q10335443,3,1
F22Q10547515,13,0
F22Q20330488,19,0
F22Q40060410,4,1
F22Q10530630,13,0
F22Q40030508,18,0
F23Q10151670,15,0
F23Q10138931,24,0
F22Q10360871,9,1
F22Q30126428,5,1
F22Q40083002,13,0
F22Q10548919,10,1
F22Q10243194,19,0
F22Q10376078,19,0
F22Q30252274,18,0
F22Q10370912,24,0
F22Q30320272,21,0
F22Q10093459,5,1
F22Q20285498,7,1
F23Q20252439,15,0
F22Q20145775,21,0
F23Q30209590,14,0
F23Q20030071,16,0
F22Q10368365,19,0
F23Q10173959,9,1
F22Q20130009,12,1
F23Q10112427,20,0
F22Q20298295,22,0
F23Q30197671,18,0
F22Q30043819,5,1
F22Q30256953,8,1
F22Q10189842,16,0
F23Q20164450,11,1
F23Q20032462,13,0
F23Q10167574,15,0
F22Q10393639,3,1
F23Q30254308,21,0
F22Q10454496,16,0
F23Q30049022,20,0
F22Q20096073,23,0
F22Q10294699,24,0
F23Q30089302,18,0
F22Q30291589,7,1
F23Q30097519,19,0
F22Q20140493,9,1
F22Q20290365,19,0
F22Q40044797,16,0
F22Q30028888,16,0
F23Q30022605,6,1
F22Q10508021,9,1
F22Q20256518,21,0
F22Q30080033,24,0
F22Q30313182,17,0
F23Q20037314,8,1
F22Q30163879,22,0
F23Q30062022,7,1
F22Q20320704,4,1
F23Q10169222,21,0
F22Q40115442,24,0
F22Q10218819,7,1
F22Q10162471,5,1
F22Q30226308,11,1
F22Q10067472,16,0
F22Q20395318,5,1
F22Q30335441,11,1
F23Q10152285,11,1
F23Q30068850,24,0
F23Q20072358,22,0
F22Q10357295,20,0
F22Q20314351,8,1
F22Q20041575,6,1
F22Q10013551,22,0
F23Q30193694,14,0
F23Q10096052,5,1
F22Q10039856,23,0
F22Q10491169,15,0
F22Q30111573,6,1
F23Q30082067,13,0
F22Q30186314,23,0
F22Q20199430,6,1
F22Q40029037,15,0
F23Q10091243,23,0
F22Q40137879,8,1
F22Q30312349,20,0
F23Q30204903,12,1
F22Q40042748,5,1
F23Q20253908,24,0
F22Q30082690,3,1
F22Q10373002,19,0
F22Q30163548,23,0
F22Q30213534,14,0
F22Q20402258,17,0
F23Q30144909,22,0
F22Q40057805,7,1
F23Q20126730,7,1
F23Q10094669,9,1
F23Q10126054,3,1
F23Q30176048,16,0
F22Q10303374,24,0
F22Q30311324,6,1
F22Q30178970,12,1
F23Q20154016,5,1
F22Q20070085,5,1
F23Q30038615,17,0
F23Q30031754,7,1
F23Q30162266,14,0
F22Q10241828,7,1
F23Q10159473,23,0
F23Q30087687,5,1
F23Q10046550,22,0
F22Q40194177,12,1
F23Q20185705,18,0
F23Q30089066,7,1
F22Q40085014,10,1
F23Q20071951,6,1
F23Q20022717,9,1
F23Q30220463,9,1
F22Q10308326,14,0
F22Q40019710,5,1
F23Q30251496,21,0
F22Q10327152,16,0
F22Q10447228,21,0
F23Q10024161,18,0
F23Q30111326,14,0
F22Q30066033,5,1
F22Q30242152,15,0
F22Q30202108,5,1
F23Q30180232,11,1
F22Q10170506,14,0
F22Q40176836,6,1
F22Q10338405,8,1
F22Q30166424,24,0
F22Q20130509,21,0
F22Q10073559,18,0
F22Q10094135,16,0
F22Q10366690,16,0
F22Q20382121,8,1
F22Q30101104,14,0
F23Q30158380,15,0
F22Q30289191,23,0
F22Q10264031,13,0
F23Q20239773,8,1
F22Q30294239,11,1
F23Q20106657,11,1
F22Q30035798,10,1
F22Q10367232,4,1
F22Q40145067,10,1
F22Q40130190,24,0
F22Q30150520,9,1
F23Q20050060,23,0
F23Q10095410,23,0
F22Q20145309,12,1
F22Q40199532,16,0
F23Q30015954,9,1
F23Q30261709,18,0
F22Q30250448,21,0
F22Q20308951,10,1
F23Q20256073,23,0
F22Q40121806,12,1
F22Q10027266,20,0
F22Q10214919,19,0
F22Q20279466,12,1
F22Q30093649,12,1
F22Q30058606,14,0
F23Q20264696,18,0
F22Q20047689,5,1
F22Q30164535,22,0
F23Q10174051,16,0
F22Q30220943,4,1
F23Q10006932,18,0
F22Q30145007,8,1
F22Q10517909,6,1
F23Q10018258,24,0
F23Q10142792,6,1
F22Q30145505,3,1
F22Q20349540,15,0
F22Q10251246,8,1
F23Q10070321,11,1
F23Q30182720,13,0
F22Q30056415,15,0
F22Q20340885,20,0
F22Q30131522,12,1
F23Q10087026,21,0
F22Q40157212,7,1
F22Q10042877,12,1
F22Q20120444,15,0
F23Q30251550,11,1
F22Q10447934,17,0
F23Q30007032,11,1
F22Q20333335,6,1
F22Q20295172,3,1
F22Q10129753,15,0
F23Q30188442,15,0
F22Q30079730,24,0
F23Q10090584,14,0
F22Q10341123,19,0
F23Q20023924,10,1
F22Q10171663,24,0
F23Q10029629,16,0
F22Q20107695,4,1
F22Q10153892,16,0
F22Q10499936,4,1
F23Q30219641,13,0
F23Q10067796,7,1
F23Q30224757,17,0
F23Q20006692,19,0
F22Q40083730,19,0
F23Q10034091,23,0
F22Q30264199,23,0
F22Q40038081,14,0
F22Q10279235,20,0
F22Q10483207,22,0
F22Q20018916,15,0
F22Q20354425,9,1
F22Q10430193,21,0
F22Q40096254,9,1
F22Q30322550,6,1
F23Q10125392,11,1
F22Q10472438,9,1
F23Q20255340,20,0
F22Q40094949,9,1
F23Q10181912,11,1
F23Q20268057,15,0
F23Q20072941,15,0
F23Q10103585,24,0
F23Q20258268,5,1
F22Q40172898,13,0
F23Q20059365,18,0
F22Q20109078,13,0
F22Q30238762,15,0
F22Q30196759,13,0
F22Q10141955,21,0
F23Q20005068,12,1
F22Q30169197,10,1
F22Q30036524,22,0
F22Q20288806,4,1
F23Q10115933,22,0
F22Q20274242,14,0
F22Q10059286,23,0
F22Q40063796,13,0
F22Q10352911,18,0
F22Q20269914,7,1
F23Q10103820,8,1
F22Q30155712,21,0
F22Q20009632,23,0
F23Q30039962,13,0
F22Q40032435,4,1
F23Q30060834,21,0
F23Q20178417,6,1
F22Q40139455,12,1
F22Q20166758,6,1
F22Q30231089,21,0
F22Q20384221,6,1
F22Q30321691,3,1
F22Q30068427,24,0
F23Q20020620,17,0
F23Q30118250,12,1
F22Q10032945,4,1
F22Q30049779,5,1
F22Q10043465,13,0
F23Q10023251,19,0
F22Q10199912,7,1
F22Q40011255,10,1
F22Q20382638,14,0
F23Q10009687,6,1
F22Q10132582,7,1
F22Q20204318,17,0
F22Q40164655,17,0
F22Q20275499,21,0
F22Q20045162,10,1
F22Q30284559,18,0
F22Q10231795,22,0
F23Q10031232,14,0
F22Q10230355,6,1
F23Q30189110,23,0
F22Q30116560,14,0
F22Q20286435,10,1
F22Q10473445,3,1
F22Q40002703,15,0
F22Q10480834,13,0
F23Q30092967,9,1
F22Q40069642,6,1
F23Q10081049,21,0
F23Q30262446,11,1
F23Q10093162,22,0
F22Q20266152,4,1
F22Q30227462,11,1
F22Q40091304,18,0
F23Q30016299,4,1
F22Q20066858,10,1
F22Q10577434,17,0
F23Q30152812,6,1
F22Q20141895,22,0
F22Q30014968,16,0
F23Q30088740,18,0
F22Q20133715,24,0
F23Q20085727,11,1
F23Q10019876,16,0
F22Q10467841,13,0
F22Q20125088,16,0
F23Q20267510,20,0
F22Q30316677,15,0
F22Q20290272,18,0
F22Q30078942,16,0
F22Q20166942,12,1
F23Q20018422,7,1
F22Q20014366,23,0
F23Q10129733,15,0
F22Q20089893,3,1
F22Q30232897,14,0
F22Q30148583,4,1
F22Q10263063,12,1
F22Q30222304,16,0
F23Q20079702,17,0
F23Q30125546,21,0
F22Q30280111,4,1
F23Q20266733,13,0
F23Q20064072,19,0
F22Q30267331,17,0
F22Q10176419,13,0
F22Q10112978,6,1
F22Q20303473,19,0
F22Q40208304,8,1
F23Q30150548,18,0
F22Q10448737,12,1
F23Q30244104,11,1
F22Q20369671,12,1
F22Q10202185,11,1
F22Q10477128,8,1
F22Q40190089,11,1
F23Q20204642,16,0
F22Q30165053,19,0
F22Q40188736,23,0
F22Q10529978,20,0
F23Q30212183,20,0
F22Q30077796,17,0
F23Q30178303,19,0
F23Q10009151,11,1
F22Q20437175,16,0
F23Q10110395,4,1
F22Q20328640,18,0
F22Q30265560,18,0
F22Q20069738,16,0
F23Q20147888,23,0
F22Q30065517,22,0
F22Q20304436,24,0
F22Q30259888,23,0
F22Q10080351,3,1
F22Q20070124,20,0
F22Q20021955,9,1
F23Q20050214,16,0
F22Q10062214,13,0
F23Q20232053,11,1
F23Q20197549,16,0
F23Q30015763,19,0
F22Q30047403,20,0
F22Q10377623,17,0
F23Q30074507,22,0
F22Q10351187,12,1
F22Q20144760,11,1
F23Q30262258,7,1
F22Q30159366,22,0
F22Q20361964,15,0
F22Q40020089,11,1
F22Q10383904,11,1
F22Q30054670,23,0
F23Q30114534,21,0
F23Q20274334,23,0
F22Q10509888,9,1
F22Q20287819,3,1
F22Q40177781,13,0
F23Q20144707,18,0
F22Q20180291,21,0
F22Q40128298,22,0
F22Q10473799,11,1
F22Q30190362,22,0
F22Q20303598,18,0
F22Q20253879,8,1
F22Q20274510,21,0
F22Q10058038,18,0
F22Q30065327,23,0
F23Q10106633,19,0
F23Q30149817,21,0
F22Q30001311,14,0
F22Q10510928,14,0
F22Q40012376,21,0
F22Q40065588,20,0
F22Q30323485,12,1
F22Q20278952,16,0
F22Q40079563,3,1
F22Q20253758,10,1
F22Q10271329,11,1
F22Q30336202,8,1
F23Q10118333,14,0
F23Q10049561,15,0
F22Q20272041,8,1
F23Q30214280,8,1
F22Q10264643,23,0
F22Q10295718,12,1
F22Q20165979,10,1
F22Q10502299,14,0
F23Q20149023,15,0
F22Q30190816,19,0
F22Q30220878,23,0
F22Q40059665,4,1
F23Q20190746,20,0
F22Q20102338,7,1
F22Q20150624,23,0
F22Q40142517,14,0
F23Q20269619,16,0
F22Q10370266,12,1
F22Q20064514,22,0
F23Q30135212,24,0
F22Q40158753,9,1
F22Q40088905,6,1
F23Q30093017,16,0
F22Q30049283,18,0
F22Q30085846,7,1
F22Q40150980,16,0
F22Q40068082,8,1
F23Q20046605,14,0
F22Q10082555,7,1
F23Q20049081,7,1
F22Q20379656,12,1
F22Q30250698,20,0
F22Q20203049,16,0
F23Q30253539,9,1
F22Q30128825,22,0
F23Q20108906,14,0
F22Q10041422,18,0
F22Q40009904,8,1
F23Q30074136,8,1
F22Q10506970,14,0
F22Q20396485,21,0
F22Q20161642,21,0
F23Q10161099,11,1
F22Q20140511,11,1
F22Q20283979,12,1
F23Q30045969,20,0
F23Q30183123,20,0
F22Q40119831,24,0
F22Q40025022,14,0
F22Q10033860,18,0
F22Q30058985,19,0
F22Q20184424,24,0
F23Q10010669,16,0
F22Q30095005,17,0
F23Q30110838,15,0
F22Q20240791,24,0
F22Q20043049,11,1
F22Q30115383,15,0
F22Q30138806,16,0
F23Q20229890,21,0
F23Q30255318,23,0
F22Q10581148,21,0
F23Q10046344,17,0
F22Q10354103,20,0
F22Q40104900,12,1
F22Q20011712,16,0
F22Q10148552,9,1
F22Q10406607,16,0
F22Q40192902,18,0
F23Q30107962,12,1
F23Q30205067,18,0
F23Q10080675,9,1
F23Q30105628,6,1
F22Q10178571,9,1
F22Q10037668,6,1
F22Q10516602,19,0
F22Q20286955,19,0
F22Q20412375,4,1
F23Q20033311,20,0
F22Q40079995,20,0
F22Q20040026,7,1
F22Q10443119,14,0
F23Q20005676,21,0
F23Q20044008,7,1
F22Q10442736,11,1
F23Q30008286,20,0
F22Q10389525,22,0
F22Q10080605,6,1
F22Q10370453,3,1
F22Q20283060,21,0
F22Q10403944,20,0
F23Q30174605,14,0
F22Q20169568,9,1
F22Q10550768,15,0
F22Q10185657,16,0
F23Q20002995,16,0
F22Q40113708,16,0
F22Q20332598,10,1
F22Q10182531,14,0
F22Q10183809,5,1
F22Q10420028,7,1
F23Q10062773,18,0
F23Q20236416,10,1
F23Q30261253,21,0
F22Q40205016,22,0
F22Q20340797,19,0
F22Q40027454,22,0
F22Q20308684,24,0
F22Q20396713,5,1
F23Q20057268,11,1
F23Q20146577,8,1
F22Q10455034,22,0
F23Q10073310,19,0
F22Q20280318,22,0
F23Q20210344,6,1
F23Q30196519,8,1
F22Q40178622,11,1
F22Q20330448,12,1
F23Q20247553,16,0
F23Q20050238,11,1
F22Q10477541,23,0
F22Q20336442,14,0
F23Q20208755,22,0
F23Q30025894,19,0
F22Q30230507,13,0
F22Q10244039,12,1
F22Q30265489,14,0
F22Q10578124,7,1
F22Q10308567,22,0
F22Q40060365,16,0
F22Q30096179,9,1
F23Q20058643,9,1
F23Q30093571,23,0
F22Q10113929,18,0
F22Q30268173,20,0
F23Q30183869,21,0
F23Q30195032,6,1
F22Q20055154,8,1
F22Q10074728,13,0
F22Q20121321,16,0
F23Q20043727,7,1
F22Q20232134,19,0
F22Q20243495,24,0
F23Q10087285,7,1
F22Q10458287,17,0
F22Q10134401,19,0
F22Q20118095,20,0
F22Q20125847,12,1
F22Q20314674,20,0
F23Q30034938,16,0
F22Q30194965,5,1
F22Q40179326,3,1
F22Q20074580,12,1
F22Q10230840,11,1
F22Q30091882,16,0
F23Q30172468,15,0
F22Q20288808,10,1
F23Q30089344,3,1
F22Q20227263,17,0
F23Q20156668,16,0
F22Q10240864,19,0
F22Q20264950,23,0
F23Q20104267,19,0
F23Q20127507,9,1
F23Q10130384,22,0
F22Q20095068,5,1
F23Q20165158,7,1
F22Q10239803,14,0
F22Q20392256,20,0
F23Q20166016,20,0
F23Q30032247,8,1
F23Q20037800,21,0
F22Q20326739,13,0
F23Q10067393,19,0
F23Q30036591,17,0
F22Q10345408,21,0
F22Q20427912,7,1
F22Q20016153,5,1
F23Q30070877,3,1
F22Q30276024,9,1
F23Q30003332,7,1
F22Q30130470,15,0
F23Q30149923,20,0
F22Q30040353,23,0
F22Q10539135,3,1
F22Q20354863,9,1
F22Q30023362,7,1
F22Q10021734,20,0
F22Q20308586,11,1
F22Q10462495,10,1
F22Q10441159,8,1
F22Q10467466,8,1
F22Q40111072,11,1
F22Q20240187,13,0
F22Q40147691,18,0
F22Q20305979,8,1
F22Q20195856,16,0
F22Q20072402,24,0
F23Q20097338,20,0
F23Q20009579,8,1
F22Q30084136,4,1
F22Q20013971,15,0
F22Q30013517,22,0
F23Q20136305,17,0
F23Q30170383,21,0
F22Q20018447,19,0
F23Q20102503,15,0
F22Q10064989,10,1
F23Q20081822,24,0
F22Q20013186,14,0
F22Q10479739,8,1
F22Q40200096,20,0
F22Q10022446,12,1
F23Q20036292,20,0
F23Q30138286,20,0
F23Q30258371,9,1
F22Q30139740,16,0
F23Q30234299,6,1
F22Q30264053,16,0
F22Q20015725,6,1
F23Q20054557,18,0
F22Q40165052,8,1
F23Q20074011,22,0
F23Q10097201,23,0
F23Q30131117,24,0
F23Q30239685,23,0
F23Q30227366,20,0
F22Q40127104,10,1
F23Q20147040,21,0
F23Q10092101,18,0
F22Q20263822,15,0
F23Q20071185,6,1
F22Q10529033,4,1
F22Q40004424,23,0
F23Q20060639,13,0
F22Q20159679,20,0
F22Q30010012,23,0
F22Q40140331,10,1
F22Q10562969,12,1
F23Q10114145,19,0
F22Q10520720,15,0
F22Q20232340,19,0
F22Q30143346,24,0
F22Q40083029,18,0
F23Q30063814,21,0
F23Q20154726,12,1
F23Q10180939,12,1
F22Q10057079,12,1
F22Q10510177,19,0
F23Q10090600,12,1
F22Q30243257,10,1
F22Q20225488,4,1
F22Q40027678,20,0
F23Q30049219,15,0
F22Q30333735,8,1
F22Q30022163,11,1
F22Q20299318,18,0
F22Q30287010,21,0
F22Q10368436,7,1
F22Q30168128,16,0
F22Q40187625,21,0
F22Q20396488,15,0
F22Q10166120,7,1
F23Q30131131,21,0
F22Q10438706,15,0
F22Q20403321,20,0
F22Q30125179,13,0
F22Q30080397,13,0
F22Q30164493,4,1
F23Q20047561,12,1
F22Q10539485,17,0
F22Q30231801,14,0
F22Q10039526,20,0
F23Q30167902,8,1
F22Q10549332,10,1
F22Q10563982,18,0
F22Q10113959,20,0
F22Q10340446,22,0
F22Q10007678,3,1
F22Q10178937,12,1
F22Q30094025,22,0
F22Q10144052,16,0
F22Q20253286,3,1
F22Q40010948,19,0
F22Q30244494,11,1
F22Q30093693,8,1
F22Q30225500,13,0
F23Q30072410,20,0
F22Q30074742,9,1
F23Q30074034,9,1
F22Q10079992,5,1
F22Q40137247,15,0
F22Q10157838,16,0
F22Q20274946,9,1
F23Q10162517,22,0
F23Q20126643,11,1
F22Q30214839,20,0
F23Q30077789,19,0
F22Q10139501,22,0
F23Q30208696,14,0
F23Q30107299,24,0
F23Q10039501,21,0
F22Q10135776,20,0
F22Q10572077,13,0
F23Q20238006,16,0
F22Q20199851,14,0
F22Q40189731,24,0
F22Q30056339,10,1
F22Q20034185,13,0
F22Q30039634,18,0
F22Q40075803,16,0
F23Q20215774,12,1
F23Q20246793,5,1
F23Q30060002,14,0
F23Q30136900,8,1
F23Q30259460,21,0
F22Q20247883,10,1
F23Q20223008,15,0
F22Q30125596,5,1
F22Q40176484,18,0
F22Q10300965,8,1
F23Q30177090,20,0
F23Q20235321,21,0
F22Q20416163,21,0
F23Q20227529,22,0
F22Q10380161,23,0
F23Q20256091,13,0
F22Q30069890,24,0
F23Q30133357,6,1
F23Q20032020,10,1
F22Q20269876,3,1
F22Q10188686,6,1
F23Q10084516,13,0
F22Q30179460,23,0
F22Q20244852,6,1
F22Q20363177,6,1
F22Q20158164,17,0
F22Q20006602,16,0
F22Q30171993,22,0
F22Q10368635,6,1
F22Q30259594,17,0
F22Q30316523,20,0
F22Q10530103,12,1
F22Q40210454,5,1
F22Q30066624,22,0
F23Q20186890,12,1
F22Q30248202,14,0
F22Q20424966,8,1
F22Q10529075,11,1
F22Q40041617,20,0
F22Q10506438,13,0
F22Q40105310,9,1
F23Q10018334,10,1
F22Q30059971,5,1
F23Q20252600,12,1
F22Q10275281,15,0
F22Q30086333,9,1
F22Q30149138,7,1
F22Q40117253,17,0
F22Q20223116,23,0
F23Q20015269,22,0
F22Q30010735,21,0
F23Q30158945,16,0
F22Q10068288,11,1
F22Q30241019,21,0
F22Q40116135,9,1
F22Q30073342,24,0
F23Q20181274,15,0
F22Q30055338,23,0
F22Q20163516,9,1
F23Q30048525,24,0
F23Q20169658,4,1
F22Q20431739,20,0
F22Q30053890,9,1
F22Q30158205,11,1
F22Q30298045,14,0
F22Q40202263,7,1
F23Q20133792,10,1
F22Q30272967,22,0
F23Q30078571,17,0
F22Q30217982,16,0
F23Q30068294,20,0
F22Q20410680,14,0
F23Q20027738,22,0
F22Q20045192,3,1
F22Q30086246,17,0
F22Q10066821,16,0
F22Q20412631,24,0
F23Q10040817,12,1
F23Q30107511,20,0
F23Q10100918,22,0
F23Q10158935,20,0
F22Q20237127,11,1
F23Q10059391,13,0
F22Q40060573,18,0
F22Q10582299,19,0
F22Q20281637,9,1
F22Q40030935,10,1
F22Q10465763,14,0
F22Q10492339,8,1
F22Q20061669,7,1
F23Q20242825,12,1
F22Q10380160,5,1
F22Q20002996,20,0
F22Q10466785,24,0
F23Q30159221,15,0
F23Q20111111,9,1
F23Q20206429,18,0
F22Q20373539,18,0
F22Q30180116,24,0
F22Q20271449,19,0
F22Q30294519,11,1
F22Q30137142,16,0
F22Q30182155,16,0
F22Q40144454,10,1
F23Q10098262,17,0
F22Q40165040,13,0
F22Q20407176,18,0
F22Q10461599,19,0
F23Q10037615,7,1
F22Q30115986,7,1
F22Q40056127,22,0
F23Q30227101,24,0
F22Q30275770,16,0
F23Q20183616,12,1
F23Q20105300,8,1
F22Q40134894,24,0
F23Q10183060,21,0
F22Q10035334,10,1
F22Q20277113,9,1
F22Q20133330,8,1
F23Q10047525,23,0
F23Q10138794,20,0
F22Q10265105,9,1
F22Q30152520,16,0
F22Q30261162,12,1
F23Q10050102,8,1
F22Q20090366,17,0
F22Q20318513,16,0
F22Q30187926,13,0
F22Q40199367,17,0
F22Q10241322,23,0
F22Q10337408,20,0
F22Q10067458,4,1
F23Q30216691,6,1
F22Q20356534,17,0
F23Q10139051,7,1
F22Q10064755,18,0
F23Q30060048,11,1
F23Q30213264,6,1
F22Q20389910,23,0
F22Q30128699,5,1
F22Q30045334,15,0
F22Q10220840,6,1
F23Q30089730,16,0
F22Q10473440,23,0
F22Q20253677,17,0
F22Q30247393,16,0
F23Q10126956,6,1
F22Q40185989,18,0
F22Q30171167,19,0
F22Q20329503,4,1
F22Q10190695,21,0
F22Q30310222,11,1
F23Q20225883,11,1
F22Q30202646,5,1
F22Q30265657,6,1
F22Q20359842,24,0
F22Q20157977,4,1
F23Q30185006,15,0
F23Q30049930,18,0
F22Q30229123,16,0
F23Q30114042,19,0
F22Q10294314,22,0
F22Q30200225,18,0
F23Q10046639,3,1
F22Q20156394,13,0
F22Q10192162,6,1
F22Q10378052,15,0
F23Q10059459,4,1
F22Q20242854,6,1
F22Q10416915,19,0
F23Q30108759,23,0
F23Q30168925,14,0
F22Q30047881,17,0
F22Q40044607,6,1
F23Q30135530,15,0
F22Q10389618,10,1
F22Q10460897,19,0
F23Q30196745,15,0
F23Q30157112,9,1
F22Q10478077,24,0
F22Q30242663,11,1
F22Q30042218,14,0
F23Q10138745,15,0
F22Q10383621,5,1
F23Q10111659,9,1
F22Q30030801,18,0
F22Q20288612,4,1
F22Q10474417,7,1
F22Q10067059,24,0
F22Q10386810,13,0
F22Q10575620,5,1
F23Q20231850,8,1
F23Q20020447,22,0
F22Q20228528,24,0
F22Q20222815,5,1
F22Q30212760,20,0
F22Q20154062,14,0
F23Q30096369,3,1
F22Q10265759,19,0
F22Q40137014,22,0
F22Q40188600,5,1
F22Q30005175,18,0
F22Q40114850,4,1
F22Q30104624,20,0
F23Q20187032,8,1
F23Q20166412,21,0
F22Q20374336,15,0
F22Q40030811,20,0
F22Q10455048,18,0
F22Q20345944,24,0
F22Q10421238,22,0
F22Q10412160,8,1
F22Q10568526,10,1
F22Q40130050,13,0
F23Q10066940,16,0
F22Q20142672,12,1
F22Q20224441,21,0
F22Q30142046,4,1
F23Q20110600,18,0
F22Q20108589,20,0
F23Q10058845,15,0
F22Q30323537,17,0
F23Q10160598,15,0
F23Q30065220,20,0
F23Q30156387,14,0
F22Q30149151,20,0
F23Q20020086,15,0
F22Q40161839,16,0
F22Q20067793,19,0
F22Q10272067,10,1
F23Q30196028,6,1
F23Q20049568,24,0
F22Q30140372,8,1
F22Q10370886,8,1
F23Q20207546,16,0
F23Q30089869,16,0
F22Q30216753,21,0
F22Q20355326,14,0
F23Q10113290,10,1
F22Q20296263,23,0
F22Q30127434,17,0
F22Q10296947,19,0
F23Q30254738,12,1
F22Q20056718,19,0
F22Q10054935,17,0
F22Q20187639,15,0
F22Q30204263,9,1
F22Q10483545,24,0
F22Q30053887,9,1
F22Q10191659,13,0
F22Q30001264,23,0
F22Q30245918,3,1
F22Q10152297,13,0
F23Q30138232,5,1
F23Q10093566,16,0
F23Q20138057,20,0
F22Q30294517,8,1
F22Q10227181,11,1
F23Q30114391,11,1
F22Q30196698,8,1
F22Q30302570,18,0
F22Q10187064,10,1
F22Q10374967,14,0
F22Q30243062,20,0
F23Q30040023,14,0
F22Q20403839,17,0
F22Q20376986,15,0
F22Q30126835,17,0
F22Q30192866,13,0
F22Q20221249,18,0
F22Q40028658,12,1
F22Q40094233,15,0
F22Q20010270,11,1
F22Q30199633,12,1
F22Q20265997,10,1
F22Q30040209,16,0
F23Q30221093,9,1
F22Q10445816,5,1
F23Q30186944,15,0
F22Q20252289,6,1
F23Q20251347,3,1
F22Q30161493,18,0
F22Q20072513,12,1
F22Q20201416,8,1
F22Q10287354,20,0
F23Q20102231,7,1
F22Q20212855,6,1
F22Q40204118,10,1
F22Q30118425,9,1
F22Q10540563,7,1
F22Q30150479,4,1
F22Q30085494,6,1
F23Q30133746,17,0
F23Q30125578,5,1
F22Q10411806,3,1
F22Q10530619,19,0
F22Q10034333,10,1
F23Q30148340,4,1
F22Q20236517,20,0
F23Q20262551,17,0
F23Q20067873,6,1
F22Q40132313,9,1
F22Q40200844,18,0
F22Q20238815,6,1
F22Q20435423,23,0
F22Q10215111,15,0
F22Q30108942,5,1
F23Q10079290,9,1
F22Q20155768,15,0
F22Q10324467,24,0
F23Q30244646,6,1
F23Q10084653,23,0
F22Q40126804,16,0
F22Q10026912,18,0
F22Q30017334,6,1
F23Q30032231,12,1
F22Q30146940,12,1
F22Q20310697,8,1
F22Q30129738,18,0
F22Q40088115,15,0
F22Q40153708,6,1
F22Q30239043,16,0
F23Q10110416,16,0
F22Q20103898,11,1
F23Q30093445,14,0
F22Q40192294,11,1
F22Q40210866,4,1
F23Q30051739,9,1
F22Q10347216,17,0
F23Q20089503,17,0
F23Q10162093,21,0
F22Q10375637,8,1
F23Q20217285,17,0
F23Q30207564,19,0
F22Q20303920,13,0
F22Q40042637,24,0
F22Q10403565,17,0
F22Q20433202,11,1
F22Q30300704,12,1
F22Q10327768,4,1
F23Q10063430,15,0
F23Q30214536,19,0
F22Q20069539,15,0
F22Q30147712,3,1
F22Q30096629,17,0
F23Q30248866,8,1
F22Q10016380,5,1
F22Q30282763,22,0
F22Q20239871,13,0
F22Q10193181,5,1
F22Q40149019,11,1
F22Q30245141,14,0
F22Q10418880,11,1
F23Q30029700,21,0
F22Q30178959,4,1
F22Q30166081,20,0
F22Q30299895,3,1
F22Q40197448,10,1
F23Q30092717,8,1
F22Q20038215,7,1
F23Q10009494,17,0
F22Q20265755,11,1
F22Q40116912,15,0
F22Q40041839,20,0
F23Q20122716,23,0
F22Q30221476,21,0
F22Q30329610,16,0
F22Q10304748,14,0
F23Q30090746,5,1
F22Q20288686,14,0
F22Q30150432,6,1
F23Q30091322,4,1
F22Q20009842,12,1
F22Q10369783,4,1
F22Q30291666,13,0
F22Q30113997,7,1
F23Q20264759,7,1
F22Q20015121,23,0
F22Q30304489,23,0
F22Q10131917,3,1
F22Q10361781,6,1
F22Q10313929,10,1
F22Q20089016,8,1
F22Q20408564,21,0
F22Q40095760,23,0
F22Q40126797,21,0
F22Q30077375,6,1
F22Q30253051,21,0
F22Q10076274,13,0
F22Q20152399,6,1
F22Q20404138,22,0
F22Q30014466,15,0
F23Q30077264,10,1
F22Q40069925,14,0
F22Q20240260,20,0
F22Q40213479,20,0
F23Q30089028,11,1
F22Q30249238,4,1
F22Q40205619,12,1
F23Q20118342,14,0
F22Q20417633,17,0
F22Q10086593,10,1
F22Q40127439,21,0
F22Q20199647,20,0
F22Q10327910,11,1
F23Q20250539,5,1
F23Q30260599,14,0
F23Q30024854,18,0
F22Q20435110,19,0
F22Q20435654,22,0
F22Q40048778,4,1
F22Q30132739,23,0
F22Q10535726,20,0
F22Q10246604,16,0
F22Q30162116,11,1
F23Q10162749,18,0
F23Q10141646,5,1
F22Q10114860,21,0
F22Q40116713,10,1
F22Q30058360,4,1
F23Q10080269,12,1
F22Q10343066,15,0
F22Q20189983,21,0
F22Q20040695,10,1
F22Q30302379,13,0
F23Q30146922,10,1
F22Q40026728,22,0
F22Q10091784,5,1
F22Q20007504,11,1
F22Q40075510,9,1
F22Q30275676,17,0
F22Q20394810,8,1
F22Q30053789,16,0
F22Q10532580,20,0
F22Q30124909,17,0
F22Q30194111,16,0
F23Q30138340,16,0
F23Q20211471,14,0
F22Q20023134,16,0
F23Q20022252,4,1
F23Q30220297,20,0
F22Q20163926,22,0
F22Q30103289,20,0
F22Q30026671,7,1
F22Q10067898,14,0
F22Q20267313,23,0
F22Q10220458,6,1
F22Q30276835,10,1
F23Q10071289,21,0
F22Q30059284,16,0
F22Q30331178,21,0
F23Q10077771,9,1
F22Q20429039,12,1
F23Q20143770,9,1
F22Q40004700,24,0
F22Q30169129,15,0
F23Q10079951,14,0
F23Q20020173,17,0
F23Q20099301,11,1
F22Q10562864,23,0
F22Q20418109,20,0
F23Q10074378,22,0
F22Q30281282,3,1
F22Q30259625,14,0
F22Q20337685,21,0
F23Q20146945,23,0
F22Q20403717,20,0
F22Q40145267,20,0
F22Q30261080,6,1
F22Q20152840,24,0
F22Q10196887,11,1
F22Q10514485,10,1
F22Q40069742,15,0
F22Q20069356,10,1
F23Q10037511,14,0
F22Q20195449,4,1
F22Q30205834,17,0
F23Q10007935,3,1
F22Q20300924,12,1
F22Q30265337,21,0
F23Q20030618,17,0
F22Q30087565,9,1
F22Q10398644,3,1
F23Q10026509,22,0
F22Q30086610,7,1
F22Q40335352,7,1
F22Q30181739,18,0
F23Q10144605,23,0
F23Q30165787,7,1
F22Q30182308,14,0
F22Q10357671,9,1
F22Q30103321,24,0
F22Q40059172,6,1
F22Q30309641,16,0
F23Q20147331,17,0
F23Q20108311,22,0
F23Q20035442,9,1
F22Q30085668,8,1
F22Q20013875,17,0
F22Q30092780,24,0
F22Q30315387,24,0
F22Q20375648,18,0
F23Q30089408,16,0
F23Q10003670,19,0
F22Q10194273,11,1
F23Q20046739,18,0
F22Q40048424,18,0
F22Q20166838,11,1
F22Q30148351,8,1
F22Q10141751,21,0
F22Q10204767,17,0
F23Q30030570,16,0
F23Q10165607,15,0
F22Q40133886,17,0
F23Q20230472,9,1
F22Q20212507,4,1
F22Q30147970,4,1
F23Q30126606,22,0
F22Q30141594,5,1
F22Q30206524,9,1
F22Q30229033,16,0
F22Q10460449,8,1
F22Q40041445,22,0
F22Q20248633,12,1
F22Q30061695,17,0
F22Q30214898,22,0
F22Q40179931,12,1
F23Q10173877,22,0
F22Q20338860,22,0
F22Q10460837,15,0
F22Q40069529,15,0
F22Q40198218,24,0
F23Q20126520,19,0
F22Q30158358,16,0
F23Q20102243,18,0
F23Q10102693,4,1
F22Q10306624,21,0
F22Q10381016,13,0
F22Q30229067,23,0
F22Q30032087,11,1
F23Q30242412,15,0
F22Q20096430,6,1
F22Q10139698,17,0
F22Q10226498,14,0
F23Q20158028,20,0
F23Q30240181,14,0
F22Q30104073,11,1
F23Q30037554,20,0
F23Q30103569,13,0
F23Q20118478,3,1
F22Q40027656,10,1
F22Q20159285,6,1
F22Q40118996,23,0
F23Q20068533,18,0
F22Q10035842,12,1
F22Q40165139,4,1
F22Q40053006,19,0
F22Q20151562,16,0
F22Q40105905,23,0
F22Q10231907,9,1
F22Q40191175,15,0
F22Q20269418,3,1
F22Q20268923,11,1
F22Q40096143,11,1
F23Q10096023,23,0
F23Q10017821,18,0
F22Q30211690,24,0
F23Q10001205,6,1
F23Q10020097,15,0
F23Q10154646,24,0
F23Q20201458,15,0
F23Q10166775,12,1
F23Q30194172,9,1
F22Q40195670,12,1
F22Q10474248,10,1
F22Q10529887,8,1
F23Q20266277,6,1
F22Q10111134,15,0
F22Q10372476,8,1
F23Q30042148,17,0
F22Q30079652,7,1
F23Q10093001,13,0
F22Q20338020,4,1
F22Q40179517,20,0
F22Q40124692,19,0
F23Q20178642,16,0
F23Q20240677,16,0
F23Q20138814,24,0
F22Q20434922,11,1
F23Q10093645,20,0
F22Q10346801,20,0
F22Q30167844,18,0
F22Q10042955,3,1
F22Q30160488,10,1
F22Q30085140,10,1
F23Q30105941,17,0
F22Q10314420,10,1
F23Q30201796,9,1
F22Q20056950,5,1
F22Q40162085,6,1
F22Q30259746,14,0
F23Q20097266,21,0
F23Q30224221,16,0
F22Q40058544,19,0
F22Q40075560,13,0
F22Q20354834,13,0
F23Q30132671,18,0
F23Q30085402,10,1
F22Q10427652,7,1
F23Q10159800,3,1
F22Q10315197,4,1
F23Q20034821,16,0
F22Q40059857,15,0
F22Q10298542,16,0
F23Q10019262,20,0
F22Q10091361,21,0
F22Q30083163,17,0
F23Q30122782,15,0
F22Q20149189,23,0
F22Q20381759,6,1
F23Q10159464,19,0
F23Q30098371,13,0
F22Q10357717,4,1
F23Q30025628,17,0
F22Q30198410,3,1
F22Q10352324,7,1
F23Q10135497,21,0
F22Q20328092,23,0
F22Q20351123,22,0
F22Q10324852,6,1
F22Q40077680,13,0
F22Q40204535,11,1
F23Q10125494,17,0
F22Q20014348,14,0
F23Q10157514,4,1
F23Q20158912,14,0
F22Q30307320,14,0
F22Q30082251,6,1
F23Q20125552,5,1
F22Q20198537,11,1
F22Q20409536,24,0
F23Q20166507,5,1
F22Q30317761,15,0
F22Q20150565,9,1
F22Q20329666,6,1
F22Q40093956,3,1
F22Q40094091,6,1
F22Q30185975,4,1
F22Q40069860,15,0
F23Q30248296,5,1
F22Q40196479,10,1
F22Q30227609,3,1
F22Q20158549,7,1
F22Q10111938,19,0
F22Q30282634,8,1
F22Q20319667,18,0
F23Q10125657,16,0
F22Q30186813,24,0
F22Q30003482,13,0
F22Q20128197,8,1
F23Q10129559,24,0
F23Q20116045,23,0
F23Q30151945,17,0
F22Q30159804,3,1
F22Q20052167,13,0
F22Q10418579,16,0
F22Q10477739,5,1
F23Q10142802,18,0
F22Q40160853,23,0
F22Q10024292,8,1
F22Q30112936,17,0
F22Q30230908,3,1
F22Q10554297,7,1
F22Q30101461,6,1
F22Q20195230,4,1
F23Q30187749,22,0
F22Q20143623,11,1
F23Q30142654,18,0
F22Q40023829,23,0
F22Q40035745,8,1
F22Q20166110,11,1
F23Q30011006,11,1
F23Q30107121,10,1
F22Q20113721,22,0
F22Q10327864,12,1
F22Q30199319,12,1
F22Q30056660,11,1
F22Q10343091,21,0
F23Q10130992,17,0
F22Q10562003,19,0
F22Q30167236,18,0
F22Q30211895,19,0
F23Q20205725,17,0
F23Q10116257,17,0
F22Q20401658,9,1
F23Q20012189,9,1
F23Q20191658,13,0
F23Q20056377,18,0
F22Q10014127,11,1
F23Q10039855,18,0
F22Q20242171,4,1
F23Q10091468,15,0
F23Q30247224,12,1
F22Q30312101,4,1
F22Q10198221,4,1
F23Q20241740,16,0
F22Q40007632,5,1
F22Q30116233,15,0
F22Q20180552,4,1
F22Q30111314,14,0
F22Q40205211,7,1
F22Q10419247,19,0
F23Q20211216,11,1
F23Q20165436,14,0
F22Q40190199,22,0
F23Q30244628,11,1
F22Q30046125,18,0
F22Q30313184,11,1
F22Q40174202,6,1
F22Q30240866,24,0
F23Q20048835,5,1
F22Q30282720,14,0
F22Q10210427,21,0
F22Q40128328,9,1
F22Q10451122,24,0
F22Q10115990,12,1
F23Q30140011,20,0
F22Q10466703,24,0
F23Q30002440,15,0
F23Q10177210,24,0
F23Q20195880,15,0
F23Q10130556,18,0
F22Q10357053,21,0
F22Q10262331,9,1
F23Q10163729,13,0
F23Q20021997,19,0
F23Q20047161,19,0
F22Q40217911,10,1
F23Q30262357,24,0
F22Q20269820,20,0
F22Q10082518,12,1
F22Q30233336,8,1
F22Q30328880,12,1
F22Q40147768,12,1
F22Q20375776,24,0
F22Q40163518,19,0
F22Q10480387,22,0
F22Q20340279,19,0
F22Q40054092,23,0
F22Q40213003,13,0
F22Q10143404,12,1
F22Q20427976,10,1
F22Q20345936,24,0
F22Q20105490,8,1
F22Q20414752,9,1
F22Q40085677,5,1
F22Q10201162,19,0
F22Q20371781,16,0
F22Q20278233,18,0
F22Q30255417,11,1
F22Q40147002,18,0
F22Q30335163,14,0
F22Q40176975,4,1
F22Q30299967,4,1
F23Q30086693,16,0
F22Q10005053,18,0
F22Q10170571,10,1
F22Q30237205,24,0
F23Q10163044,8,1
F22Q30208047,21,0
F22Q10257177,12,1
F23Q30118519,20,0
F22Q10385776,18,0
F22Q20067982,17,0
F23Q30136118,16,0
F22Q30093657,10,1
F22Q20045140,4,1
F22Q20137196,3,1
F22Q30003533,12,1
F22Q30103470,22,0
F22Q30164358,24,0
F23Q30262450,15,0
F23Q10022853,10,1
F23Q10001332,3,1
F23Q20172694,22,0
F22Q10151584,20,0
F22Q40161553,21,0
F22Q10423191,10,1
F22Q30012245,9,1
F22Q10278933,16,0
F22Q40103361,14,0
F22Q20404588,13,0
F22Q10209282,22,0
F22Q30107301,21,0
F22Q40107786,20,0
F23Q30109346,18,0
F22Q20327738,19,0
F22Q10509865,11,1
F22Q20024633,5,1
F22Q20073710,15,0
F23Q30253529,13,0
F23Q20124929,6,1
F22Q20336378,8,1
F22Q30246459,19,0
F23Q20044757,10,1
F22Q10230919,14,0
F23Q20029636,7,1
F22Q30300447,20,0
F22Q40136138,23,0
F22Q40334700,12,1
F22Q10412957,11,1
F23Q20157669,23,0
F23Q20207611,9,1
F23Q20273333,15,0
F22Q20090553,19,0
F23Q20031413,19,0
F23Q20202112,11,1
F23Q10079407,18,0
F22Q10370276,9,1
F23Q30012161,12,1
F22Q10214563,18,0
F23Q10079021,15,0
F22Q10415796,21,0
F22Q20223991,18,0
F22Q30279669,8,1
F22Q10563928,22,0
F22Q20134698,18,0
F22Q20151731,24,0
F22Q20301933,11,1
F22Q10386789,13,0
F22Q40158052,18,0
F22Q20093419,17,0
F22Q40139226,20,0
F23Q20058691,21,0
F23Q20114875,24,0
F22Q40191666,8,1
F22Q10072973,3,1
F22Q40141716,21,0
F23Q20104892,4,1
F22Q30168808,4,1
F22Q20270029,9,1
F22Q10009075,3,1
F22Q10483150,6,1
F23Q20056775,3,1
F22Q20030046,9,1
F22Q10228284,14,0
F22Q20138757,15,0
F22Q20322429,12,1
F22Q30251267,21,0
F22Q20109680,15,0
F22Q30142025,9,1
F22Q40082704,23,0
F23Q30234296,14,0
F22Q10563332,11,1
F23Q10013727,9,1
F22Q20050657,4,1
F22Q20380303,24,0
F22Q30003661,5,1
F22Q10411159,15,0
F22Q40037772,22,0
F22Q40204735,8,1
F22Q30330319,22,0
F22Q30007819,15,0
F22Q30250917,5,1
F22Q40104568,16,0
F22Q40113540,5,1
F23Q10161420,15,0
F23Q30233410,22,0
F23Q10066550,9,1
F22Q40206006,19,0
F23Q30180545,11,1
F22Q30113980,12,1
F23Q20066099,18,0
F22Q20122501,11,1
F22Q30049742,9,1
F22Q20339320,21,0
F22Q20007300,17,0
F22Q30087798,15,0
F22Q10117159,3,1
F22Q30091689,14,0
F22Q10037993,14,0
F22Q10405480,16,0
F22Q30233054,21,0
F23Q20119922,20,0
F23Q20184391,16,0
F23Q30078790,22,0
F22Q10254095,12,1
F23Q30082145,6,1
F22Q10427796,18,0
F22Q20274366,8,1
F23Q30085739,12,1
F22Q10104376,6,1
F22Q20295125,10,1
F22Q40011632,15,0
F22Q10572972,17,0
F22Q20264759,17,0
F22Q30065694,22,0
F22Q20075174,20,0
F23Q30097688,24,0
F22Q20161248,3,1
F23Q30217316,20,0
F23Q30241140,21,0
F22Q20294608,14,0
F22Q30082230,7,1
F22Q10196150,13,0
F22Q30216860,20,0
F23Q10049004,12,1
F22Q10023249,20,0
F22Q10394543,12,1
F22Q10451166,7,1
F22Q10516066,23,0
F22Q30056343,13,0
F22Q20418900,19,0
F23Q30033576,8,1
F22Q30067483,3,1
F22Q10276685,14,0
F22Q10412533,7,1
F22Q30298559,23,0
F22Q10477621,17,0
F22Q10577066,19,0
F23Q10108439,17,0
F23Q10047096,14,0
F22Q30325630,13,0
F22Q30093303,15,0
F23Q20150407,20,0
F22Q10128659,14,0
F22Q10225523,8,1
F22Q20108911,20,0
F22Q30121500,3,1
F22Q30193205,24,0
F23Q10067077,18,0
F22Q10025987,16,0
F23Q20030343,12,1
F22Q20113447,20,0
F23Q30025403,16,0
F22Q30333343,9,1
F22Q20054047,11,1
F22Q20366151,21,0
F23Q20204202,3,1
F23Q10014230,16,0
F22Q10173715,19,0
F22Q20190505,17,0
F23Q20141427,17,0
F22Q10029631,19,0
F22Q10312076,8,1
F22Q30288246,9,1
F23Q30114529,20,0
F23Q20098809,24,0
F22Q40161277,13,0
F23Q10004334,22,0
F22Q10432276,20,0
F22Q20231516,24,0
F22Q20272036,4,1
F23Q30050601,14,0
F23Q10126910,9,1
F22Q10387986,22,0
F22Q30321231,14,0
F22Q10230149,17,0
F23Q30111248,8,1
F23Q20138873,22,0
F22Q20371269,3,1
F22Q30265160,20,0
F22Q10206660,8,1
F22Q20246599,17,0
F22Q20159191,17,0
F22Q10113460,17,0
F22Q20185102,7,1
F23Q20033504,16,0
F22Q40065387,24,0
F22Q10125987,3,1
F23Q20101801,13,0
F22Q10056508,24,0
F22Q20063503,24,0
F23Q20023660,17,0
F23Q30114528,8,1
F22Q10248384,13,0
F23Q20071805,3,1
F23Q30081268,18,0
F23Q10157097,20,0
F22Q10117129,3,1
F22Q20295968,6,1
F22Q10570868,24,0
F22Q30082694,12,1
F22Q20317794,9,1
F22Q20080914,4,1
F22Q10543239,12,1
F22Q40123060,23,0
F23Q20034906,4,1
F23Q10134407,16,0
F22Q10474329,20,0
F22Q10154701,22,0
F22Q30290812,21,0
F23Q30083309,21,0
F22Q40163834,16,0
F22Q10396095,17,0
F22Q10139321,9,1
F22Q10411516,4,1
F22Q40119393,4,1
F22Q10563858,8,1
F22Q30048197,6,1
F23Q20050940,16,0
F23Q30226980,19,0
F22Q30212361,22,0
F22Q30046924,3,1
F22Q40134214,12,1
F22Q30150661,4,1
F22Q20138202,19,0
F22Q30036256,18,0
F22Q30190956,11,1
F22Q30255760,14,0
F22Q20339541,22,0
F22Q30229361,16,0
F23Q20061674,20,0
F22Q20054821,18,0
F23Q10164382,18,0
F23Q30195293,6,1
F22Q30185591,5,1
F23Q20004227,22,0
F22Q40128378,15,0
F22Q20397202,4,1
F22Q40081851,11,1
F22Q30317402,4,1
F22Q40037466,23,0
F23Q10113414,11,1
F23Q20159683,4,1
F22Q10126168,5,1
F23Q30191628,15,0
F22Q40005783,15,0
F23Q30041721,4,1
F22Q30061081,16,0
F22Q10285918,7,1
F23Q30238230,7,1
F22Q10253939,10,1
F22Q10165661,21,0
F22Q20235261,6,1
F22Q20338128,16,0
F22Q20259090,4,1
F22Q30188545,3,1
F22Q40033217,8,1
F23Q30139704,18,0
F22Q30095029,11,1
F23Q20241937,11,1
F22Q10078134,24,0
F22Q10337969,6,1
F22Q10263286,9,1
F23Q20100308,24,0
F22Q30290595,11,1
F23Q20022595,16,0
F22Q30082233,22,0
F22Q10059492,9,1
F23Q10146978,11,1
F22Q20029971,9,1
F22Q10571126,14,0
F23Q30017273,16,0
F23Q20176671,19,0
F22Q30295052,4,1
F22Q10082473,15,0
F22Q30228909,14,0
F22Q40219543,12,1
F23Q30096045,12,1
F22Q20338016,23,0
F22Q20425898,23,0
F22Q30176719,14,0
F22Q30162168,12,1
F22Q40036833,20,0
F23Q10087696,15,0
F22Q30044848,13,0
F22Q30310514,23,0
F23Q30014737,15,0
F22Q10215899,21,0
F22Q20096495,6,1
F23Q20234553,6,1
F23Q10130515,12,1
F22Q40040722,23,0
F22Q30141894,23,0
F23Q20271432,15,0
F23Q10130078,23,0
F23Q30173029,23,0
F22Q10285837,17,0
F22Q30034497,18,0
F22Q30279028,3,1
F22Q10097012,10,1
F22Q30059438,5,1
F22Q10428033,21,0
F22Q30175454,12,1
F23Q20232900,5,1
F23Q10146077,5,1
F22Q30111422,12,1
F23Q30095703,14,0
F23Q30180381,13,0
F22Q30063401,7,1
F22Q30183424,14,0
F22Q10430521,23,0
F22Q10064503,11,1
F22Q30207172,3,1
F22Q40078308,22,0
F23Q20265507,19,0
F22Q20163066,9,1
F23Q10018607,6,1
F22Q20105480,23,0
F22Q20308610,24,0
F23Q20074485,21,0
F23Q20045307,14,0
F23Q20048071,8,1
F22Q30262509,9,1
F23Q10134285,18,0
F23Q10030713,23,0
F23Q30229553,13,0
F22Q20301903,8,1
F23Q20266814,10,1
F22Q40021161,10,1
F22Q30245713,23,0
F22Q30082239,23,0
F22Q30106067,13,0
F23Q30192380,9,1
F22Q10217004,11,1
F22Q20247530,14,0
F22Q10410177,20,0
F22Q10041055,11,1
F23Q10085142,16,0
F22Q10566120,18,0
F22Q30124361,11,1
F22Q10124966,6,1
F22Q20132991,16,0
F22Q30161505,17,0
F23Q30127307,16,0
F22Q20232313,23,0
F22Q20363067,7,1
F22Q30026665,14,0
F22Q40027334,3,1
F23Q10036298,16,0
F22Q10412775,22,0
F22Q20026729,11,1
F23Q20092595,7,1
F22Q30042439,19,0
F22Q10421963,22,0
F23Q20167559,5,1
F22Q10501799,12,1
F22Q10116446,3,1
F22Q20433175,16,0
F22Q30073783,17,0
F23Q20105941,8,1
F22Q10238505,7,1
F22Q10357686,22,0
F23Q10066829,18,0
F22Q20067534,8,1
F22Q20206288,19,0
F22Q30193083,18,0
F22Q30168604,11,1
F23Q10162912,22,0
F23Q30199016,8,1
F23Q20201473,19,0
F23Q10041301,5,1
F23Q20002314,20,0
F23Q30244686,22,0
F23Q30022971,18,0
F23Q20201799,17,0
F22Q10476773,23,0
F22Q20310448,12,1
F22Q20155046,23,0
F22Q10020818,12,1
F22Q20265214,14,0
F22Q40050677,11,1
F23Q10052358,23,0
F22Q10212886,22,0
F22Q30001851,16,0
F22Q40158413,24,0
F22Q10058922,18,0
F23Q20244908,17,0
F22Q20037400,7,1
F23Q30006300,11,1
F23Q30064061,24,0
F22Q20184955,3,1
F22Q30152195,18,0
F23Q30251953,19,0
F23Q10067411,3,1
F22Q10517768,15,0
F22Q20150031,17,0
F22Q30288532,23,0
F22Q20162567,4,1
F22Q30161442,9,1
F23Q10007779,14,0
F23Q20202138,8,1
F22Q20234264,3,1
F22Q40156532,21,0
F22Q10550335,5,1
F22Q30143042,8,1
F22Q20182615,11,1
F22Q40132170,13,0
F22Q20288647,8,1
F23Q30189764,12,1
F22Q40164808,19,0
F22Q30262545,13,0
F22Q40173975,19,0
F23Q10053627,20,0
F22Q10189659,11,1
F22Q20127072,7,1
F22Q10381101,13,0
F23Q20217353,24,0
F22Q40134015,20,0
F22Q30050323,15,0
F22Q30077128,23,0
F22Q30319667,20,0
F22Q40201960,18,0
F22Q10228136,20,0
F22Q10503222,18,0
F22Q20410210,22,0
F23Q20110096,21,0
F22Q30106040,8,1
F22Q30162695,9,1
F23Q10069947,12,1
F22Q30005317,24,0
F23Q30237467,12,1
F22Q30147980,16,0
F22Q10562165,12,1
F22Q10044524,17,0
F23Q30077719,11,1
F22Q10512227,12,1
F22Q10370193,18,0
F22Q30145269,4,1
F22Q10561815,9,1
F22Q20059200,23,0
F22Q30090434,5,1
F22Q10009205,14,0
F23Q20026944,23,0
F23Q30106879,9,1
F22Q20159100,23,0
F23Q30061661,16,0
F22Q30218018,14,0
F22Q10213683,5,1
F22Q30070996,15,0
F23Q20084653,15,0
F22Q30232197,7,1
F22Q30131547,18,0
F22Q20187191,23,0
F22Q20259243,13,0
F22Q40166922,23,0
F22Q20428064,18,0
F23Q20143068,9,1
F22Q40010893,3,1
F22Q30063236,6,1
F22Q10285385,22,0
F22Q20241735,20,0
F23Q30053267,4,1
F22Q30079121,21,0
F23Q10017084,24,0
F22Q30161662,15,0
F23Q20097032,20,0
F22Q20198145,10,1
F23Q30071981,13,0
F22Q20262109,7,1
F22Q20279901,7,1
F23Q30047800,24,0
F22Q10437148,24,0
F22Q40082999,15,0
F23Q10063661,18,0
F22Q40124092,7,1
F23Q30176154,12,1
F22Q40159962,13,0
F23Q30164605,17,0
F22Q10129649,4,1
F22Q30320089,24,0
F23Q30186235,6,1
F22Q20084045,3,1
F22Q10034960,10,1
F23Q20025444,6,1
F22Q20418765,14,0
F22Q40161911,24,0
F22Q30081758,13,0
F23Q20225654,19,0
F22Q30322370,23,0
F22Q40202246,10,1
F22Q30135081,18,0
F22Q20324048,23,0
F22Q40149837,14,0
F22Q30291179,4,1
F22Q10327096,7,1
F22Q10462859,20,0
F22Q30103229,23,0
F22Q30155585,6,1
F22Q40025257,15,0
F22Q20173289,15,0
F23Q30127053,24,0
F22Q30316222,6,1
F23Q10062747,3,1
F23Q30146747,12,1
F22Q40024079,8,1
F22Q40118370,8,1
F23Q10005527,16,0
F23Q30206879,15,0
F22Q20344999,3,1
F22Q30227219,15,0
F22Q20266766,18,0
F22Q40076126,6,1
F22Q10573878,23,0
F22Q40174549,16,0
F22Q30103088,16,0
F22Q20384161,21,0
F22Q30109906,21,0
F22Q20044596,4,1
F22Q30327962,10,1
F23Q30100153,8,1
F22Q30250139,20,0
F22Q10106965,3,1
F22Q40153609,10,1
F22Q40184475,22,0
F23Q30178216,18,0
F22Q30151404,11,1
F22Q40174238,6,1
F23Q30183734,20,0
F22Q10145523,6,1
F22Q20125859,7,1
F22Q30045315,9,1
F23Q10116246,12,1
F22Q10520513,13,0
F23Q20238721,7,1
F23Q10136939,15,0
F22Q40012135,12,1
F22Q30010363,21,0
F22Q30218569,19,0
F22Q40009369,11,1
F22Q10380296,24,0
F22Q10153803,22,0
F22Q40123282,10,1
F23Q30176092,10,1
F22Q20030930,19,0
F22Q10367603,12,1
F22Q40007515,22,0
F22Q40174223,6,1
F23Q10092925,22,0
F23Q10155506,15,0
F23Q20094283,7,1
F22Q20259435,13,0
F22Q20406679,3,1
F22Q10499428,6,1
F22Q10575510,14,0
F23Q30125883,23,0
F22Q20434875,17,0
F23Q30209140,22,0
F23Q20067938,13,0
F22Q20195319,8,1
F22Q30266609,10,1
F22Q10125247,6,1
F22Q20274967,16,0
F22Q20412786,19,0
F22Q30118680,22,0
F23Q30234797,20,0
F23Q30069214,22,0
F23Q10085794,17,0
F22Q10356199,9,1
F22Q30103422,11,1
F23Q30057129,15,0
F22Q30106589,17,0
F22Q20015612,10,1
F22Q30026972,5,1
F22Q20061008,17,0
F22Q10514433,5,1
F22Q30149060,17,0
F22Q30083561,5,1
F22Q10290381,12,1
F22Q30213828,11,1
F23Q30184812,20,0
F23Q20237365,16,0
F23Q10145784,5,1
F23Q10097299,4,1
F22Q30159391,6,1
F22Q30053240,6,1
F22Q20133535,19,0
F22Q10432068,7,1
F22Q20317418,22,0
F22Q10230765,11,1
F23Q20066129,10,1
F23Q10098570,17,0
F22Q20253393,9,1
F22Q20350142,8,1
F22Q20275595,17,0
F22Q30285302,22,0
F23Q10100100,3,1
F23Q30117351,8,1
F23Q30078078,24,0
F22Q10538088,15,0
F22Q20307239,12,1
F23Q20056693,20,0
F22Q40145328,14,0
F22Q30163774,19,0
F22Q10451492,21,0
F23Q30058577,22,0
F22Q10458624,15,0
F22Q20396245,23,0
F22Q40212189,11,1
F23Q20115834,19,0
F22Q20070812,8,1
F22Q10489241,24,0
F22Q20007787,4,1
F23Q10140708,18,0
F22Q20251599,21,0
F23Q30168436,20,0
F22Q20427321,24,0
F23Q20205304,19,0
F23Q20258885,22,0
F22Q30300048,15,0
F22Q40171788,11,1
F22Q20423257,7,1
F23Q10083968,3,1
F23Q20268403,24,0
F22Q40156458,12,1
F22Q10395998,18,0
F22Q30149177,12,1
F23Q30092471,7,1
F22Q40188009,14,0
F23Q30232635,14,0
F22Q30141732,8,1
F23Q20111846,4,1
F22Q30252051,16,0
F22Q10115676,16,0
F22Q20183952,3,1
F22Q40207778,19,0
F22Q20239910,5,1
F22Q30258609,6,1
F22Q40058193,12,1
F22Q10249352,6,1
F22Q20355656,15,0
F22Q30105129,19,0
F22Q10061841,14,0
F22Q30051034,3,1
F22Q20023492,6,1
F22Q30099923,4,1
F22Q30149749,13,0
F22Q20289659,17,0
F22Q30003631,15,0
F22Q30023762,19,0
F23Q20172596,7,1
F22Q10219823,12,1
F23Q30197945,22,0
F22Q30099192,11,1
F22Q30213516,22,0
F22Q40027047,4,1
F22Q40185909,18,0
F22Q10571731,17,0
F22Q30289930,10,1
F22Q20157934,5,1
F22Q20005463,6,1
F22Q40093797,10,1
F23Q20218557,3,1
F23Q20035803,24,0
F22Q10381201,7,1
F22Q20413319,5,1
F22Q30195428,16,0
F22Q30016373,15,0
F22Q20052296,15,0
F22Q30030950,23,0
F22Q20269064,6,1
F23Q20215198,22,0
F22Q10250311,14,0
F22Q10335512,24,0
F22Q10370642,24,0
F22Q10448658,20,0
F23Q30124908,18,0
F22Q20102344,9,1
F22Q20129657,3,1
F22Q10391975,7,1
F22Q30011063,11,1
F23Q20251511,17,0
F22Q10024196,22,0
F23Q30211628,14,0
F23Q20181902,18,0
F22Q30262626,17,0
F22Q10263351,15,0
F22Q20030478,20,0
F22Q30278273,14,0
F22Q40220902,20,0
F23Q20270854,10,1
F22Q10473655,15,0
F22Q40128639,8,1
F22Q30046012,6,1
F23Q30000935,23,0
F22Q10180807,8,1
F22Q20196158,10,1
F22Q30234667,17,0
F22Q10484507,7,1
F22Q30263337,11,1
F23Q10178158,23,0
F22Q20159010,22,0
F23Q30020624,23,0
F22Q10453343,24,0
F22Q20117165,17,0
F22Q20285267,19,0
F22Q10024773,23,0
F22Q40192849,6,1
F22Q10313742,11,1
F22Q40216601,24,0
F22Q10079767,12,1
F22Q20386388,9,1
F22Q30315955,19,0
F22Q30130540,22,0
F22Q30082368,16,0
F22Q40187829,14,0
F22Q40169010,9,1
F22Q10369779,8,1
F23Q10175191,21,0
F23Q30235105,16,0
F22Q40119551,8,1
F23Q10021234,4,1
F22Q40209448,12,1
F22Q10453350,22,0
F22Q20241550,3,1
F23Q10146904,6,1
F23Q20105562,12,1
F22Q30127799,18,0
F22Q40034384,6,1
F22Q10072782,22,0
F23Q20023460,24,0
F23Q10162968,4,1
F22Q30245075,21,0
F22Q10193906,5,1
F22Q20276202,19,0
F22Q10203753,7,1
F22Q20011759,9,1
F23Q20229757,13,0
F22Q20354205,19,0
F22Q20072777,7,1
F23Q20195610,8,1
F22Q10107324,20,0
F23Q20154919,15,0
F22Q10553736,15,0
F22Q30232392,22,0
F22Q30001819,22,0
F22Q30018146,6,1
F23Q30035370,18,0
F22Q10330290,22,0
F22Q10044463,11,1
F23Q20135940,15,0
F22Q10309599,23,0
F22Q10271259,9,1
F22Q20106372,3,1
F23Q20227716,23,0
F22Q10399742,9,1
F22Q10249453,7,1
F22Q20239427,16,0
F23Q20238259,16,0
F23Q10078791,18,0
F22Q30069099,4,1
F22Q30026602,22,0
F22Q10194658,7,1
F23Q30148797,20,0
F22Q40128548,19,0
F22Q20409620,19,0
F22Q20221918,19,0
F22Q10079933,20,0
F22Q20406466,20,0
F22Q40199444,10,1
F23Q20104885,15,0
F22Q30298813,15,0
F23Q30239985,21,0
F22Q10242868,22,0
F23Q20193491,10,1
F23Q10111824,21,0
F23Q30006802,20,0
F22Q30124974,8,1
F22Q10318221,11,1
F22Q10423764,10,1
F23Q30228839,21,0
F22Q20371735,7,1
F23Q30014509,15,0
F22Q10022876,13,0
F23Q30240219,21,0
F22Q40106019,18,0
F23Q20093813,9,1
F23Q30115415,6,1
F23Q10090776,8,1
F22Q10228941,18,0
F23Q10177180,23,0
F23Q30228728,15,0
F23Q30105016,22,0
F22Q10187417,9,1
F23Q20036373,21,0
F22Q20395587,14,0
F22Q10233489,10,1
F23Q10009126,6,1
F22Q20144573,13,0
F22Q10478392,14,0
F22Q20313543,4,1
F22Q10395434,10,1
F22Q30249345,9,1
F22Q30060278,17,0
F22Q30164164,19,0
F22Q40029737,20,0
F22Q10383018,11,1
F22Q20387947,16,0
F22Q20369929,12,1
F23Q30057267,13,0
F23Q10176927,21,0
F23Q20017988,21,0
F22Q10506054,14,0
F22Q40210651,19,0
F23Q30169755,24,0
F22Q20384474,9,1
F22Q20248938,7,1
F23Q30227467,7,1
F22Q10413878,21,0
F23Q20021223,20,0
F23Q10114117,22,0
F23Q20148355,9,1
F22Q40153594,10,1
F22Q10042840,12,1
F22Q10027870,7,1
F22Q10452068,15,0
F22Q20189590,5,1
F22Q10331693,17,0
F22Q10343263,9,1
F22Q30267617,22,0
F22Q40204885,6,1
F22Q10420968,19,0
F22Q10321803,3,1
F23Q20268256,9,1
F22Q40205183,24,0
F23Q20181078,14,0
F23Q10150519,23,0
F23Q10184248,11,1
F22Q30320199,20,0
F22Q10274542,21,0
F23Q10053493,24,0
F22Q20089477,24,0
F23Q30169036,17,0
F22Q30331548,24,0
F22Q40044102,14,0
F22Q30258348,4,1
F22Q40208399,21,0
F23Q20174893,9,1
F22Q30096466,14,0
F22Q30232309,24,0
F22Q10152763,10,1
F23Q30161848,4,1
F22Q30193245,18,0
F22Q10225455,3,1
F22Q30080154,12,1
F23Q10140718,8,1
F22Q10538110,5,1
F23Q20070471,19,0
F22Q30171845,13,0
F22Q40187366,24,0
F22Q40089332,24,0
F22Q30283498,9,1
F22Q30021771,9,1
F22Q20052240,13,0
F23Q10165836,16,0
F22Q20263296,22,0
F22Q20160718,15,0
F22Q30211009,16,0
F23Q20267399,7,1
F22Q10214232,5,1
F22Q40102996,23,0
F23Q20041928,21,0
F22Q20279486,24,0
F22Q40107163,12,1
F22Q10286155,23,0
F22Q10120609,11,1
F22Q30205418,6,1
F23Q20239728,14,0
F22Q20203411,16,0
F22Q20406927,10,1
F22Q10380956,23,0
F23Q20235284,17,0
F22Q30257973,18,0
F22Q30151928,18,0
F22Q30209333,24,0
F22Q20326907,11,1
F22Q40037055,19,0
F22Q30215226,6,1
F22Q40207453,17,0
F23Q30222404,8,1
F22Q40056582,18,0
F23Q20210670,17,0
F23Q20250289,15,0
F22Q20165019,9,1
F23Q30185425,6,1
F23Q30043769,24,0
F22Q20422983,16,0
F23Q20169390,22,0
F23Q30089962,17,0
F22Q10418412,10,1
F22Q10338466,9,1
F22Q10163833,10,1
F22Q30067524,22,0
F22Q20203593,4,1
F23Q30031361,21,0
F22Q40206086,14,0
F22Q20197956,13,0
F22Q20432347,23,0
F22Q30104658,13,0
F22Q10531097,11,1
F22Q20098432,16,0
F22Q40028934,3,1
F23Q10072841,17,0
F22Q40144570,24,0
F22Q10257403,19,0
F23Q20169114,20,0
F23Q10068340,23,0
F23Q30034335,8,1
F23Q30025662,12,1
F22Q40200632,17,0
F22Q10264586,20,0
F22Q20126256,9,1
F23Q10173543,4,1
F22Q10043613,3,1
F23Q30102525,9,1
F22Q10301341,6,1
F22Q40131542,18,0
F22Q30212230,13,0
F23Q10016895,16,0
F22Q30291189,12,1
F22Q40029567,8,1
F23Q20248856,14,0
F23Q30235192,6,1
F23Q30187955,8,1
F23Q30260373,13,0
F23Q30180456,15,0
F23Q30175648,17,0
F22Q10456312,20,0
F23Q30149782,3,1
F22Q10515746,6,1
F23Q30136655,4,1
F22Q30107225,9,1
F22Q10177708,23,0
F22Q10053673,19,0
F22Q20355488,15,0
F22Q30027348,6,1
F23Q10185184,21,0
F22Q10090468,13,0
F23Q30231259,7,1
F23Q20215776,16,0
F22Q10545291,5,1
F22Q20301825,5,1
F22Q10384766,12,1
F22Q10050306,4,1
F23Q20035883,13,0
F22Q40121282,18,0
F22Q10343909,6,1
F22Q30181060,16,0
F22Q20384850,12,1
F23Q30215596,18,0
F23Q10174065,10,1
F22Q30034390,3,1
F23Q20072211,24,0
F22Q20343153,24,0
F22Q10551096,22,0
F22Q30021806,14,0
F23Q20092801,17,0
F23Q20198833,19,0
F22Q20223899,4,1
F22Q10433958,18,0
F22Q10045387,12,1
F22Q30115302,8,1
F22Q40192090,4,1
F23Q30131764,14,0
F23Q10156483,16,0
F22Q40200693,11,1
F22Q20247223,4,1
F22Q30285619,24,0
F23Q30177656,11,1
F23Q20205120,21,0
F23Q20024939,8,1
F22Q30176791,21,0
F23Q20116867,22,0
F22Q30140825,22,0
F23Q30023708,16,0
F22Q20427946,10,1
F23Q10167369,8,1
F22Q10527777,19,0
F22Q10374032,22,0
F22Q20145494,15,0
F22Q20128480,16,0
F22Q10388433,24,0
F22Q10310446,18,0
F22Q10326181,13,0
F23Q20020765,8,1
F22Q30144442,3,1
F22Q20082149,22,0
F22Q20122369,12,1
F22Q20264663,14,0
F22Q30085898,12,1
F22Q30248167,7,1
F22Q10132625,18,0
F23Q30259077,20,0
F22Q20145997,8,1
F23Q20212682,4,1
F23Q20083204,20,0
F22Q20336773,9,1
F23Q20068252,16,0
F23Q30130531,14,0
F22Q10082310,23,0
F22Q20266196,9,1
F23Q10114957,15,0
F22Q10548367,21,0
F22Q40194719,23,0
F22Q20138917,4,1
F22Q20320028,12,1
F22Q40181176,14,0
F22Q30312477,23,0
F22Q40188268,18,0
F22Q30183113,23,0
F23Q30091122,24,0
F23Q10149916,16,0
F22Q20393926,13,0
F22Q30296457,10,1
F22Q10153221,24,0
F22Q30226875,24,0
F22Q40134829,20,0
F22Q20198356,17,0
F22Q20315998,9,1
F23Q20026134,14,0
F22Q30233428,10,1
F22Q20312076,18,0
F22Q10356546,4,1
F22Q10182365,19,0
F22Q30114988,20,0
F22Q20030216,11,1
F23Q20228508,20,0
F22Q40205207,8,1
F23Q30096805,16,0
F22Q30295793,6,1
F22Q40166802,13,0
F23Q10014679,19,0
F23Q30097662,24,0
F22Q20138240,9,1
F22Q10164442,9,1
F22Q30072461,24,0
F22Q40069446,10,1
F22Q10115541,9,1
F22Q30166631,11,1
F23Q10009576,11,1
F23Q30085028,16,0
F23Q20202352,9,1
F22Q20276953,18,0
F22Q20144972,19,0
F22Q30214957,3,1
F22Q30293752,13,0
F22Q30169914,11,1
F22Q30125894,17,0
F22Q30322211,4,1
F22Q30221895,10,1
F22Q20248769,23,0
F23Q20125182,15,0
F22Q20205681,20,0
F22Q20168269,19,0
F23Q30065413,18,0
F22Q40083209,24,0
F23Q20195565,13,0
F22Q30187513,12,1
F22Q40218416,8,1
F22Q10351691,19,0
F23Q30130956,6,1
F23Q30178835,7,1
F23Q20189979,15,0
F22Q20324568,11,1
F22Q10213074,10,1
F23Q20083235,6,1
F22Q40163066,17,0
F23Q30154970,14,0
F22Q40023690,13,0
F22Q40027045,21,0
F22Q20324019,19,0
F23Q10008770,7,1
F22Q20434020,5,1
F22Q20149816,19,0
F22Q20096970,21,0
F22Q30197413,5,1
F22Q10347099,5,1
F22Q20164872,21,0
F23Q30012022,23,0
F22Q20263106,21,0
F22Q30152892,7,1
F22Q30149764,4,1
F22Q10165755,4,1
F22Q40165922,24,0
F22Q30199917,7,1
F22Q20331423,10,1
F22Q20379511,9,1
F22Q10425712,6,1
F22Q20362749,23,0
F23Q20029321,20,0
F22Q20131533,5,1
F23Q10148767,21,0
F22Q20394849,11,1
F22Q30258060,24,0
F22Q40159269,10,1
F22Q10109929,16,0
F22Q30247937,24,0
F22Q30258317,11,1
F23Q30202358,9,1
F22Q10367981,19,0
F22Q40166899,17,0
F23Q10038070,16,0
F22Q10267534,3,1
F22Q40202251,18,0
F23Q20034326,20,0
F23Q20201240,5,1
F22Q30029043,10,1
F22Q10364301,21,0
F22Q20291816,20,0
F22Q30116434,24,0
F22Q10492834,23,0
F22Q10564738,10,1
F23Q20183573,24,0
F22Q10349396,24,0
F22Q20358732,22,0
F22Q20024275,3,1
F22Q20236552,4,1
F22Q10328034,16,0
F22Q40040680,19,0
F22Q20120594,21,0
F23Q30108116,18,0
F23Q20163123,6,1
F23Q20164272,15,0
F22Q10010461,19,0
F23Q10138732,16,0
F22Q40137459,7,1
F23Q20265805,17,0
F22Q10174248,7,1
F22Q10184303,3,1
F23Q30186337,19,0
F23Q20111472,24,0
F23Q20234748,15,0
F22Q10195871,24,0
F22Q20164625,13,0
F23Q30058210,12,1
F22Q30181324,16,0
F22Q10414363,21,0
F23Q10018858,24,0
F22Q10447153,9,1
F22Q20300819,3,1
F22Q20377720,16,0
F23Q20155381,14,0
F23Q10145997,8,1
F22Q20265098,15,0
F23Q20036915,18,0
F22Q30053876,7,1
F22Q20212792,24,0
F22Q30319263,8,1
F23Q30079782,24,0
F23Q10126150,18,0
F22Q30266958,7,1
F23Q20084257,15,0
F22Q30039048,17,0
F23Q20088849,18,0
F23Q20178476,17,0
F22Q10305468,15,0
F22Q20371891,13,0
F22Q10189159,6,1
F22Q30079622,21,0
F22Q40193691,11,1
F22Q30085901,21,0
F22Q10273850,23,0
F23Q20151505,12,1
F22Q30125554,17,0
F23Q10008728,9,1
F23Q30019472,20,0
F23Q10119261,21,0
F22Q20183785,18,0
F22Q10112323,15,0
F22Q10525965,13,0
F22Q20011313,15,0
F22Q20059698,11,1
F22Q40071074,21,0
F22Q10449177,13,0
F23Q20164724,17,0
F22Q10347002,12,1
F22Q20422710,12,1
F22Q20316128,21,0
F22Q20112440,14,0
F22Q20307325,6,1
F22Q10296986,5,1
F23Q30099539,15,0
F23Q10065084,20,0
F23Q20070881,10,1
F22Q10479406,6,1
F22Q20255520,6,1
F23Q30232011,17,0
F23Q30160944,15,0
F23Q10011886,11,1
F22Q30258389,19,0
F22Q30032409,20,0
F22Q10231984,17,0
F22Q20308970,14,0
F22Q30098948,9,1
F22Q20231572,4,1
F22Q30086358,22,0
F22Q10196574,22,0
F22Q30300953,3,1
F23Q10008494,16,0
F23Q30038597,5,1
F22Q10376760,24,0
F23Q20074786,20,0
F22Q30032315,17,0
F22Q40095397,13,0
F22Q30295998,4,1
F22Q20403528,12,1
F22Q30159765,20,0
F22Q20426597,8,1
F22Q40050798,15,0
F22Q20337202,8,1
F22Q40063490,24,0
F22Q20387641,6,1
F22Q20288728,7,1
F22Q10503233,14,0
F23Q30251838,19,0
F22Q10496068,3,1
F22Q20059533,9,1
F22Q30062897,21,0
F22Q30142277,11,1
F22Q30306200,17,0
F23Q20067898,19,0
F22Q10109415,20,0
F22Q10248046,21,0
F22Q30199081,19,0
F22Q20307524,18,0
F23Q20259840,9,1
F22Q20253309,5,1
F22Q30329530,7,1
F22Q40169605,17,0
F23Q20244415,21,0
F23Q10014088,3,1
F22Q10454277,18,0
F22Q10247495,10,1
F23Q20114757,17,0
F22Q20329940,5,1
F22Q40043589,9,1
F22Q10124735,19,0
F22Q20181589,10,1
F23Q30259062,4,1
F23Q20233481,3,1
F22Q30110926,10,1
F22Q30204768,11,1
F22Q30323506,10,1
F22Q30077089,17,0
F22Q20279718,6,1
F22Q40053525,9,1
F23Q10121498,21,0
F22Q10013809,12,1
F22Q10199733,9,1
F22Q10243483,8,1
F23Q20238162,19,0
F23Q10089484,19,0
F23Q20020109,5,1
F23Q30089891,23,0
F22Q30097017,17,0
F22Q40109548,13,0
F22Q40164683,16,0
F22Q30316900,3,1
F23Q30111092,23,0
F22Q20416472,15,0
F22Q20350075,16,0
F22Q30240290,17,0
F22Q20012739,21,0
F22Q10359920,4,1
F22Q40027137,10,1
F22Q10264921,3,1
F23Q30064643,12,1
F22Q10220225,16,0
F23Q20004998,20,0
F22Q20260362,12,1
F22Q10094193,18,0
F23Q20029535,12,1
F22Q30078242,14,0
F23Q10009233,13,0
F23Q30177321,15,0
F23Q30084223,5,1
F22Q20133763,18,0
F23Q30044287,12,1
F23Q10053570,20,0
F22Q20311448,12,1
F23Q30192277,17,0
F23Q30254180,21,0
F22Q20025423,11,1
F22Q40187948,18,0
F22Q20149107,18,0
F22Q20261921,11,1
F23Q20077939,15,0
F23Q20007394,4,1
F22Q10294735,13,0
F22Q20387384,16,0
F22Q10514374,21,0
F22Q30136171,10,1
F22Q40045362,13,0
F22Q40005377,14,0
F23Q10015270,12,1
F22Q40067718,8,1
F23Q20101080,18,0
F22Q30081928,14,0
F23Q20168997,15,0
F23Q20212647,14,0
F23Q30252322,4,1
F22Q30191076,18,0
F22Q20007657,10,1
F22Q30128436,9,1
F22Q20061683,6,1
F22Q10348472,23,0
F22Q10280614,10,1
F22Q20356407,3,1
F22Q10359817,16,0
F23Q10178521,21,0
F22Q40048132,13,0
F22Q10394947,10,1
F23Q20253650,12,1
F22Q30011742,23,0
F22Q20100764,18,0
F23Q30119523,21,0
F22Q10452393,9,1
F23Q30042474,8,1
F22Q10508329,16,0
F22Q20314788,4,1
F23Q20188567,6,1
F22Q20271452,9,1
F22Q10514299,6,1
F22Q30093051,6,1
F22Q10474454,15,0
F23Q20145448,19,0
F23Q10161369,15,0
F22Q10101661,24,0
F22Q30103586,5,1
F22Q30189362,21,0
F23Q30042052,11,1
F23Q20098409,20,0
F22Q30127538,8,1
F22Q10120525,24,0
F22Q10362905,16,0
F22Q30258071,23,0
F22Q10409702,9,1
F22Q30108827,24,0
F22Q20262676,4,1
F22Q30030852,6,1
F23Q20227679,13,0
F23Q10061794,16,0
F23Q20027419,16,0
F23Q30056816,5,1
F23Q10047042,21,0
F23Q30233326,12,1
F22Q20115797,20,0
F22Q40173686,24,0
F22Q20165958,17,0
F22Q10522680,9,1
F22Q30320086,17,0
F22Q30160994,17,0
F22Q40008694,20,0
F23Q20130166,14,0
F23Q20250506,16,0
F23Q20046170,23,0
F22Q20222208,10,1
F23Q10045505,6,1
F23Q20123067,18,0
F22Q40090962,23,0
F23Q20258760,19,0
F22Q40086534,7,1
F22Q30109787,18,0
F22Q20324780,16,0
F22Q30045435,17,0
F23Q10134333,7,1
F23Q20261069,19,0
F22Q30330049,16,0
F23Q10040034,22,0
F22Q10503441,18,0
F22Q10558152,22,0
F22Q10567349,9,1
F22Q40174843,12,1
F23Q30130583,9,1
F22Q10499156,20,0
F23Q10079118,3,1
F22Q40185781,23,0
F22Q20317210,7,1
F23Q10170142,13,0
F22Q30257639,3,1
F23Q30251112,5,1
F22Q20051078,19,0
F22Q10157585,19,0
F22Q30196384,21,0
F22Q30266312,23,0
F22Q20219324,17,0
F23Q10087121,17,0
F22Q10209517,11,1
F23Q30210195,16,0
F22Q20413762,8,1
F23Q10156846,19,0
F23Q30010595,14,0
F22Q20224930,20,0
F22Q30299266,6,1
F23Q30170491,13,0
F22Q10433727,4,1
F23Q30122365,23,0
F23Q10175691,13,0
F23Q30021311,16,0
F23Q10156714,15,0
F23Q30122444,21,0
F23Q20234036,11,1
F22Q20176991,19,0
F22Q20098588,8,1
F23Q10150408,20,0
F22Q10160435,7,1
F22Q20208523,17,0
F23Q10053807,14,0
F23Q10111370,9,1
F22Q10260067,15,0
F23Q20077550,8,1
F22Q10499261,18,0
F22Q20196002,24,0
F22Q10172735,14,0
F22Q30270941,15,0
F22Q20155248,13,0
F22Q20265358,11,1
F22Q40047958,18,0
F22Q10059542,3,1
F23Q10034931,8,1
F22Q10069020,15,0
F22Q40062406,8,1
F23Q30054916,8,1
F23Q30192409,13,0
F22Q20199395,14,0
F23Q20084497,20,0
F22Q40109380,3,1
F22Q20059949,5,1
F22Q20269262,12,1
F22Q10303864,12,1
F23Q10016809,13,0
F22Q40116728,19,0
F22Q30311906,12,1
F22Q30322634,7,1
F23Q20186150,18,0
F23Q30139852,11,1
F22Q20224396,10,1
F23Q10101376,20,0
F23Q20204480,8,1
F22Q20285057,10,1
F22Q20051142,11,1
F23Q10069005,11,1
F23Q30172692,21,0
F22Q10420905,7,1
F22Q20089417,8,1
F23Q10093978,6,1
F23Q30191858,12,1
F23Q20191444,6,1
F22Q20134496,6,1
F22Q30245213,22,0
F22Q30001936,13,0
F22Q20303548,22,0
F22Q10138662,23,0
F22Q10288318,10,1
F23Q30191434,14,0
F22Q10195306,18,0
F22Q20357941,20,0
F23Q20263199,16,0
F22Q30128114,15,0
F23Q10018236,17,0
F23Q10057898,22,0
F22Q40055517,11,1
F22Q20213053,17,0
F23Q10129658,24,0
F22Q20354442,21,0
F23Q30151608,20,0
F22Q20021446,21,0
F22Q40027277,11,1
F22Q20337893,14,0
F23Q10176417,4,1
F22Q20401120,7,1
F22Q20039293,21,0
F22Q40140583,15,0
F22Q10176353,10,1
F22Q10229988,4,1
F23Q30209286,19,0
F22Q10079278,8,1
F23Q20046113,15,0
F22Q20157632,8,1
F22Q40194900,11,1
F22Q10545657,21,0
F22Q30099445,19,0
F22Q20389512,7,1
F22Q10529289,24,0
F23Q10065525,21,0
F23Q30137118,18,0
F22Q20076368,7,1
F23Q30194314,10,1
F23Q20133698,17,0
F22Q30014145,19,0
F23Q20108838,3,1
F22Q20006296,14,0
F22Q40017869,4,1
F22Q40162087,21,0
F22Q10131656,23,0
F22Q20197355,15,0
F22Q40190517,13,0
F22Q10021951,12,1
F22Q30066636,16,0
F22Q40146558,11,1
F23Q20202144,20,0
F22Q20436571,7,1
F22Q20346797,4,1
F23Q30140596,9,1
F22Q30301360,14,0
F22Q20149824,13,0
F23Q20210129,4,1
F22Q30335835,5,1
F22Q10460538,16,0
F22Q10424126,4,1
F22Q30257860,20,0
F22Q10425834,10,1
F23Q20028258,15,0
F22Q30109129,22,0
F22Q30317314,19,0
F22Q20434239,5,1
F22Q30279708,8,1
F22Q30022404,17,0
F22Q20328520,10,1
F22Q40137999,20,0
F23Q30015439,7,1
F22Q10091783,17,0
F23Q10047300,3,1
F22Q10568531,11,1
F22Q10058585,18,0
F22Q10132070,3,1
F22Q10235188,6,1
F22Q40125546,24,0
F22Q10498996,22,0
F23Q10069096,3,1
F22Q20193012,10,1
F22Q20253314,19,0
F23Q30002457,22,0
F22Q20292689,18,0
F22Q10024041,7,1
F22Q30058253,5,1
F22Q40153304,11,1
F22Q40164602,12,1
F23Q30187209,7,1
F22Q40142006,9,1
F22Q30167601,18,0
F22Q20313175,9,1
F22Q20198340,13,0
F22Q30045062,4,1
F22Q10132601,18,0
F22Q40023619,20,0
F22Q40110209,4,1
F22Q40102642,24,0
F22Q20429923,5,1
F22Q20118037,18,0
F22Q20203789,7,1
F22Q30244653,23,0
F22Q30041951,15,0
F22Q30192756,23,0
F22Q40128693,18,0
F22Q40026132,21,0
F23Q10135623,15,0
F22Q10238120,9,1
F22Q30173587,19,0
F22Q40200010,5,1
F22Q30071064,23,0
F22Q30147903,12,1
F23Q30122400,4,1
F22Q10355928,20,0
F22Q10502863,13,0
F22Q10525863,18,0
F22Q30306416,16,0
F22Q40108358,19,0
F22Q20357184,4,1
F22Q20143151,20,0
F22Q10434239,12,1
F22Q30308191,17,0
F22Q10540640,15,0
F23Q20231191,24,0
F22Q10419973,15,0
F22Q40157904,24,0
F23Q30074808,9,1
F22Q40012109,12,1
F22Q30060894,13,0
F23Q30042528,18,0
F22Q40161050,19,0
F23Q20261800,20,0
F23Q20217187,14,0
F23Q30104269,20,0
F22Q10167939,16,0
F23Q20253433,13,0
F23Q30015647,3,1
F23Q10037880,5,1
F22Q30028733,10,1
F22Q20117611,6,1
F23Q10076166,12,1
F23Q30189455,15,0
F22Q10237879,21,0
F23Q20012862,9,1
F22Q30100455,5,1
F22Q40124712,19,0
F22Q10259325,13,0
F22Q20264908,19,0
F23Q30179730,18,0
F22Q40069704,6,1
F22Q20367267,7,1
F22Q40039541,8,1
F22Q10039210,9,1
F22Q20433623,16,0
F22Q10347712,24,0
F22Q10468082,19,0
F23Q10040377,9,1
F22Q20286107,11,1
F23Q20245288,3,1
F22Q10496494,21,0
F23Q20271594,11,1
F23Q30222675,16,0
F22Q10475604,21,0
F23Q20226609,10,1
F22Q30156568,4,1
F22Q40013357,21,0
F22Q30317587,8,1
F23Q20159308,22,0
F22Q30319039,7,1
F22Q10462288,16,0
F22Q30278053,14,0
F22Q10244784,16,0
F22Q10444062,6,1
F22Q30131845,12,1
F22Q30135000,15,0
F22Q10195119,21,0
F22Q10005915,6,1
F22Q10117161,3,1
F23Q20025572,9,1
F23Q20107941,12,1
F22Q10421840,7,1
F22Q10549025,18,0
F22Q10118586,9,1
F22Q30233924,5,1
F23Q10139827,3,1
F23Q30151567,16,0
F22Q30314682,20,0
F23Q10023434,21,0
F23Q10130539,18,0
F22Q20160984,12,1
F23Q10096927,16,0
F22Q30102194,13,0
F22Q10328644,21,0
F22Q40061586,20,0
F22Q10193087,4,1
F22Q30295865,19,0
F22Q30039266,6,1
F22Q20136466,24,0
F22Q10050301,16,0
F23Q30049427,8,1
F22Q10123760,9,1
F22Q30151427,24,0
F22Q20364262,9,1
F22Q30211936,11,1
F22Q20378361,18,0
F22Q10351053,20,0
F22Q30333306,12,1
F22Q40048654,3,1
F22Q30324814,3,1
F22Q30309083,8,1
F22Q20023629,24,0
F23Q20170946,19,0
F22Q30254269,24,0
F23Q10035651,5,1
F22Q20174457,21,0
F22Q30243052,6,1
F22Q30176793,15,0
F23Q20032583,24,0
F22Q10026746,7,1
F22Q10531324,14,0
F23Q10039162,20,0
F22Q30089428,12,1
F23Q20199025,7,1
F23Q20151548,15,0
F23Q30222676,14,0
F22Q30282270,13,0
F22Q20148771,11,1
F22Q10129505,12,1
F22Q20271093,8,1
F23Q20047197,14,0
F22Q10570990,23,0
F22Q30329796,10,1
F22Q10026333,19,0
F22Q30105161,23,0
F23Q20144227,12,1
F22Q10393099,11,1
F22Q30104581,14,0
F23Q10061594,4,1
F23Q30178655,24,0
F22Q20207168,3,1
F23Q30091637,20,0
F22Q10468307,20,0
F22Q20022579,7,1
F22Q30184908,21,0
F22Q40010407,13,0
F22Q40218578,7,1
F23Q30159298,10,1
F22Q10116070,22,0
F23Q20079298,14,0
F22Q30287673,14,0
F23Q20158353,19,0
F23Q10025795,16,0
F22Q10082421,5,1
F23Q20051361,24,0
F22Q30182188,19,0
F22Q40003542,14,0
F23Q10097128,21,0
F23Q10153706,22,0
F23Q30074281,22,0
F22Q30277977,6,1
F23Q30067107,6,1
F22Q10011358,17,0
F22Q40213836,23,0
F22Q40155479,7,1
F22Q40101297,6,1
F22Q10239814,13,0
F22Q30092377,15,0
F23Q10115397,10,1
F22Q10570250,16,0
F22Q10277896,18,0
F22Q40022960,24,0
F22Q10469158,14,0
F22Q40151351,13,0
F23Q20249882,22,0
F22Q10545452,6,1
F22Q10561416,7,1
F22Q40216970,22,0
F22Q10306869,14,0
F22Q10023965,6,1
F23Q30092294,13,0
F22Q10517982,9,1
F23Q20148479,16,0
F22Q20206774,4,1
F22Q20252452,13,0
F23Q20112235,18,0
F22Q40078553,6,1
F22Q30043940,16,0
F22Q30069851,21,0
F22Q30185911,10,1
F22Q20233538,10,1
F22Q20046278,17,0
F22Q20372486,19,0
F23Q10112721,8,1
F23Q10118148,3,1
F22Q30264764,4,1
F22Q30028879,17,0
F23Q20057238,12,1
F22Q10452212,12,1
F23Q30006767,4,1
F23Q20056654,15,0
F23Q30074855,13,0
F22Q20333392,5,1
F23Q30221922,15,0
F22Q30152222,10,1
F22Q40167193,17,0
F22Q40023750,15,0
F22Q30148743,14,0
F22Q20010579,15,0
F22Q30080666,16,0
F22Q30232431,4,1
F22Q10547054,19,0
F22Q40176824,19,0
F22Q10555387,18,0
F22Q40081828,20,0
F22Q10018719,21,0
F22Q30172975,9,1
F22Q10066564,11,1
F22Q20114909,6,1
F22Q20274822,19,0
F22Q20430931,7,1
F22Q30076459,21,0
F23Q30238165,18,0
F22Q20033489,16,0
F23Q20058295,10,1
F23Q20189086,7,1
F22Q10392897,8,1
F22Q20322844,21,0
F22Q30252629,23,0
F23Q20015894,20,0
F22Q10409947,17,0
F22Q30254109,3,1
F23Q30172406,15,0
F23Q20001130,14,0
F22Q10582943,11,1
F22Q20370430,21,0
F22Q30195742,18,0
F22Q10372660,13,0
F22Q10014351,24,0
F23Q20199401,18,0
F22Q20103662,11,1
F22Q10556309,15,0
F23Q30060889,18,0
F23Q20252768,14,0
F23Q30176993,15,0
F22Q30246117,22,0
F22Q10081142,10,1
F22Q20222347,21,0
F22Q30180152,13,0
F23Q10039834,23,0
F22Q30070062,24,0
F22Q20293032,18,0
F22Q40117431,9,1
F23Q10065266,22,0
F23Q10175001,5,1
F22Q30159974,6,1
F22Q30231923,19,0
F23Q20229607,6,1
F23Q30115979,15,0
F22Q10243789,24,0
F22Q10263132,9,1
F23Q30123289,24,0
F23Q10016516,9,1
F23Q30155616,16,0
F22Q10149157,5,1
F22Q40005276,11,1
F22Q30227331,8,1
F22Q40181093,21,0
F23Q10115355,17,0
F23Q20219059,20,0
F23Q20267211,20,0
F22Q30030173,7,1
F22Q10132154,3,1
F23Q20267146,17,0
F23Q30034180,16,0
F22Q40090633,18,0
F22Q30076038,10,1
F22Q10472766,18,0
F22Q20187273,19,0
F22Q10436520,24,0
F23Q30244105,16,0
F23Q20149395,19,0
F23Q10053458,21,0
F22Q10479719,5,1
F22Q30092427,20,0
F22Q10043304,13,0
F22Q30026913,11,1
F22Q10515388,19,0
F23Q10148249,22,0
F22Q30275531,24,0
F22Q10112309,24,0
F22Q20345154,5,1
F23Q10144402,20,0
F23Q30092016,16,0
F23Q20056984,24,0
F22Q20144734,18,0
F22Q20152641,12,1
F22Q20341613,18,0
F22Q30203005,13,0
F22Q30224526,5,1
F22Q10206513,19,0
F22Q30101918,6,1
F22Q30297863,13,0
F22Q40015255,19,0
F22Q20043166,13,0
F23Q30258843,8,1
F22Q30257430,12,1
F22Q40150457,16,0
F22Q30007285,6,1
F22Q40046993,16,0
F22Q10129955,5,1
F23Q30182679,13,0
F22Q20044036,8,1
F22Q20406481,10,1
F22Q20211026,14,0
F22Q20248269,5,1
F22Q40148286,8,1
F22Q40136695,12,1
F22Q40169731,20,0
F23Q20040919,9,1
F23Q10008663,18,0
F22Q10203278,20,0
F22Q20381498,15,0
F23Q30062483,11,1
F23Q30139878,10,1
F23Q30134035,13,0
F22Q20171237,3,1
F22Q40216437,3,1
F23Q10116077,18,0
F22Q20258750,15,0
F22Q20312542,9,1
F22Q20029043,17,0
F22Q30191753,15,0
F23Q20201800,17,0
F22Q20016816,10,1
F22Q40174679,15,0
F23Q30032842,24,0
F22Q30258213,8,1
F23Q20004997,13,0
F23Q30065120,13,0
F22Q30249128,20,0
F22Q30015323,16,0
F22Q30254566,16,0
F22Q10032262,11,1
F22Q10220453,14,0
F22Q40048984,24,0
F22Q40071565,20,0
F23Q30222132,23,0
F22Q20197358,15,0
F22Q10191592,8,1
F22Q20284274,5,1
F22Q10168734,12,1
F22Q30053593,16,0
F22Q30320274,16,0
F23Q20071530,22,0
F22Q10014051,4,1
F22Q40104621,14,0
F23Q30160459,20,0
F23Q30186733,13,0
F22Q20241996,16,0
F22Q20083520,7,1
F22Q30033783,24,0
F22Q40212945,23,0
F23Q30004825,17,0
F22Q10060961,17,0
F22Q10339527,22,0
F23Q20160892,6,1
F23Q30243226,18,0
F22Q40000731,10,1
F23Q10178832,16,0
F23Q20042289,6,1
F22Q10162051,8,1
F23Q20208890,14,0
F22Q10206564,16,0
F23Q20251371,5,1
F23Q20096520,22,0
F23Q30245654,14,0
F22Q30091799,21,0
F22Q40178148,16,0
F22Q20311124,5,1
F22Q20175546,6,1
F22Q20258778,13,0
F22Q20420183,21,0
F22Q10504851,24,0
F23Q30184138,21,0
F22Q20204113,9,1
F22Q30286190,17,0
F23Q20262028,17,0
F23Q10046661,3,1
F22Q30283902,5,1
F22Q10383673,24,0
F22Q30074792,20,0
F23Q10172870,14,0
F22Q10237854,19,0
F23Q20268962,11,1
F22Q10281958,8,1
F23Q20143609,11,1
F22Q20256156,11,1
F22Q40024493,21,0
F22Q10441810,22,0
F23Q10182743,16,0
F22Q30174235,23,0
F23Q20061558,15,0
F22Q30054076,9,1
F22Q40091422,9,1
F22Q20427498,14,0
F23Q20114067,22,0
F22Q30127524,9,1
F22Q30014014,17,0
F22Q40016403,13,0
F23Q20257077,15,0
F22Q30204240,23,0
F23Q30241310,18,0
F22Q30231083,24,0
F23Q10095013,18,0
F23Q20230084,17,0
F22Q20407237,18,0
F23Q20085845,18,0
F23Q30000077,6,1
F23Q30093011,12,1
F23Q30231751,12,1
F22Q10295842,18,0
F23Q20238293,22,0
F22Q40063327,4,1
F22Q20100413,15,0
F22Q40079764,3,1
F22Q30207859,7,1
F22Q10341325,23,0
F22Q10419877,9,1
F23Q20266326,8,1
F23Q20072179,13,0
F22Q20161358,7,1
F22Q30167121,8,1
F23Q20010896,22,0
F23Q20149774,12,1
F22Q30130777,10,1
F22Q30196082,23,0
F23Q30228695,15,0
F22Q10237916,9,1
F22Q30315646,4,1
F22Q20370774,6,1
F23Q20172583,15,0
F23Q30180762,20,0
F23Q10059059,3,1
F22Q40219530,4,1
F23Q30013834,17,0
F23Q10080636,18,0
F23Q30083325,19,0
F22Q10022892,23,0
F22Q20016451,8,1
F23Q30006155,16,0
F23Q10012488,6,1
F22Q20085471,19,0
F22Q20103529,18,0
F22Q40011760,15,0
F22Q30294171,15,0
F23Q30204234,3,1
F22Q30110865,24,0
F22Q30158289,6,1
F22Q10263873,7,1
F22Q20188111,8,1
F22Q40134558,9,1
F22Q30225543,19,0
F22Q10119728,14,0
F23Q30115209,19,0
F23Q30180437,6,1
F22Q20328377,15,0
F23Q10159117,7,1
F22Q30025454,9,1
F22Q20204844,14,0
F23Q20090147,17,0
F22Q40018621,19,0
F23Q30233774,12,1
F23Q10034495,21,0
F22Q20002885,21,0
F22Q10365323,8,1
F22Q10036233,11,1
F22Q40179905,12,1
F23Q20092454,24,0
F22Q20014172,3,1
F22Q40045604,17,0
F23Q10144423,12,1
F22Q20070203,6,1
F22Q30110075,7,1
F23Q20076689,18,0
F22Q10038385,18,0
F22Q40028588,20,0
F22Q30190820,19,0
F22Q40158308,12,1
F22Q30223919,3,1
F22Q20130741,12,1
F23Q30020797,18,0
F22Q30195125,18,0
F22Q20334794,21,0
F23Q10072332,8,1
F22Q10016444,15,0
F22Q30258164,4,1
F23Q20159978,15,0
F22Q10478835,15,0
F23Q30213530,12,1
F22Q10265702,8,1
F22Q10368338,12,1
F23Q20102871,12,1
F22Q30110703,5,1
F22Q20077638,20,0
F22Q10073198,17,0
F22Q20268519,12,1
F23Q10002640,21,0
F22Q10497269,12,1
F22Q10144159,15,0
F23Q30134905,17,0
F22Q30100826,22,0
F22Q40174124,12,1
F22Q30157089,24,0
F22Q10130055,4,1
F22Q10469861,12,1
F23Q20079979,12,1
F22Q10142672,5,1
F22Q10264850,15,0
F23Q10027980,5,1
F22Q40114942,8,1
F22Q40129587,12,1
F22Q30224937,23,0
F23Q20070203,19,0
F22Q30241866,14,0
F23Q20261217,10,1
F23Q30022197,15,0
F22Q10230870,24,0
F23Q20046526,17,0
F22Q40200485,13,0
F22Q20369544,17,0
F22Q20407547,24,0
F23Q30125153,17,0
F22Q30007280,5,1
F22Q10453102,18,0
F22Q20373805,19,0
F22Q40051598,9,1
F23Q20211201,20,0
F23Q30126646,4,1
F22Q10504076,18,0
F22Q10267173,15,0
F23Q20184461,16,0
F22Q30044887,6,1
F23Q30244932,13,0
F22Q10542576,21,0
F23Q30115553,10,1
F23Q30039756,5,1
F22Q10444683,17,0
F22Q30150205,14,0
F22Q30086522,17,0
F23Q20127887,19,0
F22Q20437195,21,0
F22Q40019835,10,1
F22Q20175284,13,0
F23Q20054481,21,0
F23Q30066742,11,1
F22Q20194517,22,0
F22Q30096622,15,0
F22Q40090457,9,1
F22Q20300410,19,0
F22Q30202459,11,1
F22Q30326843,9,1
F23Q10030705,20,0
F23Q20213502,5,1
F23Q30189361,20,0
F22Q30006460,10,1
F22Q30102254,5,1
F22Q20156755,18,0
F23Q20039863,6,1
F23Q10178757,4,1
F23Q10008776,10,1
F23Q20007771,11,1
F23Q20138586,21,0
F22Q30057926,24,0
F23Q30055480,6,1
F22Q30128054,10,1
F22Q10573281,11,1
F22Q10395882,6,1
F23Q30200982,16,0
F22Q20174838,19,0
F22Q20245071,24,0
F23Q30047971,13,0
F22Q10393970,8,1
F22Q10466636,15,0
F22Q30333063,15,0
F22Q20063655,17,0
F22Q30229997,22,0
F22Q30316716,21,0
F22Q10245167,23,0
F23Q10086667,22,0
F22Q40208424,18,0
F23Q20156147,22,0
F22Q10174823,7,1
F22Q10212837,18,0
F22Q20205780,11,1
F22Q40210752,21,0
F22Q10360630,19,0
F23Q20182064,14,0
F22Q10236118,11,1
F23Q20148607,3,1
F22Q10454365,10,1
F22Q20356970,6,1
F22Q40010364,20,0
F23Q10046572,20,0
F22Q30307658,14,0
F22Q30141606,13,0
F22Q30251849,21,0
F22Q40145210,11,1
F22Q30114166,22,0
F22Q10452502,8,1
F22Q10019794,6,1
F22Q10000677,21,0
F22Q40176172,8,1
F22Q10336004,10,1
F23Q30236205,16,0
F22Q30059389,4,1
F22Q20157289,11,1
F22Q20071689,5,1
F23Q30003492,6,1
F22Q40097027,14,0
F22Q40205645,8,1
F23Q30118555,5,1
F22Q20281362,14,0
F23Q30001855,18,0
F23Q10014790,18,0
F22Q40066423,17,0
F22Q10477289,9,1
F22Q30268729,6,1
F22Q40202612,24,0
F22Q10502756,10,1
F22Q10046332,17,0
F22Q20383857,11,1
F22Q40016850,8,1
F23Q20141486,23,0
F22Q20097888,9,1
F22Q10214221,7,1
F23Q20242446,22,0
F22Q30123967,12,1
F22Q10348191,22,0
F23Q20195684,18,0
F22Q10287054,15,0
F22Q10204644,10,1
F22Q10466240,19,0
F22Q10338931,12,1
F22Q30099373,19,0
F22Q30037783,9,1
F22Q10379336,13,0
F23Q20050987,12,1
F22Q40017540,22,0
F23Q20012771,18,0
F23Q30064635,13,0
F22Q20025754,8,1
F22Q30080968,7,1
F22Q30059819,3,1
F22Q10115786,14,0
F23Q10100563,16,0
F23Q30128699,12,1
F23Q10115242,4,1
F22Q40094744,24,0
F22Q30056431,4,1
F23Q20025630,14,0
F22Q20327854,3,1
F22Q10572653,5,1
F22Q10183132,20,0
F22Q30005868,20,0
F23Q20049976,12,1
F22Q10344033,20,0
F23Q30259817,16,0
F23Q20007548,13,0
F22Q10343420,7,1
F23Q20263162,12,1
F23Q20189082,13,0
F22Q10466455,18,0
F23Q30133379,18,0
F22Q10482722,21,0
F22Q30130859,15,0
F23Q10176943,18,0
F22Q30320713,7,1
F22Q10478833,17,0
F22Q30101053,11,1
F22Q40037955,10,1
F23Q10069482,17,0
F22Q40016163,4,1
F22Q10117921,9,1
F23Q30181477,15,0
F23Q30049797,18,0
F23Q20253019,18,0
F22Q30099241,16,0
F23Q20066954,3,1
F23Q20262854,16,0
F22Q20018018,13,0
F23Q30097258,15,0
F23Q30219521,19,0
F22Q30277613,7,1
F22Q10204009,23,0
F22Q10509899,15,0
F23Q30190665,11,1
F22Q40084673,4,1
F22Q40167967,23,0
F23Q30030450,8,1
F23Q30198479,10,1
F22Q30208889,4,1
F23Q20194874,17,0
F23Q20129680,17,0
F22Q20113070,7,1
F22Q20207833,16,0
F22Q20274202,18,0
F22Q10409687,22,0
F22Q10188203,23,0
F23Q10111401,16,0
F22Q10551218,18,0
F22Q20429724,20,0
F22Q20233017,4,1
F22Q40156298,14,0
F22Q20101716,3,1
F23Q20222851,18,0
F23Q10135586,16,0
F23Q20015362,15,0
F23Q10049649,23,0
F22Q20285384,13,0
F22Q40208624,22,0
F22Q10098342,8,1
F22Q10459045,6,1
F22Q20133333,8,1
F23Q30253104,9,1
F22Q20186080,14,0
F23Q20178921,15,0
F22Q30259348,21,0
F22Q10523646,7,1
F22Q20308748,10,1
F22Q40147031,22,0
F23Q20267133,19,0
F23Q30121231,15,0
F22Q20006585,22,0
F23Q10162216,21,0
F23Q20131338,16,0
F22Q40162462,21,0
F23Q20264515,13,0
F22Q10041193,7,1
F23Q30239795,20,0
F22Q10398946,16,0
F23Q10082206,7,1
F22Q10511147,24,0
F22Q40005824,11,1
F22Q20385006,21,0
F22Q20430229,18,0
F23Q10179768,7,1
F22Q30286307,20,0
F22Q20063016,16,0
F22Q20301594,10,1
F22Q20041407,12,1
F22Q40051509,5,1
F22Q30046942,13,0
F22Q10200584,18,0
F23Q20273726,8,1
F22Q20395435,21,0
F22Q20208722,24,0
F23Q30110343,5,1
F22Q20260401,12,1
F22Q20245935,24,0
F23Q10039190,16,0
F22Q20156641,8,1
F23Q10090234,22,0
F22Q20144280,6,1
F22Q40174121,6,1
F22Q40031583,13,0
F23Q10057612,19,0
F22Q10357166,11,1
F22Q20046963,10,1
F22Q20268513,6,1
F22Q30156792,20,0
F22Q30022029,8,1
F22Q20285658,9,1
F22Q20138849,18,0
F22Q40141027,11,1
F22Q20307381,5,1
F22Q30019830,3,1
F22Q10387925,5,1
F22Q30232257,23,0
F22Q20159006,13,0
F22Q20355248,10,1
F23Q30009667,5,1
F23Q20245737,9,1
F22Q40023730,8,1
F22Q20170637,4,1
F22Q30099981,8,1
F22Q20154386,7,1
F22Q10216117,19,0
F22Q40115265,3,1
F22Q10058506,14,0
F22Q10206671,10,1
F22Q30150280,24,0
F23Q30130371,18,0
F23Q10064400,5,1
F22Q10240444,11,1
F22Q30330028,3,1
F23Q30069894,17,0
F22Q10031183,4,1
F22Q10280620,18,0
F23Q30007135,13,0
F22Q30053193,14,0
F23Q30018548,12,1
F22Q10452324,13,0
F22Q20066267,22,0
F22Q10174487,10,1
F22Q10324514,15,0
F22Q10151085,3,1
F22Q20137339,9,1
F22Q20424523,13,0
F22Q10392611,18,0
F22Q40335000,17,0
F22Q30303537,13,0
F22Q10241252,16,0
F22Q20256861,8,1
F22Q40145099,22,0
F22Q30009448,13,0
F23Q30180471,17,0
F22Q10408737,18,0
F22Q20234336,8,1
F23Q10060512,7,1
F23Q10042643,14,0
F23Q30024485,11,1
F22Q20328660,15,0
F22Q10276914,14,0
F22Q10393799,10,1
F23Q10040634,19,0
F22Q20184723,17,0
F23Q20176742,16,0
F22Q30298251,22,0
F22Q30003449,3,1
F22Q10578300,16,0
F23Q10057815,12,1
F23Q30133701,7,1
F22Q10461451,24,0
F22Q20152115,23,0
F23Q20122968,19,0
F23Q10167911,23,0
F23Q30181862,5,1
F23Q10113590,15,0
F23Q30038602,20,0
F22Q10239760,20,0
F22Q10419003,9,1
F23Q10110521,16,0
F22Q40076137,7,1
F22Q10104971,16,0
F22Q30303517,23,0
F22Q30118485,24,0
F23Q30134587,13,0
F22Q10327361,16,0
F22Q40010040,21,0
F22Q10109355,17,0
F22Q10343434,9,1
F23Q30043534,11,1
F22Q10204658,20,0
F22Q20203860,17,0
F23Q30010899,21,0
F22Q10247528,15,0
F23Q20242521,10,1
F22Q30155777,24,0
F22Q30157933,15,0
F22Q10419751,9,1
F23Q20005721,13,0
F22Q10396363,12,1
F22Q30146759,13,0
F23Q10038834,10,1
F22Q20012469,17,0
F22Q10462576,16,0
F23Q20247022,10,1
F22Q20249652,22,0
F23Q30239042,22,0
F23Q20072340,14,0
F23Q20173830,24,0
F23Q10124620,19,0
F22Q20155229,8,1
F22Q30268325,14,0
F22Q30152185,7,1
F23Q20100061,23,0
F22Q30230454,8,1
F22Q10188725,13,0
F22Q10274036,13,0
F22Q10294738,23,0
F23Q20058109,15,0
F23Q20224368,18,0
F22Q20081051,4,1
F22Q10543208,22,0
F22Q10402413,21,0
F22Q10204168,11,1
F22Q30298177,16,0
F23Q20108022,13,0
F23Q30087262,22,0
F22Q30185556,6,1
F22Q30213687,13,0
F22Q10501784,8,1
F22Q40084365,18,0
F22Q20028192,8,1
F23Q20198730,16,0
F22Q10169755,7,1
F23Q20247122,20,0
F22Q40007600,24,0
F22Q30179911,14,0
F22Q30256490,11,1
F23Q10016324,20,0
F22Q20429994,23,0
F23Q30167978,3,1
F23Q10022979,18,0
F22Q30143855,21,0
F22Q20058583,3,1
F22Q20277746,21,0
F22Q30156186,6,1
F23Q10183497,11,1
F23Q30161260,19,0
F22Q10411671,8,1
F23Q10001975,20,0
F23Q30230444,18,0
F22Q20350717,18,0
F22Q20044538,10,1
F22Q10328183,11,1
F22Q10304333,5,1
F22Q30334747,6,1
F22Q20090821,21,0
F23Q30222127,21,0
F23Q10103793,13,0
F22Q20085791,7,1
F22Q40033627,4,1
F22Q30043810,22,0
F22Q20241725,11,1
F22Q30245839,5,1
F23Q30097393,14,0
F22Q10494359,22,0
F23Q30165448,11,1
F22Q20149992,12,1
F23Q30092103,12,1
F22Q10557713,14,0
F22Q10533043,17,0
F23Q30098219,15,0
F22Q30206285,5,1
F23Q30160917,9,1
F22Q20430957,20,0
F22Q10470119,14,0
F22Q40026037,13,0
F23Q20225872,19,0
F22Q30027272,11,1
F22Q10286108,6,1
F23Q30226535,6,1
F22Q10514809,11,1
F22Q40070595,22,0
F23Q20164046,18,0
F23Q20044955,18,0
F23Q30077420,17,0
F23Q20098524,16,0
F22Q10134250,17,0
F23Q20153146,7,1
F22Q30144521,24,0
F23Q10122320,9,1
F22Q10157367,16,0
F22Q40113495,16,0
F22Q10214869,16,0
F23Q20178288,6,1
F22Q10454588,16,0
F23Q20049902,11,1
F22Q30211100,17,0
F22Q40178146,13,0
F23Q30168812,13,0
F22Q20113617,7,1
F22Q10400927,13,0
F23Q30231563,9,1
F23Q20123040,17,0
F22Q10399216,23,0
F23Q10144716,21,0
F23Q20021225,17,0
F23Q20027387,8,1
F22Q10113176,21,0
F22Q10493849,23,0
F22Q20307462,14,0
F22Q10180212,19,0
F23Q20072267,18,0
F22Q40132557,22,0
F22Q20435427,16,0
F23Q30258199,12,1
F22Q30094346,15,0
F22Q40174507,20,0
F22Q30175666,21,0
F22Q30284399,4,1
F22Q30253414,14,0
F23Q20133534,24,0
F23Q20009418,10,1
F22Q20237631,9,1
F22Q20109414,9,1
F23Q30207611,11,1
F22Q20404791,21,0
F22Q30227693,4,1
F23Q20254132,12,1
F22Q20178893,11,1
F22Q20124629,23,0
F22Q10460809,8,1
F22Q20087808,4,1
F23Q20169036,7,1
F22Q40085003,21,0
F23Q20238808,20,0
F22Q40155655,9,1
F23Q20094618,21,0
F22Q20310442,7,1
F22Q40190826,18,0
F22Q20381174,18,0
F22Q20375076,15,0
F22Q30173721,24,0
F23Q20203488,24,0
F23Q30176234,14,0
F22Q30181572,5,1
F22Q20381144,3,1
F23Q30189984,16,0
F22Q10419984,14,0
F23Q20043582,15,0
F22Q40071466,6,1
F22Q40189162,6,1
F22Q10089018,24,0
F22Q20074549,19,0
F22Q40146211,10,1
F23Q10172862,9,1
F22Q10237747,23,0
F22Q20400475,20,0
F22Q30120745,21,0
F22Q10168247,8,1
F23Q10112191,23,0
F22Q30059436,4,1
F22Q10462357,13,0
F22Q30181984,8,1
F22Q40032255,12,1
F23Q10109124,15,0
F22Q10177401,16,0
F22Q10458228,17,0
F22Q20324099,15,0
F22Q20398222,16,0
F22Q30004631,24,0
F22Q30110958,14,0
F23Q30192190,23,0
F23Q20124091,23,0
F22Q30190361,21,0
F23Q30119977,23,0
F22Q10117149,3,1
F23Q30157280,20,0
F22Q40059733,8,1
F22Q10468627,8,1
F22Q10364103,19,0
F22Q30206356,7,1
F23Q30136731,19,0
F22Q10429109,6,1
F22Q20082181,11,1
F23Q30231664,18,0
F23Q10024249,17,0
F22Q20226725,23,0
F22Q40125970,17,0
F22Q10084767,14,0
F22Q10160681,12,1
F22Q20325638,14,0
F22Q40081825,19,0
F23Q30034996,4,1
F23Q30036845,23,0
F22Q30192584,20,0
F23Q30064502,15,0
F22Q40094141,12,1
F22Q20249123,24,0
F23Q30125370,9,1
F22Q20125911,12,1
F22Q10396177,11,1
F22Q10537543,15,0
F23Q20271913,17,0
F23Q10039257,3,1
F22Q20347759,18,0
F22Q20381227,9,1
F23Q10074492,21,0
F23Q20189291,19,0
F22Q20121212,21,0
F22Q30222530,24,0
F23Q10055592,12,1
F23Q20246719,12,1
F23Q10072730,14,0
F23Q10055361,19,0
F23Q10091202,9,1
F23Q30027843,13,0
F22Q40189010,18,0
F23Q30042738,6,1
F22Q40188857,24,0
F22Q30173801,21,0
F23Q10107242,20,0
F22Q10062483,18,0
F23Q30179391,18,0
F22Q10443615,13,0
F22Q30149277,23,0
F22Q40206979,6,1
F23Q30054716,14,0
F22Q30013769,6,1
F22Q40157313,14,0
F23Q30168963,12,1
F23Q10065768,9,1
F23Q20125603,22,0
F22Q10161623,23,0
F23Q10032417,17,0
F22Q10085477,18,0
F23Q20113731,16,0
F22Q30172169,18,0
F22Q10417967,19,0
F23Q10078759,11,1
F22Q30317448,5,1
F22Q40017066,20,0
F23Q30233194,8,1
F22Q10480309,9,1
F22Q10291376,22,0
F22Q30222281,19,0
F22Q20221940,20,0
F22Q20251096,18,0
F22Q40089947,15,0
F22Q10076753,10,1
F23Q20035348,23,0
F22Q10443757,5,1
F22Q10194621,11,1
F23Q20138420,13,0
F22Q10271966,5,1
F23Q30101073,7,1
F22Q20404264,23,0
F22Q20150003,16,0
F23Q30224078,18,0
F22Q10421493,20,0
F23Q30145428,21,0
F22Q10514070,14,0
F22Q30327887,5,1
F22Q20167029,22,0
F23Q30144886,14,0
F23Q20049478,3,1
F23Q30093755,19,0
F23Q20179276,3,1
F22Q10101964,18,0
F22Q20054626,13,0
F22Q10327606,7,1
F23Q10061137,24,0
F22Q10244923,6,1
F22Q10249751,20,0
F22Q40186472,14,0
F23Q10070477,15,0
F23Q10105302,21,0
F22Q10338244,6,1
F22Q20436567,7,1
F22Q20401118,9,1
F22Q10278199,5,1
F23Q10144047,8,1
F22Q10336162,17,0
F22Q30075484,10,1
F22Q40015013,3,1
F23Q20231332,3,1
F22Q20314860,16,0
F22Q20095199,21,0
F23Q30259112,23,0
F22Q20270853,15,0
F22Q40012459,3,1
F22Q20222755,5,1
F22Q40076058,15,0
F22Q10495785,5,1
F22Q10189071,6,1
F22Q30202056,21,0
F22Q40065662,23,0
F22Q30271645,19,0
F23Q10172689,12,1
F23Q30004580,4,1
F23Q20140430,18,0
F22Q40058960,22,0
F22Q10099260,16,0
F22Q10470524,7,1
F22Q30217450,18,0
F22Q10117212,12,1
F22Q20235449,10,1
F22Q10389631,13,0
F22Q10327085,20,0
F23Q20232862,12,1
F22Q20203403,5,1
F22Q10158422,15,0
F22Q20261369,8,1
F23Q20101348,20,0
F22Q40042163,5,1
F22Q30109040,7,1
F22Q10433202,21,0
F22Q20105859,12,1
F22Q40111938,24,0
F22Q10395175,6,1
F22Q20219530,6,1
F23Q30219696,16,0
F23Q20262793,16,0
F23Q10035923,15,0
F22Q10029644,20,0
F22Q10487328,23,0
F22Q30146741,17,0
F23Q10036202,6,1
F23Q30078324,17,0
F23Q10009804,11,1
F23Q10174785,7,1
F22Q20216526,21,0
F22Q30294499,4,1
F22Q30054173,18,0
F22Q40172455,22,0
F22Q20040835,23,0
F22Q20307422,8,1
F22Q10352506,5,1
F22Q10465721,9,1
F23Q30161622,5,1
F22Q20175990,6,1
F23Q20086409,20,0
F23Q30249115,4,1
F22Q20099903,13,0
F22Q40201285,23,0
F22Q30249851,10,1
F23Q20270833,20,0
F23Q30017986,20,0
F22Q30160624,20,0
F23Q30220606,22,0
F22Q10448150,7,1
F23Q30166513,18,0
F22Q20256467,16,0
F22Q30329345,9,1
F23Q30157856,9,1
F22Q30012073,3,1
F23Q20245775,11,1
F23Q10058408,21,0
F22Q30059423,6,1
F22Q40084367,8,1
F23Q10056044,18,0
F23Q30108456,10,1
F23Q20070776,8,1
F22Q20227480,4,1
F22Q30313542,5,1
F22Q20068522,5,1
F22Q10471875,7,1
F22Q30143125,10,1
F23Q10098186,8,1
F23Q20083094,12,1
F22Q20281052,18,0
F23Q10005636,6,1
F22Q20133981,19,0
F22Q20189529,14,0
F22Q20178871,12,1
F23Q30203582,11,1
F23Q30077218,15,0
F22Q30015856,5,1
F22Q30177836,16,0
F23Q10180815,13,0
F22Q20354920,13,0
F22Q20052042,4,1
F22Q40077991,22,0
F22Q40069787,24,0
F22Q20161986,13,0
F23Q20183049,21,0
F22Q10194895,18,0
F22Q40061983,8,1
F22Q10025038,13,0
F23Q20069865,21,0
F23Q30075733,11,1
F22Q10044406,22,0
F22Q30183631,23,0
F22Q40118747,23,0
F23Q20108143,7,1
F23Q30049758,14,0
F23Q10160126,20,0
F22Q40136996,4,1
F22Q30010191,7,1
F22Q40100345,24,0
F22Q20374977,23,0
F22Q10364451,10,1
F23Q10100777,20,0
F22Q20017795,12,1
F22Q30047491,9,1
F22Q10172372,17,0
F22Q20139478,13,0
F22Q40023538,11,1
F23Q30073688,21,0
F22Q30299246,13,0
F22Q30197853,18,0
F22Q30168791,18,0
F22Q30193670,21,0
F22Q10190293,21,0
F23Q20108299,23,0
F22Q10189006,9,1
F22Q20143119,19,0
F23Q10153466,22,0
F22Q40054293,16,0
F22Q20098775,4,1
F23Q20067164,13,0
F23Q20191876,7,1
F23Q10052487,17,0
F22Q30134517,16,0
F22Q30276543,3,1
F22Q40094123,12,1
F22Q40043307,4,1
F22Q20289743,21,0
F23Q30139846,13,0
F22Q10452017,21,0
F22Q10215333,9,1
F22Q20373297,5,1
F22Q40123469,15,0
F22Q30038708,20,0
F22Q30045724,7,1
F22Q10420029,16,0
F23Q30112843,5,1
F22Q10253545,5,1
F22Q30180617,5,1
F23Q10086036,13,0
F23Q10003261,9,1
F22Q20288926,19,0
F23Q10059752,22,0
F23Q20078660,20,0
F22Q20157602,8,1
F23Q30257847,14,0
F22Q20383440,23,0
F23Q30007269,19,0
F23Q10135524,23,0
F22Q10550770,23,0
F22Q20019049,14,0
F22Q30177866,24,0
F22Q40004977,23,0
F22Q20138920,9,1
F22Q20436363,13,0
F22Q30213200,16,0
F22Q30097610,10,1
F22Q30089562,4,1
F22Q30110291,14,0
F22Q10164202,24,0
F22Q40138828,24,0
F22Q40020359,22,0
F22Q30077925,16,0
F22Q20317075,4,1
F23Q30089849,17,0
F22Q30091207,13,0
F23Q20036807,7,1
F22Q20381792,16,0
F22Q20158485,14,0
F22Q20121314,15,0
F23Q20090819,13,0
F22Q10578024,10,1
F22Q10303211,14,0
F22Q20284715,23,0
F23Q20225673,22,0
F22Q20414501,16,0
F22Q10068681,5,1
F22Q10432163,17,0
F23Q30133157,12,1
F22Q30111076,12,1
F22Q40006135,15,0
F22Q10280022,15,0
F22Q10441750,11,1
F22Q40166575,24,0
F23Q10057088,9,1
F22Q10290726,6,1
F23Q20103509,21,0
F23Q10050380,9,1
F22Q20173042,18,0
F22Q10158780,14,0
F23Q20018419,12,1
F22Q10548762,15,0
F22Q30075715,7,1
F23Q10069943,11,1
F23Q10141405,22,0
F22Q30168280,11,1
F23Q10166096,20,0
F23Q20168849,10,1
F23Q10164884,13,0
F23Q30057334,5,1
F22Q10247892,11,1
F22Q10261141,17,0
F22Q40122557,11,1
F23Q20146970,21,0
F23Q20260784,10,1
F23Q30232871,18,0
F22Q10424829,24,0
F23Q10048076,16,0
F22Q10117165,3,1
F23Q30036468,12,1
F23Q30089688,12,1
F22Q20362525,13,0
F22Q30203849,23,0
F23Q30111730,22,0
F22Q20105585,21,0
F22Q30257408,24,0
F22Q10497519,7,1
F23Q30259867,16,0
F23Q30155950,14,0
F22Q40044738,8,1
F22Q40047387,12,1
F23Q20185865,19,0
F22Q30092516,7,1
F22Q10231551,17,0
F22Q30026111,4,1
F22Q20420205,16,0
F22Q40103345,13,0
F22Q40106023,22,0
F22Q40035556,22,0
F23Q30248779,14,0
F22Q40205821,10,1
F23Q20256427,14,0
F22Q20042846,14,0
F22Q10444330,7,1
F22Q30074009,24,0
F22Q10478670,8,1
F23Q30111725,8,1
F23Q20270726,20,0
F22Q40045875,24,0
F23Q20117724,18,0
F22Q10080076,11,1
F22Q10337627,9,1
F23Q10176152,9,1
F23Q20228315,13,0
F23Q10101819,19,0
F22Q10444312,8,1
F22Q20332932,15,0
F22Q40085292,22,0
F22Q30309872,21,0
F23Q20247309,9,1
F22Q10393375,23,0
F22Q40014916,10,1
F23Q20044568,18,0
F23Q10011819,16,0
F23Q20255310,7,1
F23Q30038371,17,0
F22Q30254276,21,0
F22Q30204596,22,0
F22Q40095361,11,1
F22Q30204938,5,1
F23Q20256521,14,0
F22Q10406390,15,0
F22Q10358869,14,0
F22Q20148975,8,1
F22Q30159556,12,1
F23Q20241624,24,0
F23Q10068733,22,0
F22Q10407427,19,0
F22Q30327358,23,0
F22Q10488993,6,1
F22Q10433701,19,0
F22Q40153951,9,1
F22Q40207482,4,1
F22Q40205092,13,0
F23Q30034653,13,0
F22Q40006747,11,1
F22Q10021497,8,1
F22Q30048911,8,1
F22Q20184335,16,0
F22Q40197285,24,0
F22Q30316642,6,1
F22Q10233892,21,0
F23Q10108711,10,1
F22Q30307942,14,0
F22Q30014554,17,0
F22Q40211558,13,0
F22Q10256322,19,0
F23Q30165042,3,1
F22Q30154350,16,0
F23Q30186150,22,0
F22Q20329102,21,0
F22Q40163090,20,0
F22Q30108308,18,0
F23Q30239071,7,1
F23Q20221472,16,0
F22Q30139482,22,0
F23Q30182323,19,0
F22Q10250537,13,0
F22Q30190996,17,0
F23Q20055950,14,0
F22Q30273353,22,0
F22Q10443680,12,1
F22Q10377543,18,0
F22Q20073977,10,1
F22Q20060472,14,0
F22Q30148511,14,0
F23Q30165699,21,0
F22Q20127136,21,0
F22Q10465478,14,0
F22Q20319168,17,0
F22Q40017646,12,1
F23Q30209245,17,0
F22Q20137950,8,1
F22Q20024435,21,0
F22Q20265394,12,1
F22Q10230993,8,1
F22Q10505240,16,0
F23Q30063414,22,0
F23Q10089796,15,0
F23Q30170588,16,0
F23Q10124418,18,0
F23Q30184950,12,1
F22Q30049177,3,1
F22Q10290874,24,0
F22Q40042277,23,0
F22Q20308569,17,0
F22Q20078972,4,1
F23Q20129860,21,0
F22Q40043873,15,0
F22Q20005532,14,0
F22Q10028574,24,0
F22Q30033179,4,1
F22Q10044727,10,1
F22Q10229230,7,1
F23Q10095770,21,0
F22Q20337014,10,1
F22Q40134363,22,0
F22Q20299566,17,0
F22Q20083666,13,0
F22Q30089681,12,1
F22Q40076571,23,0
F23Q20063149,19,0
F22Q30294902,12,1
F22Q20076727,21,0
F23Q30223613,8,1
F22Q10166392,5,1
F22Q10327237,6,1
F22Q10451114,4,1
F23Q30164183,15,0
F22Q10064713,21,0
F22Q40179714,20,0
F22Q30020889,22,0
F22Q20430636,4,1
F23Q10111754,19,0
F22Q20360517,17,0
F22Q10360697,15,0
F22Q30247821,24,0
F22Q10062572,10,1
F22Q40156969,19,0
F22Q20362970,23,0
F23Q10036874,22,0
F23Q10038316,20,0
F23Q30176233,15,0
F22Q10499998,18,0
F22Q20410545,20,0
F22Q30218470,15,0
F23Q20055870,19,0
F22Q20316781,4,1
F22Q10115002,3,1
F23Q20042129,8,1
F23Q10028057,5,1
F22Q20113746,8,1
F23Q20106640,22,0
F22Q20071025,18,0
F22Q20250076,16,0
F22Q10223072,20,0
F22Q20189016,18,0
F22Q10264674,15,0
F22Q10337199,19,0
F23Q10051750,8,1
F23Q10140451,20,0
F22Q10379342,9,1
F22Q10023485,3,1
F22Q20203999,9,1
F22Q10312536,6,1
F22Q40113468,12,1
F22Q30081770,12,1
F22Q30228628,24,0
F22Q40150318,7,1
F22Q10332234,3,1
F22Q20413305,13,0
F22Q10198896,24,0
F22Q10329772,17,0
F22Q10112784,14,0
F22Q30259227,5,1
F22Q40067044,21,0
F22Q30176818,10,1
F22Q30047939,21,0
F22Q20137229,17,0
F22Q40050324,12,1
F22Q10235470,23,0
F22Q20181877,7,1
F23Q30105285,20,0
F22Q10054835,17,0
F22Q10177451,24,0
F22Q20052440,6,1
F22Q30183319,16,0
F23Q20235877,17,0
F22Q20257027,18,0
F22Q10086616,13,0
F22Q10476475,9,1
F22Q20164191,9,1
F23Q10080302,16,0
F22Q10443420,17,0
F23Q20265011,17,0
F23Q30012377,22,0
F22Q10034976,14,0
F22Q40083527,7,1
F22Q20193504,15,0
F22Q10504624,20,0
F22Q30145015,8,1
F22Q30087341,12,1
F22Q10064278,12,1
F23Q20040741,5,1
F23Q10048173,14,0
F22Q20339234,17,0
F22Q10286308,12,1
F22Q30229369,13,0
F22Q20141676,12,1
F22Q20159871,5,1
F22Q30120760,6,1
F22Q40109198,18,0
F22Q10362665,3,1
F23Q30211632,10,1
F22Q20360838,9,1
F22Q10529316,22,0
F22Q20039674,17,0
F22Q10025409,10,1
F22Q10189435,23,0
F22Q40171846,16,0
F23Q10105914,22,0
F22Q20286418,20,0
F23Q10162384,10,1
F23Q30222931,9,1
F22Q40087370,12,1
F22Q30156623,6,1
F23Q20066510,18,0
F22Q40167145,8,1
F23Q20125454,8,1
F22Q40065624,13,0
F23Q20138919,18,0
F22Q30033630,4,1
F22Q10315902,15,0
F22Q20001897,4,1
F22Q30203572,12,1
F23Q10044035,18,0
F22Q10178162,5,1
F22Q10207595,23,0
F22Q10550365,8,1
F23Q10144566,18,0
F23Q20183662,4,1
F22Q30130299,9,1
F23Q20082527,20,0
F23Q30259838,11,1
F22Q40115745,3,1
F22Q10355321,12,1
F23Q20203665,22,0
F23Q30034469,7,1
F22Q20386420,24,0
F22Q40186836,24,0
F22Q10498231,19,0
F23Q10046607,9,1
F22Q10449174,23,0
F23Q30171618,16,0
F23Q10043477,16,0
F23Q20261784,23,0
F22Q30043985,24,0
F23Q10084013,18,0
F23Q30241222,10,1
F23Q30201267,12,1
F22Q30121496,14,0
F22Q40115437,21,0
F22Q20256035,20,0
F23Q10062417,23,0
F22Q20203214,8,1
F22Q20230433,8,1
F22Q40153969,11,1
F22Q20110648,20,0
F23Q10031941,17,0
F22Q40335090,23,0
F22Q10049076,23,0
F23Q20016237,23,0
F22Q20029278,18,0
F22Q10256100,4,1
F22Q30298478,15,0
F22Q40022962,8,1
F22Q10218115,10,1
F23Q30211009,10,1
F23Q20189649,12,1
F22Q40103803,13,0
F22Q20030579,5,1
F22Q10033166,21,0
F23Q10057005,22,0
F22Q10493878,15,0
F22Q30253349,9,1
F23Q30119153,15,0
F22Q30258670,7,1
F22Q20319810,4,1
F22Q10390577,9,1
F22Q20101840,10,1
F23Q20269398,17,0
F22Q20076085,14,0
F23Q20112660,20,0
F23Q20126261,15,0
F22Q40044261,11,1
F23Q20257719,13,0
F22Q20237524,12,1
F23Q10083235,22,0
F22Q10337382,11,1
F23Q20259014,20,0
F23Q20242407,6,1
F22Q40124325,16,0
F22Q10453711,8,1
F23Q30138118,16,0
F22Q20141032,20,0
F23Q30244876,19,0
F22Q30170588,18,0
F22Q10345386,24,0
F23Q20166199,16,0
F22Q40103996,20,0
F22Q40006294,18,0
F22Q30103577,23,0
F22Q20129188,23,0
F22Q30023112,15,0
F22Q20187160,23,0
F23Q30234556,16,0
F23Q30023059,14,0
F22Q10167145,4,1
F22Q40121253,5,1
F23Q20037083,20,0
F22Q20352233,17,0
F22Q20109978,17,0
F22Q10350173,9,1
F23Q10136031,15,0
F22Q30265106,7,1
F22Q20404948,23,0
F22Q10219336,19,0
F22Q20005232,4,1
F22Q20163372,5,1
F22Q30039718,13,0
F23Q10084924,5,1
F22Q20200315,11,1
F23Q20260287,21,0
F22Q10028475,14,0
F22Q20015985,4,1
F22Q10077009,12,1
F22Q10494174,22,0
F22Q30080424,11,1
F22Q30103028,13,0
F23Q20195666,15,0
F22Q40137115,21,0
F22Q30171392,21,0
F22Q20188722,13,0
F23Q10110888,16,0
F23Q10086266,14,0
F23Q10129688,20,0
F22Q20177884,24,0
F23Q20160201,22,0
F22Q20045139,3,1
F23Q20012788,24,0
F23Q20156740,24,0
F22Q20090935,10,1
F22Q10068923,3,1
F22Q10023036,11,1
F22Q10362648,11,1
F23Q20125695,6,1
F22Q20014857,15,0
F23Q30150326,16,0
F23Q30103547,17,0
F22Q10501833,17,0
F23Q30181492,16,0
F23Q30117910,24,0
F22Q30224071,10,1
F23Q30032302,7,1
F23Q30224474,11,1
F22Q10522526,16,0
F22Q10558562,15,0
F23Q10161801,7,1
F22Q20267181,14,0
F22Q30260557,24,0
F22Q30036122,16,0
F22Q30047320,11,1
F22Q20332477,17,0
F22Q20356951,7,1
F22Q10061711,7,1
F22Q10437593,8,1
F22Q10075165,24,0
F22Q40149534,16,0
F22Q30284239,18,0
F22Q30239580,15,0
F23Q10122967,20,0
F23Q30004826,4,1
F22Q10500809,6,1
F22Q30270192,16,0
F23Q20189629,4,1
F22Q30007817,6,1
F22Q20044164,18,0
F22Q10400338,21,0
F22Q10498497,11,1
F22Q20346616,24,0
F23Q10173251,21,0
F22Q20153658,9,1
F23Q30209129,17,0
F23Q30197534,12,1
F23Q20257311,9,1
F23Q20198941,3,1
F22Q10383357,14,0
F23Q30140836,4,1
F22Q20203504,20,0
F23Q10157202,14,0
F23Q20226763,3,1
F23Q30028243,23,0
F22Q10397397,6,1
F23Q20147489,19,0
F22Q20010576,8,1
F22Q10087131,18,0
F22Q40069637,4,1
F22Q10265788,6,1
F22Q20288365,24,0
F22Q20208045,11,1
F23Q30011135,9,1
F22Q20301456,10,1
F22Q20231594,9,1
F22Q30204832,23,0
F22Q30160294,21,0
F23Q30042195,23,0
F22Q30176906,22,0
F22Q20353648,20,0
F23Q20211146,14,0
F22Q10192021,22,0
F23Q30037559,11,1
F23Q20069628,19,0
F22Q10513881,11,1
F22Q10518273,14,0
F22Q20224835,6,1
F23Q30216487,21,0
F22Q20015638,11,1
F22Q20246593,13,0
F22Q10381823,12,1
F22Q40130869,23,0
F22Q30206499,24,0
F22Q30316846,12,1
F23Q10185027,18,0
F22Q30178341,4,1
F23Q30119769,22,0
F22Q30140743,17,0
F22Q20080792,12,1
F23Q10079328,22,0
F22Q20049060,17,0
F23Q10085576,24,0
F22Q10535780,24,0
F22Q10389321,12,1
F23Q10007391,19,0
F22Q40208906,24,0
F22Q20103864,19,0
F23Q10179929,19,0
F22Q20381377,5,1
F22Q10360560,10,1
F23Q10091245,5,1
F22Q30024294,4,1
F22Q20286137,8,1
F22Q20264107,21,0
F22Q10520557,17,0
F23Q20070181,5,1
F23Q20191044,22,0
F22Q10381893,7,1
F23Q10119180,20,0
F22Q30219937,18,0
F22Q10398357,23,0
F22Q10475114,15,0
F23Q10065132,8,1
F22Q10139229,22,0
F23Q30168600,21,0
F22Q20380465,14,0
F23Q30222533,20,0
F22Q30266091,15,0
F22Q10095326,4,1
F23Q30208296,18,0
F23Q20152562,22,0
F22Q30265677,4,1
F22Q20436136,3,1
F23Q30048099,3,1
F22Q30307882,11,1
F23Q20156677,6,1
F23Q10115009,23,0
F22Q10175936,16,0
F22Q10058738,9,1
F23Q30027586,9,1
F22Q20083583,8,1
F22Q20096243,15,0
F23Q30014156,9,1
F23Q20236430,23,0
F23Q30056031,14,0
F22Q30286755,23,0
F22Q20054398,16,0
F23Q20182223,23,0
F22Q10184002,9,1
F22Q30229300,11,1
F23Q30012873,11,1
F22Q30256117,24,0
F23Q30135695,18,0
F23Q10044431,8,1
F22Q10187807,9,1
F23Q10161697,8,1
F23Q10161221,12,1
F23Q30149139,21,0
F22Q30151389,23,0
F22Q20262674,17,0
F22Q30240594,8,1
F22Q20127499,21,0
F23Q20155929,11,1
F23Q10036737,22,0
F22Q30259691,11,1
F22Q30328465,11,1
F22Q30052648,18,0
F22Q30019545,4,1
F22Q30072969,12,1
F23Q30006012,13,0
F23Q20153419,15,0
F22Q10517417,23,0
F22Q20089582,15,0
F23Q30129094,13,0
F23Q20143094,13,0
F22Q30197734,9,1
F22Q10403742,19,0
F23Q30056139,23,0
F22Q40171845,6,1
F22Q40217181,12,1
F23Q30013220,22,0
F22Q20334849,22,0
F23Q20248702,22,0
F22Q40002686,21,0
F22Q20317855,24,0
F22Q20390887,19,0
F22Q20313143,24,0
F22Q30292288,16,0
F22Q30309932,18,0
F22Q30124009,16,0
F22Q40075494,9,1
F22Q30310343,20,0
F23Q20231847,6,1
F22Q20175999,10,1
F22Q10256841,13,0
F22Q10058061,9,1
F22Q10148571,13,0
F23Q30145437,13,0
F22Q20324580,23,0
F23Q30109067,9,1
F22Q30179896,11,1
F22Q10403040,22,0
F23Q20211815,20,0
F23Q20176084,11,1
F22Q20229053,14,0
F23Q20083133,14,0
F22Q10225588,19,0
F23Q10011791,5,1
F22Q20398294,11,1
F23Q20106650,4,1
F22Q20167971,17,0
F22Q20013629,12,1
F22Q20286298,6,1
F22Q20433559,13,0
F22Q30060819,21,0
F23Q20214016,8,1
F22Q20105589,12,1
F22Q10069854,21,0
F22Q40062134,13,0
F23Q30097206,11,1
F22Q10297049,8,1
F22Q10194782,9,1
F22Q10520249,5,1
F23Q30084541,11,1
F22Q30106081,15,0
F23Q20022129,3,1
F22Q20092126,11,1
F22Q20106933,22,0
F22Q10310282,8,1
F22Q10241999,8,1
F22Q20132410,11,1
F22Q20112154,6,1
F22Q40053728,23,0
F22Q30021465,15,0
F22Q20194060,3,1
F23Q10051704,21,0
F23Q30184970,12,1
F23Q10083710,18,0
F22Q10252729,18,0
F22Q10349500,3,1
F22Q10518068,7,1
F23Q30012216,14,0
F22Q20016924,7,1
F22Q10094275,22,0
F22Q30027090,21,0
F22Q10001827,4,1
F22Q10576434,10,1
F23Q10167181,10,1
F23Q30053183,20,0
F23Q10082191,22,0
F22Q20222532,6,1
F22Q20364755,3,1
F23Q10079250,24,0
F22Q10041297,17,0
F22Q20120219,8,1
F23Q30008620,24,0
F22Q10457831,21,0
F22Q40191795,10,1
F23Q10063014,8,1
F22Q20415097,14,0
F23Q10090730,11,1
F23Q20027013,7,1
F22Q30010166,4,1
F23Q10029885,24,0
F23Q30023060,21,0
F22Q30241843,8,1
F22Q20387349,4,1
F22Q30034927,4,1
F22Q20006719,15,0
F23Q10003761,12,1
F23Q30135219,24,0
F22Q20364658,8,1
F23Q20167500,4,1
F22Q20401997,15,0
F22Q20216167,17,0
F23Q20271458,10,1
F23Q30010254,22,0
F22Q20034517,16,0
F23Q10161603,21,0
F22Q20281428,4,1
F22Q20340874,8,1
F22Q20021022,7,1
F22Q20391434,6,1
F22Q10410259,10,1
F23Q10101331,23,0
F22Q10516968,24,0
F23Q30188895,14,0
F22Q40073801,22,0
F22Q30016428,20,0
F22Q40036628,4,1
F23Q30225537,20,0
F22Q30160783,10,1
F22Q20173977,14,0
F22Q30319475,13,0
F23Q10021964,20,0
F23Q10071354,19,0
F22Q10203367,10,1
F22Q30130175,17,0
F22Q10077284,19,0
F22Q40047659,20,0
F23Q30221060,14,0
F22Q10515599,17,0
F22Q30184926,8,1
F22Q10292245,12,1
F22Q20153552,16,0
F22Q40019874,3,1
F22Q30314054,3,1
F22Q20207358,3,1
F22Q20006838,19,0
F23Q20116555,16,0
F22Q10369837,13,0
F22Q20405135,7,1
F23Q30232622,20,0
F22Q10105287,7,1
F22Q20217828,14,0
F22Q20059892,10,1
F22Q20189118,17,0
F22Q20237268,17,0
F23Q30156764,16,0
F22Q40084868,24,0
F23Q30033401,16,0
F22Q20033201,7,1
F22Q30157840,23,0
F22Q10183175,6,1
F23Q20085275,13,0
F22Q40025983,19,0
F22Q20199437,24,0
F23Q10101518,20,0
F22Q20089677,13,0
F23Q30220622,15,0
F22Q30216972,14,0
F22Q20099279,22,0
F22Q20282923,12,1
F23Q10134759,8,1
F22Q20203099,14,0
F22Q30009369,16,0
F22Q30006087,22,0
F22Q20370500,10,1
F22Q20276397,6,1
F22Q20197412,5,1
F22Q10582857,15,0
F22Q20066813,7,1
F22Q10306538,19,0
F23Q30207738,10,1
F22Q20103275,23,0
F22Q20141128,21,0
F23Q20042960,7,1
F23Q20243605,4,1
F22Q20427571,14,0
F22Q10314176,9,1
F22Q10086424,11,1
F22Q20030643,20,0
F23Q30144012,11,1
F22Q10471847,6,1
F22Q10219740,11,1
F22Q40020734,24,0
F23Q30025238,14,0
F22Q40016649,4,1
F22Q30265608,17,0
F22Q10564502,18,0
F22Q30184964,16,0
F23Q30012834,14,0
F23Q30213570,10,1
F22Q10480612,23,0
F22Q20206760,9,1
F22Q20009108,11,1
F22Q20272538,9,1
F22Q10252100,12,1
F22Q20303914,22,0
F22Q40067021,21,0
F22Q40103837,7,1
F23Q20051808,13,0
F22Q40180937,23,0
F22Q30254234,24,0
F22Q30162635,23,0
F23Q30155675,15,0
F23Q30126456,10,1
F23Q20205506,21,0
F22Q40138223,23,0
F22Q20057671,23,0
F22Q30010429,23,0
F23Q20124055,18,0
F22Q10461717,20,0
F23Q30021519,20,0
F22Q40050011,7,1
F22Q30146489,7,1
F23Q20086815,17,0
F22Q20207060,15,0
F23Q20052755,22,0
F22Q30063319,4,1
F22Q30159312,8,1
F22Q40020572,5,1
F22Q20028429,18,0
F22Q20320473,7,1
F22Q30086384,20,0
F23Q20014807,19,0
F22Q20221583,7,1
F22Q20435737,17,0
F22Q30306394,23,0
F22Q20083167,7,1
F22Q10570375,12,1
F23Q10009060,7,1
F23Q10038349,19,0
F23Q30150527,16,0
F23Q20119818,15,0
F23Q30114994,8,1
F22Q20149366,10,1
F23Q10126820,12,1
F23Q20266850,24,0
F22Q10348256,16,0
F22Q20082150,8,1
F22Q20138912,7,1
F22Q30125243,4,1
F22Q10443127,17,0
F23Q30142065,19,0
F23Q30160437,16,0
F22Q10207146,5,1
F22Q20209273,13,0
F22Q20046528,18,0
F23Q30059874,15,0
F22Q40334250,20,0
F22Q30115979,21,0
F22Q10508736,12,1
F22Q20341657,3,1
F22Q40200832,11,1
F23Q20038378,22,0
F22Q30282716,18,0
F22Q20090196,18,0
F22Q20066392,14,0
F23Q30070764,7,1
F22Q20012089,11,1
F23Q30242456,23,0
F22Q20114837,21,0
F23Q30152635,17,0
F22Q20406560,4,1
F22Q30123820,14,0
F22Q40128622,18,0
F23Q10015332,20,0
F22Q20294708,3,1
F22Q10530231,24,0
F23Q30230410,10,1
F22Q10314172,10,1
F22Q40118042,21,0
F23Q30159451,15,0
F22Q30176676,21,0
F22Q40051037,12,1
F22Q20062415,23,0
F22Q40059810,22,0
F22Q10089532,24,0
F23Q10073374,9,1
F22Q10505210,16,0
F23Q20212176,7,1
F22Q20309493,11,1
F23Q30023235,24,0
F22Q20070960,19,0
F22Q30159426,17,0
F22Q20321235,19,0
F22Q40112510,8,1
F23Q30052728,16,0
F22Q20245766,19,0
F22Q20325986,24,0
F22Q30098891,5,1
F22Q30309810,11,1
F22Q40061430,12,1
F22Q10086448,7,1
F22Q20272196,20,0
F22Q40169105,7,1
F22Q40195423,23,0
F22Q20084573,22,0
F23Q30077591,24,0
F22Q20397125,5,1
F23Q20116869,18,0
F22Q10195606,22,0
F22Q40042982,3,1
F23Q20017555,20,0
F23Q20218488,5,1
F22Q20433642,22,0
F22Q20280901,7,1
F22Q30242758,20,0
F22Q10573452,8,1
F22Q30030808,18,0
F22Q10268137,23,0
F22Q10207791,11,1
F22Q20193084,19,0
F23Q30007260,17,0
F22Q30183310,6,1
F22Q10509583,23,0
F22Q10405562,22,0
F22Q40119870,17,0
F23Q20149832,19,0
F22Q30157068,17,0
F22Q20006992,23,0
F22Q20293337,4,1
F22Q10327212,7,1
F23Q20275790,7,1
F22Q20206672,7,1
F23Q10092679,18,0
F23Q30098791,18,0
F22Q10066994,9,1
F22Q40059598,7,1
F22Q10124471,22,0
F22Q10457651,10,1
F22Q20019620,18,0
F22Q30033477,15,0
F22Q30098880,4,1
F22Q30266901,12,1
F22Q30157930,5,1
F22Q20370292,18,0
F22Q10205627,12,1
F22Q30097365,20,0
F22Q10130548,6,1
F22Q10378693,7,1
F22Q40093003,14,0
F22Q40068604,14,0
F22Q20279744,15,0
F22Q40011487,23,0
F23Q30021832,13,0
F23Q20203043,23,0
F22Q40000782,21,0
F22Q20176355,14,0
F22Q30161476,4,1
F22Q20161215,11,1
F22Q10395412,19,0
F23Q30151202,23,0
F22Q40153332,24,0
F23Q10164428,9,1
F22Q30148082,3,1
F23Q10042283,22,0
F22Q20430111,18,0
F22Q30032624,22,0
F22Q30065842,8,1
F22Q10187427,7,1
F23Q10015929,4,1
F22Q30060212,20,0
F22Q30020203,5,1
F22Q40004786,15,0
F22Q10455351,23,0
F22Q20340846,17,0
F22Q20428142,18,0
F22Q10294829,7,1
F22Q10069619,18,0
F22Q10334521,9,1
F22Q20113425,15,0
F22Q30262393,7,1
F22Q40069548,4,1
F22Q20375584,18,0
F22Q40045114,15,0
F22Q30152794,13,0
F22Q10310269,9,1
F22Q10015412,11,1
F22Q20373744,13,0
F23Q30243116,23,0
F22Q20265085,19,0
F22Q30076533,11,1
F22Q10538016,14,0
F22Q20211421,13,0
F22Q20362590,6,1
F23Q20218533,12,1
F22Q10578984,22,0
F23Q30087621,23,0
F22Q20176781,14,0
F22Q40007378,9,1
F23Q30242181,22,0
F22Q30281553,14,0
F22Q30019968,7,1
F22Q30232910,16,0
F22Q40133264,14,0
F22Q30023322,3,1
F22Q10104431,14,0
F22Q10518232,18,0
F23Q10114651,21,0
F22Q20136462,8,1
F23Q30205810,10,1
F22Q30078869,23,0
F22Q40149331,16,0
F22Q10413224,12,1
F23Q20257569,14,0
F22Q30064401,22,0
F22Q20102982,7,1
F22Q40042765,12,1
F22Q30116448,14,0
F23Q30149275,12,1
F23Q20094719,14,0
F22Q20327511,22,0
F22Q40089142,19,0
F23Q10183447,19,0
F22Q20031710,18,0
F22Q30135051,10,1
F23Q20192730,17,0
F22Q10155667,20,0
F22Q20204069,19,0
F22Q20186845,6,1
F22Q20317477,13,0
F23Q20235775,10,1
F22Q20349960,11,1
F22Q40067808,16,0
F22Q20310425,3,1
F22Q10194081,20,0
F22Q20017624,19,0
F22Q30127893,18,0
F22Q20311314,16,0
F23Q20057415,7,1
F23Q30070462,17,0
F23Q20080404,19,0
F22Q20350187,10,1
F22Q20183239,19,0
F22Q10054894,21,0
F22Q40084913,13,0
F23Q20173283,15,0
F22Q40171035,16,0
F22Q30193215,13,0
F22Q10367858,13,0
F22Q40003472,5,1
F23Q20160993,16,0
F22Q10480771,15,0
F22Q30069509,4,1
F22Q10200142,8,1
F22Q20113752,8,1
F22Q30112595,19,0
F23Q30035145,16,0
F23Q30190084,23,0
F23Q20220776,19,0
F23Q20177883,14,0
F22Q10203737,19,0
F22Q20425100,18,0
F22Q30201388,16,0
F23Q30177602,14,0
F22Q30225455,12,1
F22Q10425323,15,0
F23Q10049038,18,0
F23Q20003206,5,1
F22Q10141096,21,0
F22Q40181221,9,1
F22Q20305616,13,0
F23Q30104029,20,0
F22Q40127905,8,1
F22Q10264356,6,1
F22Q40122254,9,1
F22Q30220649,16,0
F22Q30142336,13,0
F23Q20213174,9,1
F22Q10113416,9,1
F22Q10405014,8,1
F22Q10429418,16,0
F22Q30057380,6,1
F22Q10575507,24,0
F23Q10016241,11,1
F23Q30135714,20,0
F22Q20416974,24,0
F22Q20182234,21,0
F23Q20169965,6,1
F22Q30113206,23,0
F22Q30229355,8,1
F23Q30236760,7,1
F23Q30004543,4,1
F22Q20152752,18,0
F23Q10068519,4,1
F22Q20120662,18,0
F22Q10217022,7,1
F22Q20041489,4,1
F22Q40146733,6,1
F22Q20285913,19,0
F23Q20249731,17,0
F23Q30215414,4,1
F22Q40000263,22,0
F22Q20284360,23,0
F22Q20120284,7,1
F22Q40191125,24,0
F22Q30325332,4,1
F23Q30146093,16,0
F22Q10526835,9,1
F22Q40189084,16,0
F23Q10179436,18,0
F23Q20004625,22,0
F22Q20036626,4,1
F23Q20258997,17,0
F22Q10420698,8,1
F22Q20264075,9,1
F22Q40068753,7,1
F22Q40098779,14,0
F22Q20404537,20,0
F23Q30118477,12,1
F23Q20117151,9,1
F22Q10348890,13,0
F22Q10481958,12,1
F22Q20403306,7,1
F23Q20044543,24,0
F22Q10196683,22,0
F22Q10235300,17,0
F22Q30285926,5,1
F23Q30166517,5,1
F22Q20260841,5,1
F23Q20163848,19,0
F22Q20266252,3,1
F22Q30053720,24,0
F22Q20062832,12,1
F23Q30220640,19,0
F22Q30077395,22,0
F22Q30301186,21,0
F22Q20314469,13,0
F22Q30219167,20,0
F22Q10082393,22,0
F22Q10436241,13,0
F22Q10507371,9,1
F23Q20112968,17,0
F22Q30276745,21,0
F23Q20269906,16,0
F23Q30161389,14,0
F22Q30020256,17,0
F23Q10047715,6,1
F22Q40145200,18,0
F23Q20047332,10,1
F23Q30006807,14,0
F22Q40004388,7,1
F22Q20388299,3,1
F22Q20229536,5,1
F22Q20406618,12,1
F22Q20038358,21,0
F22Q10087902,23,0
F22Q30261270,20,0
F23Q20114834,14,0
F22Q40071310,20,0
F22Q30153119,10,1
F22Q10226500,13,0
F23Q10142774,5,1
F22Q20095870,19,0
F23Q20150081,18,0
F22Q10121719,21,0
F23Q10044442,6,1
F22Q20357018,6,1
F22Q20148478,5,1
F22Q20123416,11,1
F22Q30014056,10,1
F22Q20401568,5,1
F22Q10308920,12,1
F22Q10209777,14,0
F22Q10395478,14,0
F22Q40198519,5,1
F22Q10524248,16,0
F23Q20188868,9,1
F23Q10040703,14,0
F22Q30109029,6,1
F22Q40131266,5,1
F22Q20249977,21,0
F23Q30225403,22,0
F22Q30105590,16,0
F23Q10040877,17,0
F22Q30246312,3,1
F22Q10269376,21,0
F22Q30010622,5,1
F22Q20113810,10,1
F22Q10323620,5,1
F22Q20325522,15,0
F23Q10010136,17,0
F23Q10155940,20,0
F22Q10549788,5,1
F23Q10028118,20,0
F22Q20098454,9,1
F23Q20180454,7,1
F23Q30114844,10,1
F22Q30229622,16,0
F22Q30260832,21,0
F22Q10549215,5,1
F23Q10090025,7,1
F23Q20182039,22,0
F22Q40203540,16,0
F22Q10469561,24,0
F22Q40140767,19,0
F22Q10429442,20,0
F22Q20315889,8,1
F23Q20121545,20,0
F22Q30322486,16,0
F23Q20228968,6,1
F22Q20262721,17,0
F23Q30241087,13,0
F22Q30232623,19,0
F23Q20189557,17,0
F22Q40200417,15,0
F23Q20234473,20,0
F22Q10406123,16,0
F22Q40137062,13,0
F22Q30192752,13,0
F23Q30186784,21,0
F22Q20140089,8,1
F23Q10084854,13,0
F22Q10372565,3,1
F23Q30028038,17,0
F23Q30186699,14,0
F22Q20332515,15,0
F23Q20117306,18,0
F22Q30156582,5,1
F22Q30059757,9,1
F23Q30199697,16,0
F22Q20420273,19,0
F22Q30334897,23,0
F22Q20363780,9,1
F22Q30333510,11,1
F22Q10133201,14,0
F22Q20152892,8,1
F23Q30101951,20,0
F22Q40021190,18,0
F23Q20051372,7,1
F22Q10089563,19,0
F22Q10540993,22,0
F22Q20155526,23,0
F22Q20416421,11,1
F22Q10041330,17,0
F23Q10013875,4,1
F22Q20096765,24,0
F22Q30064301,22,0
F22Q10121488,18,0
F22Q10169372,7,1
F23Q10027370,22,0
F22Q20094130,11,1
F23Q10062882,21,0
F22Q30096262,15,0
F23Q30243381,20,0
F23Q20145883,22,0
F22Q20005283,24,0
F22Q10249691,11,1
F23Q30125277,20,0
F23Q20203456,6,1
F22Q30268115,11,1
F22Q40202729,6,1
F22Q10116924,5,1
F22Q10566623,19,0
F23Q30114851,21,0
F23Q30044257,17,0
F22Q10436885,21,0
F23Q30149665,22,0
F22Q20355197,16,0
F22Q40127655,3,1
F22Q30305124,9,1
F23Q10032947,18,0
F23Q30220863,23,0
F22Q40079154,14,0
F22Q20377627,24,0
F22Q10584117,8,1
F22Q20042605,11,1
F22Q20225795,18,0
F22Q40182547,17,0
F23Q30021884,17,0
F23Q20199371,5,1
F22Q20154519,24,0
F23Q30219162,18,0
F22Q10134122,10,1
F22Q30294151,12,1
F22Q10045126,22,0
F23Q10169844,21,0
F23Q20129656,18,0
F22Q30167694,10,1
F23Q20070194,11,1
F23Q30047097,13,0
F22Q10117128,3,1
F22Q20435249,19,0
F22Q20039868,9,1
F22Q30238113,4,1
F23Q30072068,19,0
F23Q20260605,23,0
F22Q10413023,15,0
F22Q10442917,5,1
F22Q40126417,16,0
F23Q20191431,14,0
F22Q30162150,5,1
F23Q10118986,15,0
F22Q10183615,17,0
F22Q30213180,13,0
F22Q20230812,13,0
F22Q30155610,8,1
F22Q40143292,10,1
F23Q20202570,20,0
F22Q10579898,9,1
F22Q20178065,8,1
F23Q10131725,5,1
F22Q10167218,8,1
F23Q30244797,18,0
F22Q10121371,16,0
F22Q30279901,6,1
F22Q20196593,22,0
F22Q30245930,13,0
F22Q40212373,21,0
F23Q30009423,6,1
F23Q10054356,7,1
F22Q10493234,21,0
F22Q30084930,20,0
F23Q20148197,21,0
F23Q30106539,14,0
F22Q20131582,7,1
F23Q30176949,20,0
F23Q10027604,23,0
F22Q10534152,18,0
F22Q10152204,10,1
F23Q30190352,10,1
F22Q20178149,10,1
F22Q10328253,10,1
F22Q10538882,22,0
F22Q20148954,3,1
F23Q30258312,14,0
F22Q40106613,19,0
F22Q10373323,11,1
F23Q30220518,9,1
F22Q20111580,8,1
F22Q20403209,8,1
F23Q10007007,11,1
F23Q10113370,4,1
F23Q20240871,16,0
F22Q20433861,5,1
F23Q30090916,17,0
F22Q30250413,7,1
F22Q20318952,17,0
F23Q20104801,16,0
F22Q30174100,20,0
F22Q30135747,13,0
F22Q40069037,10,1
F22Q20127266,19,0
F23Q20126739,20,0
F22Q10350440,10,1
F22Q10512481,24,0
F23Q10069305,10,1
F22Q30015532,8,1
F23Q30136133,24,0
F22Q30286903,13,0
F23Q20032840,20,0
F22Q40105758,22,0
F22Q40152926,9,1
F22Q10231350,11,1
F22Q40027648,20,0
F22Q20176635,4,1
F22Q40151260,16,0
F22Q10067435,12,1
F22Q30048080,5,1
F22Q20269153,4,1
F22Q20069990,20,0
F22Q30003715,17,0
F22Q40092932,13,0
F23Q20146545,11,1
F22Q30005920,5,1
F23Q20046925,24,0
F22Q40010077,12,1
F22Q40108365,13,0
F22Q10515150,24,0
F22Q20406058,4,1
F23Q20267917,11,1
F22Q10003465,9,1
F23Q20152720,14,0
F22Q20120997,16,0
F22Q20171692,10,1
F22Q30163011,6,1
F22Q30214590,15,0
F23Q30174891,21,0
F22Q10481603,7,1
F22Q30094078,8,1
F22Q10374665,16,0
F22Q30030028,5,1
F23Q10159461,11,1
F22Q10239034,22,0
F22Q20132890,17,0
F22Q30206421,18,0
F22Q10567595,23,0
F22Q20277742,18,0
F22Q30210148,19,0
F22Q30107563,17,0
F23Q30093318,18,0
F23Q30132338,8,1
F22Q40019796,15,0
F22Q40032950,9,1
F23Q20054482,24,0
F23Q20047893,23,0
F23Q20055523,8,1
F22Q20031403,10,1
F22Q10454119,9,1
F23Q20216893,23,0
F22Q30096445,16,0
F22Q30208268,12,1
F22Q30076640,16,0
F22Q10104889,12,1
F22Q20129952,15,0
F22Q20047668,20,0
F22Q30266080,10,1
F23Q30073000,24,0
F23Q30075294,22,0
F22Q10062487,9,1
F22Q30043646,16,0
F22Q30297428,10,1
F22Q40094863,8,1
F22Q10275657,20,0
F22Q10400043,9,1
F23Q30067753,13,0
F22Q10262647,21,0
F22Q10156736,24,0
F22Q20323636,6,1
F22Q40150087,12,1
F22Q10265749,8,1
F22Q20055760,17,0
F22Q10207420,13,0
F22Q40001894,19,0
F23Q10109113,22,0
F22Q10137924,11,1
F22Q10305277,9,1
F22Q10423558,20,0
F22Q10342807,24,0
F22Q20187878,20,0
F23Q30062403,22,0
F22Q10341292,20,0
F23Q30108462,9,1
F23Q30070381,12,1
F23Q30221594,17,0
F22Q20352986,11,1
F22Q30073582,22,0
F22Q30252209,20,0
F23Q10097233,9,1
F22Q30021366,23,0
F22Q30144150,13,0
F23Q20009626,22,0
F22Q20275763,6,1
F22Q30282765,24,0
F23Q30142813,24,0
F22Q10280997,6,1
F22Q20215303,17,0
F22Q30047723,9,1
F22Q30234079,23,0
F23Q30135312,7,1
F22Q30073122,9,1
F23Q30171748,17,0
F23Q30220167,15,0
F22Q10522290,20,0
F23Q10145074,9,1
F22Q10505329,24,0
F23Q10054616,9,1
F22Q10389412,15,0
F22Q30319062,17,0
F22Q10239716,10,1
F22Q40042633,7,1
F22Q40154224,18,0
F22Q20277268,9,1
F22Q10077644,17,0
F22Q40054055,10,1
F22Q20435932,4,1
F23Q10080448,14,0
F22Q10099764,3,1
F22Q40206289,24,0
F22Q20362032,6,1
F23Q10005952,23,0
F22Q30318767,24,0
F22Q20405286,23,0
F22Q20393105,6,1
F22Q10349379,22,0
F22Q10359989,8,1
F23Q30131234,14,0
F22Q40141725,14,0
F22Q30132941,18,0
F23Q10065338,17,0
F22Q30119591,4,1
F22Q30245724,19,0
F23Q30032103,3,1
F22Q30087658,11,1
F23Q30081083,16,0
F22Q10355015,21,0
F22Q10044122,22,0
F22Q30038179,18,0
F22Q40111992,11,1
F22Q10009506,5,1
F22Q20057572,18,0
F22Q40006807,16,0
F22Q10319773,5,1
F23Q30120212,17,0
F23Q30258830,14,0
F22Q10039636,3,1
F22Q40168347,12,1
F23Q30136720,8,1
F22Q30194789,18,0
F22Q40192444,6,1
F22Q20206315,7,1
F22Q30268224,4,1
F22Q20260956,18,0
F22Q40134688,24,0
F23Q30033503,19,0
F22Q10366534,16,0
F23Q20257728,19,0
F22Q40085349,22,0
F22Q30275689,22,0
F22Q10304132,15,0
F22Q40064174,10,1
F23Q10067469,16,0
F22Q10565960,15,0
F22Q20129404,22,0
F22Q20136545,7,1
F23Q10182280,5,1
F22Q20147715,4,1
F22Q30074326,19,0
F23Q10027480,4,1
F22Q30079988,16,0
F23Q20129635,20,0
F22Q10581647,20,0
F22Q20049778,12,1
F22Q20357372,23,0
F22Q30102802,7,1
F22Q20353494,7,1
F22Q10522506,17,0
F22Q40198362,23,0
F22Q20264326,12,1
F22Q10473323,24,0
F23Q20166197,13,0
F22Q20089576,16,0
F22Q10521924,18,0
F22Q30112565,15,0
F22Q20335890,7,1
F22Q30309303,14,0
F22Q20253836,13,0
F22Q30057685,6,1
F22Q10300510,11,1
F23Q30022321,13,0
F22Q40167080,17,0
F22Q20158426,18,0
F22Q30088366,13,0
F22Q10308157,12,1
F22Q20083577,8,1
F22Q10434684,17,0
F22Q20149733,11,1
F22Q30175099,15,0
F23Q20042425,4,1
F22Q10318710,20,0
F22Q20364374,15,0
F22Q10565612,17,0
F22Q20110903,6,1
F22Q30168837,12,1
F23Q30200847,15,0
F22Q40057439,4,1
F23Q10019439,18,0
F22Q30067055,7,1
F22Q30238522,18,0
F22Q10013332,20,0
F22Q20090253,11,1
F22Q10354982,8,1
F22Q30064244,3,1
F23Q10047368,7,1
F22Q20415073,16,0
F22Q10273527,19,0
F22Q30114377,4,1
F23Q20151655,14,0
F22Q40012673,5,1
F23Q20009846,4,1
F22Q10075326,16,0
F22Q10516846,18,0
F22Q20170761,10,1
F22Q10471225,15,0
F23Q20110509,12,1
F22Q30247467,24,0
F22Q10058984,8,1
F22Q20176218,13,0
F23Q30090726,3,1
F22Q20361851,13,0
F23Q10161876,15,0
F22Q10130304,22,0
F23Q10022942,15,0
F22Q30179807,15,0
F22Q30150775,11,1
F22Q40009315,8,1
F22Q30288887,11,1
F22Q10274441,4,1
F22Q10254886,7,1
F22Q30139732,19,0
F22Q20306539,10,1
F22Q10104448,9,1
F23Q10093794,15,0
F22Q10470057,10,1
F22Q10146195,22,0
F22Q30298104,7,1
F23Q10177360,21,0
F23Q30236484,12,1
F22Q20017850,10,1
F22Q10216931,13,0
F22Q30204942,17,0
F23Q20168687,19,0
F22Q10516193,11,1
F22Q10538151,5,1
F23Q20098791,23,0
F23Q20215870,19,0
F22Q30301005,24,0
F22Q30006160,9,1
F22Q40069592,20,0
F23Q10052925,13,0
F22Q30163459,14,0
F23Q10118837,18,0
F22Q20314666,22,0
F23Q30141591,24,0
F22Q20154664,5,1
F22Q20055554,19,0
F22Q10164905,16,0
F22Q10042012,20,0
F23Q30103486,12,1
F22Q10483519,7,1
F23Q20142880,9,1
F23Q20035494,8,1
F23Q20248012,8,1
F22Q30331006,14,0
F22Q40058754,13,0
F23Q20211130,17,0
F23Q30085918,15,0
F23Q20188455,12,1
F22Q10480484,9,1
F22Q30094837,5,1
F22Q30324330,19,0
F22Q10323977,9,1
F23Q10115428,17,0
F22Q10176375,15,0
F22Q20186357,24,0
F22Q20437600,14,0
F22Q30279664,16,0
F23Q20004248,13,0
F23Q30165040,16,0
F22Q20284456,24,0
F22Q10388237,7,1
F22Q20334305,16,0
F23Q10010010,21,0
F22Q20211505,17,0
F23Q20228537,8,1
F22Q40201733,22,0
F23Q30044800,14,0
F22Q40112424,17,0
F22Q20353705,3,1
F22Q30288923,22,0
F22Q30334594,21,0
F22Q30220222,24,0
F22Q30068065,12,1
F22Q20433774,23,0
F22Q40213812,14,0
F23Q20145208,18,0
F22Q20041393,21,0
F22Q10207048,5,1
F22Q40155411,17,0
F22Q10049278,6,1
F23Q30241966,3,1
F23Q10060392,19,0
F22Q30246160,16,0
F22Q10396097,16,0
F22Q10428077,11,1
F22Q30141296,10,1
F23Q30043958,19,0
F23Q20130973,15,0
F22Q30179076,7,1
F22Q30201393,23,0
F22Q10537808,24,0
F22Q30054200,24,0
F22Q20153169,19,0
F22Q40124711,4,1
F22Q10075920,7,1
F22Q30282403,8,1
F23Q20121370,20,0
F22Q30209064,21,0
F22Q40013523,18,0
F22Q10124031,12,1
F23Q20223497,6,1
F23Q30017722,23,0
F23Q30260152,6,1
F23Q10115949,10,1
F22Q20271272,15,0
F22Q10161770,7,1
F23Q10118353,22,0
F22Q20238647,12,1
F22Q10214005,13,0
F23Q30232281,19,0
F22Q10150234,22,0
F23Q30023747,21,0
F22Q40088577,4,1
F23Q10135285,14,0
F23Q30147359,9,1
F22Q40149061,24,0
F22Q20008809,19,0
F22Q40152431,5,1
F23Q20059210,14,0
F23Q30028925,14,0
F23Q20265355,23,0
F22Q10177781,9,1
F23Q10165680,11,1
F23Q20071995,22,0
F22Q30261824,4,1
F22Q30099134,4,1
F22Q20127292,8,1
F22Q20414656,14,0
F23Q30238018,6,1
F22Q40155307,7,1
F22Q40149002,24,0
F22Q20220217,8,1
F22Q10022955,18,0
F23Q30203211,21,0
F22Q30082288,11,1
F22Q30145758,13,0
F23Q20259751,9,1
F22Q30218607,10,1
F23Q10013944,16,0
F22Q10333692,4,1
F22Q30134804,10,1
F23Q20249495,4,1
F22Q10372337,5,1
F23Q30057024,16,0
F22Q10043166,17,0
F22Q30190118,22,0
F23Q20085020,19,0
F22Q10037992,15,0
F22Q10065715,16,0
F23Q30022312,8,1
F22Q20242895,10,1
F23Q30162009,10,1
F22Q10186785,21,0
F22Q10458330,7,1
F22Q30220549,12,1
F22Q20203240,13,0
F22Q30332768,13,0
F22Q20097826,5,1
F22Q40089830,6,1
F22Q10500379,20,0
F22Q40018243,24,0
F23Q30152604,21,0
F22Q40148865,3,1
F22Q20222225,16,0
F22Q10439746,10,1
F22Q30047920,17,0
F23Q30061872,14,0
F22Q10003568,13,0
F23Q10100880,19,0
F22Q20165310,23,0
F22Q10541434,4,1
F23Q10036780,18,0
F23Q10059803,17,0
F23Q30159839,23,0
F23Q30173413,12,1
F23Q30165037,24,0
F22Q30221940,23,0
F22Q10220852,13,0
F22Q10535302,18,0
F22Q10011645,13,0
F22Q20029472,20,0
F22Q30238736,15,0
F22Q20274587,8,1
F22Q10090858,12,1
F22Q10334249,20,0
F22Q20262747,24,0
F22Q10328467,9,1
F22Q20262690,6,1
F22Q20251822,22,0
F22Q30080182,6,1
F22Q30089943,5,1
F22Q10581456,9,1
F22Q20332441,5,1
F22Q20438075,12,1
F23Q10151128,18,0
F23Q20189940,18,0
F23Q20035708,11,1
F22Q40126425,19,0
F23Q20144358,3,1
F22Q40102666,12,1
F22Q20100429,17,0
F22Q10105035,24,0
F22Q20185295,22,0
F22Q10364072,18,0
F22Q40169885,21,0
F22Q20037398,19,0
F23Q20211129,7,1
F22Q40141795,18,0
F23Q10014990,3,1
F22Q30326841,5,1
F23Q20151234,11,1
F23Q20254310,21,0
F22Q20131613,15,0
F22Q10204851,21,0
F23Q30149628,22,0
F22Q30295506,21,0
F22Q20264073,18,0
F22Q10005943,10,1
F22Q10234207,21,0
F22Q30227339,8,1
F23Q30116912,13,0
F22Q10035072,19,0
F22Q20267364,7,1
F23Q20188959,17,0
F23Q10049438,10,1
F22Q10418459,10,1
F22Q10564934,12,1
F22Q10021195,14,0
F22Q20203809,19,0
F23Q20157760,5,1
F23Q20059911,17,0
F22Q10525471,16,0
F23Q10123397,23,0
F22Q10528911,18,0
F23Q20084961,15,0
F22Q40206209,17,0
F22Q20425175,22,0
F22Q40108690,14,0
F22Q10306696,13,0
F22Q10218562,24,0
F22Q20195214,19,0
F23Q10061194,14,0
F23Q10155250,20,0
F22Q30095303,20,0
F22Q30108915,24,0
F22Q20182956,17,0
F22Q20374506,13,0
F22Q20355470,24,0
F22Q20321265,16,0
F22Q30000482,24,0
F23Q30053756,5,1
F22Q10206008,24,0
F22Q20129379,13,0
F23Q30192835,3,1
F22Q20083353,23,0
F23Q20085272,15,0
F22Q20056760,14,0
F22Q10504505,5,1
F23Q20274480,20,0
F22Q40161540,19,0
F22Q10506636,8,1
F22Q30160734,22,0
F23Q20247288,10,1
F22Q10251267,14,0
F23Q10121974,16,0
F22Q40206384,5,1
F22Q10549346,4,1
F23Q10142863,18,0
F22Q30299396,11,1
F22Q40048699,15,0
F23Q10141082,22,0
F22Q10126981,21,0
F22Q10277245,16,0
F23Q30102611,22,0
F22Q10326255,17,0
F22Q20252584,22,0
F22Q30055075,14,0
F22Q40198853,24,0
F22Q20009591,12,1
F22Q30200396,20,0
F22Q40180344,17,0
F23Q20258258,17,0
F22Q20027447,5,1
F22Q20268877,4,1
F22Q30043990,10,1
F22Q40064330,21,0
F22Q10093643,13,0
F23Q30056721,22,0
F22Q40189618,19,0
F22Q30294624,15,0
F22Q30052702,4,1
F22Q20326978,24,0
F22Q30145046,21,0
F22Q10308597,24,0
F22Q10079774,3,1
F22Q40009301,22,0
F23Q30233552,5,1
F22Q30039255,22,0
F23Q10043397,19,0
F22Q40029162,20,0
F23Q10119554,3,1
F23Q30217301,21,0
F22Q20142595,12,1
F23Q30194467,20,0
F22Q10496236,24,0
F23Q20007538,16,0
F22Q10033134,15,0
F22Q10372822,10,1
F23Q20246304,7,1
F22Q30232622,23,0
F22Q20416628,4,1
F22Q20162759,12,1
F22Q40042743,5,1
F22Q40108835,18,0
F23Q10133060,6,1
F23Q20116067,14,0
F22Q10402730,11,1
F23Q20081231,12,1
F22Q20333017,21,0
F22Q20368884,5,1
F22Q20183547,3,1
F23Q10020081,14,0
F23Q10001639,23,0
F22Q10076482,9,1
F22Q10031442,23,0
F22Q10091276,18,0
F22Q20009542,10,1
F22Q10350681,24,0
F22Q30016733,19,0
F22Q30147261,17,0
F22Q20135281,22,0
F22Q20163723,5,1
F23Q10091249,8,1
F22Q10415305,19,0
F22Q20020666,23,0
F23Q30007450,17,0
F22Q20082289,9,1
F23Q30076492,22,0
F23Q30130868,14,0
F22Q20266232,17,0
F23Q30208748,3,1
F22Q20090025,15,0
F23Q20125682,15,0
F23Q20138352,14,0
F22Q20057934,14,0
F22Q40038563,14,0
F23Q30245564,20,0
F22Q10140355,6,1
F22Q30276274,19,0
F22Q20434246,5,1
F22Q10215538,13,0
F22Q10476477,18,0
F22Q10186277,20,0
F22Q40180365,7,1
F22Q20011496,18,0
F22Q40165088,5,1
F23Q30011574,11,1
F22Q30155558,7,1
F22Q20406506,5,1
F22Q10542750,15,0
F22Q20262682,12,1
F22Q40111770,11,1
F23Q30007290,21,0
F22Q20222768,15,0
F22Q10035113,9,1
F22Q20366817,3,1
F22Q40067057,9,1
F22Q20041495,10,1
F22Q30073418,15,0
F22Q40038396,7,1
F23Q30168711,13,0
F22Q30195830,12,1
F22Q20081762,7,1
F22Q30058043,16,0
F22Q20389235,4,1
F23Q20222941,15,0
F22Q20164496,11,1
F22Q20008419,7,1
F22Q40055656,14,0
F23Q30227721,21,0
F22Q30197975,22,0
F22Q10276906,10,1
F22Q40050778,11,1
F22Q30282503,11,1
F23Q20098605,8,1
F22Q20027648,12,1
F22Q20225921,17,0
F23Q20008841,19,0
F22Q40020999,23,0
F23Q20242630,11,1
F22Q30059304,13,0
F23Q20086310,16,0
F23Q20140305,17,0
F23Q20212612,11,1
F22Q40196178,7,1
F22Q10258554,4,1
F22Q40002025,17,0
F22Q10266163,13,0
F22Q10296978,23,0
F23Q20077986,21,0
F22Q10397658,21,0
F23Q20123206,8,1
F22Q10434962,11,1
F22Q30028360,15,0
F23Q30237519,16,0
F22Q20217624,20,0
F23Q30114436,12,1
F22Q20371841,15,0
F23Q30137106,12,1
F22Q30206046,19,0
F22Q30248344,24,0
F22Q30076498,12,1
F23Q10049797,14,0
F22Q10578314,16,0
F22Q20050106,9,1
F22Q20173606,10,1
F22Q30098072,17,0
F22Q20435659,24,0
F22Q30168721,24,0
F22Q10513890,15,0
F23Q20097170,15,0
F23Q10128897,7,1
F22Q30041549,6,1
F22Q30290327,23,0
F22Q30224478,12,1
F22Q20301742,5,1
F22Q30123284,21,0
F23Q10012650,23,0
F22Q10239054,23,0
F22Q30150961,16,0
F22Q30336078,18,0
F22Q30186348,11,1
F22Q20370301,15,0
F22Q10336121,8,1
F22Q20296525,6,1
F23Q30157505,5,1
F22Q10247338,3,1
F22Q30013777,7,1
F22Q10455018,4,1
F22Q30111569,14,0
F22Q20424768,6,1
F22Q30291996,3,1
F22Q20271887,20,0
F22Q10314912,19,0
F23Q10056953,17,0
F22Q30046947,12,1
F22Q30309005,3,1
F22Q30094200,16,0
F22Q20365078,15,0
F22Q40022400,9,1
F22Q30033388,5,1
F22Q30135695,24,0
F22Q30226806,23,0
F22Q20290015,5,1
F22Q30130323,16,0
F23Q20046092,8,1
F23Q10035859,18,0
F22Q10407281,9,1
F22Q20110373,19,0
F22Q30296377,22,0
F23Q30166136,18,0
F23Q30182211,17,0
F22Q30167101,17,0
F22Q10117509,20,0
F22Q20124889,9,1
F22Q20164685,16,0
F22Q20066520,19,0
F23Q20169874,20,0
F23Q20045095,20,0
F23Q30065788,17,0
F22Q30090140,15,0
F22Q20424641,7,1
F23Q30144033,21,0
F22Q20370686,10,1
F23Q10032531,9,1
F22Q20427416,22,0
F23Q30251266,20,0
F22Q10522805,11,1
F22Q30147408,16,0
F22Q20037734,24,0
F22Q10150182,23,0
F23Q30022693,20,0
F23Q30069151,20,0
F22Q10245293,18,0
F22Q10513520,20,0
F23Q30228767,4,1
F22Q30222562,3,1
F23Q30174114,8,1
F22Q30020432,3,1
F22Q10548763,20,0
F22Q20129374,9,1
F22Q10442865,10,1
F22Q10494476,16,0
F23Q10073605,17,0
F22Q10064246,15,0
F23Q10033861,24,0
F22Q10432025,14,0
F22Q30028556,16,0
F22Q40142573,6,1
F23Q20011761,8,1
F22Q20014801,22,0
F22Q20346726,7,1
F22Q20426135,9,1
F22Q30296690,15,0
F22Q20016886,14,0
F22Q30238493,17,0
F23Q20049069,23,0
F22Q20193463,4,1
F22Q20346285,14,0
F22Q20257909,3,1
F22Q30195014,17,0
F23Q20142983,24,0
F22Q10369244,10,1
F22Q30287849,16,0
F22Q30275231,22,0
F23Q30107096,13,0
F22Q10008660,9,1
F22Q10169888,8,1
F22Q10298307,5,1
F23Q20230045,4,1
F23Q20053558,11,1
F22Q10526777,18,0
F22Q10559883,22,0
F22Q30331445,8,1
F22Q10374898,24,0
F22Q10359800,18,0
F22Q40143409,14,0
F23Q30259418,15,0
F22Q10558304,10,1
F22Q20430693,24,0
F22Q30290698,18,0
F22Q10292871,9,1
F22Q10512620,14,0
F23Q10173386,17,0
F22Q20371518,4,1
F22Q20437815,17,0
F22Q20096014,18,0
F22Q40071680,22,0
F22Q40216622,6,1
F23Q10095711,5,1
F22Q20350199,13,0
F23Q30017726,18,0
F22Q10247723,6,1
F22Q20259514,10,1
F23Q10132578,19,0
F22Q40188494,7,1
F23Q10073264,8,1
F22Q30256816,16,0
F23Q20240371,19,0
F22Q30005193,9,1
F22Q10239573,24,0
F22Q30116255,5,1
F22Q30206742,4,1
F22Q20202772,17,0
F22Q10194832,19,0
F22Q40006850,14,0
F22Q40150726,5,1
F22Q20013595,4,1
F22Q10235485,8,1
F22Q20204476,4,1
F23Q20262602,19,0
F22Q10172056,14,0
F22Q30322590,8,1
F22Q10010714,23,0
F23Q20149094,14,0
F22Q20147198,18,0
F22Q40099051,6,1
F23Q20151188,18,0
F23Q20091067,20,0
F22Q20367500,16,0
F22Q40109471,16,0
F23Q20068291,19,0
F22Q20318742,14,0
F22Q40012890,8,1
F22Q40067206,19,0
F23Q20097185,21,0
F22Q20128553,23,0
F23Q20020458,8,1
F23Q20060255,24,0
F22Q10506083,17,0
F22Q30039684,4,1
F22Q10530401,5,1
F22Q20300780,7,1
F23Q30255453,8,1
F22Q10480848,9,1
F22Q30042963,14,0
F23Q20155291,17,0
F22Q10135353,12,1
F22Q30185570,22,0
F22Q20085831,16,0
F23Q20178546,3,1
F23Q10177514,11,1
F22Q20341635,6,1
F22Q30067094,13,0
F22Q30252557,15,0
F22Q20113749,19,0
F22Q30041446,15,0
F22Q20027538,9,1
F23Q30242549,12,1
F22Q20085599,3,1
F23Q10177817,5,1
F22Q20349457,3,1
F22Q30245223,6,1
F22Q20154917,8,1
F22Q40218383,15,0
F22Q10343203,24,0
F22Q10283396,14,0
F22Q20012327,19,0
F22Q20232272,9,1
F22Q30318607,17,0
F22Q20248631,16,0
F22Q30174349,8,1
F22Q20246145,10,1
F22Q20098142,20,0
F22Q10381631,9,1
F23Q30125689,17,0
F22Q20307006,12,1
F22Q20417236,20,0
F22Q40063836,18,0
F22Q30046580,23,0
F22Q20279589,3,1
F22Q40037442,9,1
F23Q30211585,15,0
F23Q30201293,19,0
F22Q10009507,21,0
F22Q20239971,20,0
F22Q10302632,11,1
F23Q20104646,6,1
F22Q20307202,18,0
F22Q40113838,21,0
F22Q20261587,4,1
F22Q40157018,15,0
F22Q20177417,3,1
F22Q30171745,17,0
F23Q30057605,3,1
F22Q20377645,20,0
F22Q30319395,5,1
F23Q20126622,15,0
F22Q20356826,15,0
F22Q10104548,9,1
F23Q10092034,16,0
F22Q20292316,9,1
F22Q10078133,11,1
F22Q30258088,19,0
F23Q20061005,23,0
F23Q20243885,8,1
F22Q40166959,3,1
F22Q30016817,9,1
F22Q20266064,23,0
F23Q10181587,16,0
F22Q10469610,18,0
F22Q20178491,24,0
F22Q30241167,10,1
F23Q30037213,22,0
F23Q30077272,14,0
F22Q10115185,10,1
F23Q30003220,16,0
F22Q10469062,11,1
F23Q10069899,15,0
F23Q30224697,8,1
F23Q30258247,22,0
F23Q10125583,20,0
F22Q30181483,7,1
F22Q40202241,17,0
F23Q20021870,18,0
F22Q10223011,8,1
F23Q20106380,7,1
F22Q10540153,14,0
F22Q40201455,24,0
F22Q20155691,23,0
F22Q30191740,11,1
F22Q40013246,10,1
F23Q10111884,10,1
F22Q20161810,16,0
F22Q10038380,16,0
F22Q10247167,4,1
F22Q20308558,19,0
F23Q30210991,19,0
F22Q40143817,18,0
F23Q30155662,9,1
F22Q20020744,9,1
F23Q30261591,12,1
F22Q20233774,7,1
F22Q10339137,16,0
F23Q30053669,19,0
F22Q10149645,8,1
F22Q40173530,12,1
F22Q20039710,23,0
F22Q30150494,15,0
F22Q20108787,20,0
F22Q10036897,15,0
F23Q20065042,9,1
F22Q20284618,18,0
F22Q40107614,8,1
F22Q40213146,11,1
F22Q20106959,13,0
F22Q30316599,18,0
F22Q20398825,19,0
F23Q10106411,20,0
F22Q30213550,24,0
F22Q10106139,15,0
F23Q30127825,19,0
F22Q20183492,17,0
F22Q30160428,19,0
F22Q30040795,5,1
F23Q20237951,15,0
F23Q10076086,3,1
F23Q10177681,17,0
F22Q20093803,23,0
F22Q30279242,22,0
F22Q10194914,24,0
F22Q10335624,5,1
F23Q30172302,4,1
F22Q10534766,7,1
F22Q10378152,5,1
F22Q20092113,5,1
F22Q20242387,14,0
F22Q10129571,4,1
F22Q30260611,16,0
F22Q40118702,23,0
F23Q30185607,13,0
F22Q20243301,20,0
F22Q20314866,9,1
F23Q20028824,16,0
F22Q10031417,6,1
F22Q10365110,3,1
F22Q20385235,13,0
F23Q30065085,16,0
F22Q20076011,10,1
F23Q10064076,11,1
F22Q10411622,6,1
F22Q30227263,16,0
F23Q10063385,11,1
F23Q30099473,17,0
F22Q20219723,7,1
F23Q20249885,20,0
F22Q10438126,11,1
F22Q40168194,11,1
F22Q10139684,12,1
F23Q30074402,23,0
F22Q30100459,24,0
F22Q20139582,16,0
F22Q30106364,8,1
F22Q40135678,4,1
F23Q30168627,15,0
F22Q10013920,13,0
F22Q20108204,9,1
F23Q10113417,15,0
F22Q10003528,7,1
F23Q20070046,16,0
F22Q30197950,16,0
F23Q10106759,13,0
F23Q20226476,11,1
F22Q20279310,23,0
F22Q10460175,4,1
F23Q30104424,19,0
F22Q10184359,14,0
F23Q30017239,21,0
F22Q20400870,5,1
F22Q10197027,9,1
F22Q10112509,12,1
F22Q30040550,3,1
F22Q10306471,4,1
F22Q40118518,17,0
F22Q20415525,20,0
F22Q20234454,20,0
F22Q20276491,12,1
F22Q30058336,20,0
F23Q30121078,21,0
F22Q30247521,16,0
F22Q30121206,8,1
F23Q30260734,20,0
F22Q40109406,24,0
F23Q30096104,7,1
F22Q20209742,11,1
F22Q10253390,18,0
F22Q40145449,3,1
F22Q20386918,6,1
F23Q20171185,23,0
F22Q40065043,11,1
F22Q30306663,11,1
F23Q30107264,17,0
F22Q30198321,13,0
F22Q20044324,8,1
F22Q20170012,6,1
F22Q40028450,24,0
F23Q20087158,9,1
F22Q10337373,12,1
F22Q40142780,15,0
F22Q20250791,21,0
F22Q30285950,21,0
F23Q30061169,17,0
F22Q20112957,6,1
F22Q20258401,19,0
F22Q20043755,11,1
F22Q30264285,3,1
F22Q10231116,17,0
F22Q30207229,24,0
F23Q20215976,11,1
F22Q40177287,20,0
F22Q10426092,15,0
F22Q20136599,8,1
F22Q10467476,8,1
F22Q40023742,4,1
F22Q30315210,8,1
F22Q10577159,9,1
F22Q10484894,6,1
F23Q10080316,21,0
F22Q40167140,8,1
F22Q40046835,17,0
F22Q40009037,20,0
F22Q30319897,4,1
F22Q20016694,11,1
F22Q20109551,19,0
F23Q10022850,22,0
F22Q10069892,12,1
F22Q30069641,17,0
F22Q30103531,3,1
F22Q40050222,20,0
F22Q30077671,19,0
F22Q30204885,12,1
F22Q20264303,3,1
F22Q30288423,5,1
F22Q10047544,11,1
F22Q40142802,23,0
F22Q20263271,16,0
F22Q20136725,8,1
F22Q20408822,20,0
F22Q30313222,11,1
F23Q10060624,18,0
F22Q20361058,23,0
F22Q30245508,16,0
F22Q40200500,3,1
F22Q10451815,5,1
F22Q20219557,6,1
F22Q20202295,19,0
F22Q10197863,9,1
F22Q30270401,24,0
F23Q10114053,15,0
F22Q30000197,8,1
F22Q30323208,24,0
F22Q10521788,11,1
F23Q30240160,10,1
F22Q10462834,20,0
F22Q40145657,7,1
F23Q10111574,11,1
F23Q30262694,21,0
F23Q20079261,6,1
F22Q40207281,14,0
F22Q20420522,22,0
F22Q10575261,16,0
F23Q10011562,20,0
F22Q30302352,3,1
F23Q20068670,8,1
F23Q10056163,22,0
F23Q30185566,4,1
F23Q10137061,23,0
F23Q10089756,13,0
F22Q30014438,17,0
F22Q10213559,22,0
F23Q30222506,18,0
F22Q20380569,8,1
F23Q20271165,13,0
F23Q10081226,5,1
F22Q10510271,6,1
F22Q10450834,13,0
F23Q10183997,17,0
F22Q10340236,7,1
F23Q10112325,14,0
F22Q30086980,17,0
F22Q40179833,17,0
F22Q10380902,17,0
F22Q30055700,6,1
F22Q40068654,7,1
F22Q30204693,12,1
F23Q10117651,18,0
F22Q10315692,19,0
F22Q20186690,17,0
F23Q30243158,5,1
F22Q30198204,19,0
F23Q20052327,23,0
F22Q10513171,5,1
F22Q30002045,22,0
F23Q10153714,20,0
F23Q20069669,19,0
F22Q20201483,16,0
F22Q10143588,10,1
F23Q20075340,14,0
F22Q10371189,22,0
F22Q30146467,16,0
F22Q30157361,5,1
F22Q10064866,22,0
F22Q10466938,12,1
F22Q10497688,8,1
F23Q10028688,8,1
F23Q10152922,10,1
F22Q10177942,13,0
F22Q40053377,21,0
F23Q30134864,10,1
F23Q20201300,19,0
F22Q30248004,7,1
F22Q10392507,3,1
F22Q30150296,17,0
F22Q10336433,5,1
F22Q20319049,21,0
F22Q20032341,18,0
F22Q30319019,11,1
F23Q30076642,16,0
F22Q20016072,9,1
F23Q10143434,14,0
F22Q20057724,22,0
F22Q30042136,21,0
F23Q30066530,18,0
F22Q30127860,4,1
F22Q20366313,6,1
F22Q10128756,8,1
F22Q20297820,13,0
F22Q10188498,10,1
F22Q30067667,11,1
F23Q20205912,22,0
F23Q20183211,24,0
F22Q40086446,24,0
F22Q20375864,16,0
F22Q10244681,20,0
F23Q10042275,19,0
F22Q20156800,19,0
F22Q30128183,4,1
F23Q10085764,9,1
F22Q30083962,8,1
F22Q20012411,6,1
F22Q10134854,17,0
F22Q20381203,14,0
F23Q10120857,23,0
F22Q10062278,11,1
F23Q30077409,17,0
F22Q20101975,13,0
F23Q10062791,21,0
F22Q40111399,18,0
F22Q10196719,22,0
F22Q20186350,20,0
F22Q20302112,10,1
F22Q40030371,20,0
F22Q20031177,3,1
F23Q30239694,20,0
F22Q10206927,21,0
F22Q30205768,20,0
F23Q30031775,8,1
F22Q40120778,20,0
F22Q20017667,4,1
F23Q10151761,7,1
F23Q30068897,23,0
F22Q20162735,23,0
F22Q40086914,18,0
F23Q10083073,9,1
F23Q30125724,13,0
F22Q30019064,5,1
F22Q20155038,19,0
F23Q20257287,24,0
F22Q20154375,13,0
F22Q20370153,18,0
F22Q40040691,6,1
F22Q20124005,12,1
F23Q20221225,17,0
F22Q40095118,18,0
F22Q20168751,17,0
F23Q20149869,20,0
F23Q20014028,10,1
F22Q10346442,21,0
F22Q30254254,14,0
F22Q30084159,11,1
F23Q30084548,10,1
F23Q30035555,23,0
F22Q10020758,12,1
F23Q30005841,21,0
F22Q10033541,19,0
F23Q20072376,20,0
F23Q30108132,20,0
F23Q30245115,10,1
F22Q10562792,17,0
F22Q20035007,19,0
F23Q10093519,21,0
F23Q20241027,22,0
F22Q30134478,5,1
F23Q10095189,12,1
F23Q10005449,19,0
F23Q30148404,15,0
F22Q30030435,18,0
F22Q20301625,20,0
F23Q20174978,3,1
F22Q30236439,9,1
F22Q20081331,15,0
F22Q30292632,24,0
F23Q10029507,18,0
F22Q10165690,14,0
F23Q10007414,10,1
F22Q40150781,20,0
F22Q10505268,10,1
F22Q10251637,17,0
F23Q30013542,22,0
F22Q30300239,15,0
F22Q10345127,11,1
F22Q30211103,18,0
F22Q40160500,21,0
F22Q30193623,21,0
F22Q20243601,17,0
F22Q20380233,8,1
F23Q30123421,15,0
F22Q10247163,10,1
F22Q20261049,6,1
F23Q20126232,8,1
F23Q30028357,7,1
F23Q20087130,22,0
F23Q30254603,5,1
F22Q40202897,12,1
F23Q20269446,21,0
F22Q30023920,9,1
F22Q40072607,8,1
F23Q10090752,9,1
F22Q30033204,16,0
F22Q10297830,4,1
F23Q30058789,8,1
F23Q20116431,5,1
F22Q10120140,22,0
F23Q10117905,7,1
F22Q30201295,24,0
F22Q10258840,17,0
F22Q20120639,7,1
F23Q20010898,19,0
F23Q30041610,23,0
F23Q30134981,24,0
F22Q40095833,20,0
F22Q30039162,24,0
F22Q10047395,24,0
F23Q30179410,14,0
F22Q10583114,8,1
F22Q20173781,24,0
F22Q10209134,13,0
F22Q20040245,24,0
F22Q10548710,16,0
F22Q40166268,18,0
F23Q10056937,3,1
F22Q10252898,5,1
F22Q10203610,21,0
F23Q20226079,23,0
F22Q20433261,11,1
F22Q40051755,5,1
F22Q20125348,8,1
F22Q30122688,9,1
F22Q10295841,19,0
F22Q30250749,14,0
F23Q20260354,16,0
F22Q20335938,16,0
F23Q10142956,13,0
F22Q10301873,21,0
F23Q10099092,19,0
F22Q30328022,15,0
F23Q30237999,13,0
F22Q30294005,23,0
F23Q20217146,19,0
F22Q40126262,15,0
F22Q20298238,6,1
F23Q20149217,19,0
F22Q20017382,18,0
F22Q10230126,11,1
F22Q10220223,13,0
F22Q10367041,24,0
F22Q10346335,11,1
F23Q30082074,12,1
F22Q10183185,24,0
F22Q20301932,4,1
F22Q40174912,8,1
F23Q30054743,24,0
F22Q40018745,13,0
F22Q10388474,12,1
F23Q20208943,17,0
F22Q10430844,4,1
F22Q40138493,18,0
F23Q10082903,22,0
F22Q20188497,21,0
F22Q30312285,16,0
F22Q10470929,17,0
F22Q20143333,5,1
F23Q30095622,5,1
F22Q20262740,6,1
F22Q10114676,11,1
F22Q10232350,20,0
F22Q10029093,14,0
F22Q10358057,16,0
F22Q30293544,17,0
F22Q10221211,3,1
F22Q40093612,19,0
F23Q30040340,8,1
F23Q10165133,10,1
F22Q30175755,3,1
F23Q10036497,21,0
F22Q20007686,9,1
F23Q20019454,17,0
F23Q10118953,18,0
F22Q30078760,7,1
F22Q10497770,19,0
F23Q10079628,18,0
F22Q10250863,5,1
F22Q10556153,18,0
F22Q30010393,17,0
F23Q20084836,12,1
F22Q30332227,6,1
F23Q30237249,14,0
F23Q20169897,19,0
F22Q10373718,24,0
F23Q10184402,8,1
F23Q20218467,5,1
F23Q30039454,11,1
F22Q10107361,12,1
F23Q20093192,16,0
F23Q10065375,23,0
F23Q20006185,20,0
F22Q10367710,9,1
F23Q10137241,20,0
F22Q10341782,8,1
F22Q10349795,17,0
F22Q30076059,8,1
F22Q20148797,13,0
F22Q30286560,11,1
F22Q20268983,19,0
F23Q10034919,3,1
F22Q10226847,13,0
F22Q30224900,17,0
F23Q20135433,19,0
F23Q20220949,17,0
F22Q10112831,10,1
F23Q30113273,12,1
F23Q30049673,11,1
F23Q30038869,20,0
F22Q10068030,21,0
F22Q30008861,20,0
F22Q30127402,16,0
F23Q30031931,13,0
F22Q10215738,14,0
F22Q40200252,12,1
F22Q10531001,18,0
F23Q30182272,9,1
F22Q10309278,19,0
F22Q10339206,17,0
F22Q10293247,23,0
F22Q40035670,14,0
F22Q10171641,4,1
F23Q30199752,16,0
F22Q20120642,12,1
F22Q20328755,7,1
F22Q20052121,11,1
F23Q30052101,20,0
F23Q30166023,16,0
F22Q10367823,14,0
F22Q30258098,12,1
F22Q20361132,21,0
F22Q20396621,24,0
F22Q10480896,10,1
F22Q30138367,23,0
F22Q30209750,11,1
F22Q40037908,15,0
F23Q30094416,10,1
F23Q10127364,15,0
F23Q30253995,4,1
F22Q20291491,23,0
F22Q30295627,23,0
F22Q10122024,16,0
F22Q40202059,17,0
F23Q20159527,5,1
F22Q20143272,7,1
F22Q10096939,5,1
F22Q30180500,16,0
F22Q40192996,17,0
F23Q20168337,13,0
F23Q30141533,16,0
F22Q10477046,15,0
F22Q40009339,24,0
F23Q20152900,16,0
F23Q10164909,5,1
F22Q30321361,24,0
F22Q10548973,6,1
F22Q20288103,9,1
F22Q40021167,18,0
F22Q40139311,11,1
F22Q20351704,10,1
F22Q40216650,17,0
F22Q20041941,16,0
F22Q30092775,14,0
F22Q10256542,17,0
F23Q30030017,17,0
F22Q10246228,9,1
F23Q10182982,19,0
F22Q30103539,22,0
F23Q30108027,17,0
F22Q30271281,5,1
F23Q10109290,5,1
F22Q10327238,10,1
F22Q40026813,21,0
F23Q30074045,21,0
F22Q20121565,16,0
F23Q30102927,18,0
F22Q30301900,22,0
F22Q30178810,20,0
F22Q30075532,5,1
F23Q30133819,22,0
F22Q20371150,13,0
F22Q20327200,7,1
F23Q20152000,12,1
F22Q10031590,6,1
F22Q10462347,19,0
F23Q10030878,13,0
F22Q10124797,16,0
F23Q20166023,17,0
F23Q20082500,18,0
F23Q20205052,5,1
F22Q40062013,14,0
F22Q30279241,11,1
F22Q20293535,16,0
F22Q20392476,7,1
F22Q30138775,14,0
F23Q30014916,21,0
F23Q30171333,23,0
F22Q10406951,24,0
F23Q10124762,20,0
F22Q30061607,8,1
F23Q30241767,8,1
F22Q10048019,19,0
F22Q20293222,15,0
F22Q40110580,21,0
F23Q10072887,5,1
F22Q40197517,22,0
F22Q10262167,5,1
F22Q30224161,17,0
F22Q10375453,23,0
F22Q10543065,21,0
F23Q20063053,13,0
F23Q20035610,22,0
F23Q20276141,24,0
F23Q20035158,18,0
F23Q30195446,5,1
F22Q20011851,13,0
F22Q30008719,19,0
F22Q10385756,10,1
F22Q10111681,12,1
F22Q10016254,7,1
F22Q20258332,11,1
F22Q10017205,22,0
F22Q10121512,9,1
F23Q30259488,21,0
F22Q20003283,18,0
F23Q10152391,22,0
F23Q20005853,19,0
F22Q30334357,12,1
F23Q20083789,23,0
F22Q10336504,17,0
F23Q10132095,13,0
F22Q40054853,14,0
F22Q40173722,3,1
F22Q20067667,5,1
F22Q20377413,11,1
F23Q10099081,20,0
F23Q20265156,18,0
F22Q40052297,3,1
F22Q20302955,4,1
F22Q20124646,19,0
F22Q20074921,11,1
F22Q40119973,9,1
F23Q20179018,23,0
F22Q20032721,8,1
F23Q30146926,22,0
F22Q30086671,10,1
F22Q20053981,15,0
F23Q30040296,3,1
F23Q20258795,13,0
F22Q10249074,13,0
F22Q10335571,18,0
F22Q10037402,7,1
F22Q20071176,15,0
F23Q20015480,10,1
F22Q10481897,16,0
F22Q20172874,12,1
F22Q30244102,17,0
F23Q20005320,18,0
F22Q10310558,14,0
F22Q20426195,7,1
F22Q30074694,15,0
F22Q40151384,11,1
F23Q30247397,21,0
F22Q10251766,15,0
F22Q30019205,16,0
F22Q10565087,16,0
F22Q10122655,5,1
F23Q20078420,8,1
F22Q30168462,6,1
F22Q10565183,14,0
F23Q20131534,4,1
F22Q20383072,19,0
F22Q40029031,21,0
F22Q40072341,11,1
F22Q30026727,5,1
F22Q10582779,13,0
F22Q20075086,15,0
F22Q20253801,13,0
F23Q30228078,17,0
F22Q10022888,8,1
F22Q30010344,16,0
F22Q10158760,19,0
F22Q10513764,18,0
F22Q10156550,9,1
F22Q30090151,18,0
F22Q10053574,11,1
F22Q20015351,6,1
F22Q10036178,14,0
F23Q10152448,17,0
F22Q40183575,19,0
F22Q20375243,9,1
F23Q20023194,19,0
F22Q10277958,4,1
F22Q30116121,10,1
F22Q20264776,12,1
F22Q40082076,13,0
F22Q30009963,15,0
F22Q20404139,16,0
F22Q30007415,4,1
F22Q20014719,20,0
F22Q10425428,20,0
F22Q40209588,23,0
F22Q20403325,12,1
F23Q30054652,15,0
F22Q30292000,10,1
F22Q20410922,22,0
F23Q30247209,10,1
F22Q30329138,5,1
F22Q20254867,17,0
F22Q20137975,14,0
F22Q40076149,9,1
F23Q30003138,18,0
F23Q30033996,15,0
F22Q10419041,20,0
F22Q40155874,10,1
F22Q10279142,24,0
F22Q20219781,10,1
F23Q20111687,19,0
F23Q20234512,7,1
F22Q20348575,5,1
F22Q40160865,13,0
F23Q30104554,22,0
F22Q20104357,15,0
F22Q40181108,9,1
F22Q20319148,13,0
F23Q30236996,20,0
F22Q30251487,16,0
F22Q10474072,11,1
F22Q30192805,18,0
F22Q10052592,10,1
F22Q10173712,3,1
F23Q20107996,19,0
F23Q30154786,14,0
F22Q20345106,12,1
F22Q40179079,5,1
F22Q30256491,24,0
F23Q20183244,23,0
F22Q20403411,20,0
F22Q30104101,16,0
F23Q10183638,14,0
F22Q20177832,11,1
F22Q30329277,6,1
F22Q10471048,22,0
F23Q20220190,21,0
F23Q20040697,16,0
F22Q40178486,6,1
F23Q10176580,19,0
F22Q40111522,15,0
F23Q20152258,20,0
F22Q10334018,7,1
F22Q20363613,9,1
F22Q40197486,20,0
F22Q10554333,7,1
F22Q30138703,4,1
F22Q30246552,16,0
F22Q20121785,23,0
F23Q30223534,5,1
F23Q10098176,18,0
F22Q20208562,3,1
F22Q20139609,11,1
F22Q40020662,14,0
F23Q20274094,20,0
F22Q30115712,23,0
F22Q30164736,13,0
F22Q10228446,16,0
F22Q40110530,21,0
F22Q30186272,24,0
F22Q10148139,9,1
F22Q10447800,16,0
F22Q10087026,13,0
F23Q30041868,23,0
F22Q20057590,13,0
F22Q30312820,6,1
F22Q10283873,20,0
F22Q20035644,15,0
F22Q10374203,18,0
F22Q10420122,15,0
F22Q10318189,16,0
F22Q30133883,6,1
F23Q20197057,6,1
F22Q20188946,19,0
F22Q10562013,17,0
F22Q20209935,12,1
F22Q20426159,23,0
F22Q30277549,16,0
F22Q20021206,13,0
F23Q30085168,24,0
F23Q20147431,9,1
F22Q20201323,16,0
F23Q10157020,22,0
F22Q10247625,6,1
F22Q20006832,21,0
F22Q30234035,22,0
F23Q30240939,22,0
F22Q40061294,3,1
F23Q10064521,9,1
F22Q10228692,9,1
F23Q30089811,24,0
F22Q30260996,12,1
F23Q30090298,14,0
F22Q10432160,19,0
F22Q10379048,13,0
F23Q20229969,20,0
F23Q10145838,21,0
F23Q30239098,15,0
F22Q20335983,4,1
F23Q30189667,4,1
F22Q20243956,23,0
F22Q10061721,16,0
F22Q30056709,21,0
F22Q20165447,15,0
F23Q20053347,16,0
F22Q40022856,13,0
F23Q20158907,21,0
F22Q40220909,8,1
F22Q30163708,5,1
F22Q40091535,13,0
F23Q20219038,19,0
F23Q10183160,18,0
F22Q20071011,13,0
F22Q10349885,12,1
F23Q10013692,14,0
F23Q20103684,6,1
F22Q20420741,9,1
F22Q30067819,18,0
F22Q30299099,3,1
F23Q10022196,16,0
F22Q20365855,23,0
F22Q30331136,12,1
F22Q40188746,24,0
F22Q40170842,24,0
F22Q40208266,24,0
F23Q10171459,3,1
F22Q10185709,3,1
F22Q40216756,18,0
F23Q30107992,23,0
F22Q10139444,12,1
F22Q10149987,7,1
F23Q10177295,21,0
F22Q20222276,8,1
F23Q10101006,23,0
F22Q30055808,5,1
F22Q20314921,4,1
F22Q40089356,15,0
F23Q20125757,18,0
F23Q30043028,24,0
F22Q10076214,9,1
F22Q10038708,12,1
F22Q20088182,10,1
F22Q10345966,9,1
F23Q20005426,19,0
F22Q10090378,13,0
F23Q20034133,20,0
F22Q20051036,13,0
F22Q20208749,12,1
F22Q30024974,19,0
F23Q20083160,8,1
F23Q20270575,12,1
F23Q30134499,9,1
F22Q30025836,23,0
F22Q20403279,16,0
F22Q20370523,20,0
F22Q30225289,21,0
F22Q10469241,22,0
F22Q30060040,5,1
F22Q30335247,10,1
F22Q20356325,22,0
F22Q30224633,11,1
F22Q10065935,22,0
F22Q40071953,13,0
F23Q30254367,19,0
F22Q40025910,6,1
F22Q10521441,13,0
F22Q40101158,14,0
F23Q20025336,21,0
F23Q20180635,14,0
F23Q10002053,3,1
F22Q30325571,21,0
F22Q10305218,8,1
F22Q20097220,12,1
F22Q10425248,8,1
F22Q40020460,19,0
F22Q10401487,18,0
F22Q40152814,19,0
F22Q10470683,22,0
F22Q30123367,13,0
F22Q10455856,17,0
F22Q40084910,6,1
F22Q10278681,18,0
F22Q40018189,17,0
F22Q10574364,12,1
F22Q10544577,12,1
F22Q30123376,6,1
F23Q10034303,8,1
F22Q30270233,14,0
F22Q10375070,11,1
F23Q20017688,21,0
F23Q20078466,13,0
F22Q40175936,4,1
F22Q10068075,9,1
F22Q20022633,12,1
F22Q30319602,20,0
F22Q30208981,15,0
F23Q20133361,12,1
F22Q40149794,18,0
F22Q20106761,14,0
F22Q20198513,23,0
F23Q30235379,22,0
F23Q30025060,14,0
F22Q10107798,20,0
F22Q30320580,4,1
F22Q20375919,5,1
F22Q30209529,15,0
F22Q10240131,14,0
F23Q20022797,15,0
F22Q10391829,23,0
F23Q30182256,10,1
F23Q30033044,12,1
F23Q20158224,16,0
F23Q30231552,22,0
F22Q10052745,11,1
F22Q10281680,5,1
F22Q20279214,10,1
F22Q30149782,16,0
F23Q30098806,22,0
F22Q10394366,21,0
F22Q30187755,10,1
F22Q10519692,18,0
F23Q20142969,19,0
F23Q20093338,19,0
F23Q30118026,15,0
F23Q20263814,7,1
F22Q20180603,8,1
F23Q30082374,5,1
F23Q20184744,17,0
F23Q30168834,9,1
F23Q20139891,17,0
F22Q30106043,5,1
F22Q10367805,18,0
F23Q10079571,12,1
F23Q10095957,22,0
F22Q20118401,18,0
F22Q10348115,17,0
F23Q10079665,10,1
F23Q20230672,22,0
F22Q20323592,14,0
F23Q20175819,23,0
F22Q30034054,8,1
F22Q20132310,6,1
F23Q20214485,22,0
F23Q30198793,18,0
F22Q20395281,22,0
F22Q20210119,21,0
F23Q20176482,19,0
F23Q10079455,15,0
F22Q30224579,14,0
F22Q30248924,19,0
F23Q20010615,23,0
F22Q10042293,11,1
F22Q10057556,13,0
F23Q10003674,9,1
F22Q30306921,20,0
F23Q10120050,17,0
F22Q20159749,7,1
F23Q20261798,4,1
F22Q20239712,12,1
F22Q20314266,11,1
F22Q30062250,16,0
F22Q40212114,6,1
F22Q20214566,8,1
F23Q30120630,13,0
F23Q10040471,6,1
F23Q10033087,15,0
F22Q20085991,6,1
F22Q30085091,20,0
F22Q10473048,8,1
F23Q10014288,18,0
F23Q20081439,16,0
F22Q20005560,9,1
F22Q20409742,24,0
F22Q30169520,21,0
F22Q40007902,22,0
F22Q10150261,20,0
F22Q10213387,22,0
F23Q20102491,21,0
F22Q10079625,18,0
F22Q20066153,6,1
F22Q30300200,20,0
F22Q20080797,18,0
F22Q30127993,13,0
F22Q40133684,7,1
F23Q30107165,18,0
F22Q30099860,14,0
F23Q10020231,11,1
F23Q20073111,8,1
F22Q30042171,11,1
F22Q10051907,22,0
F22Q10223194,4,1
F22Q20403276,18,0
F22Q20212414,18,0
F22Q30165192,21,0
F22Q10483800,10,1
F22Q20064630,4,1
F23Q10030365,21,0
F22Q30174291,4,1
F22Q30235883,22,0
F23Q30253629,11,1
F23Q10115812,17,0
F22Q40217864,9,1
F22Q30289389,14,0
F22Q30230363,15,0
F22Q40128322,20,0
F22Q20074174,17,0
F22Q20240689,9,1
F22Q20303082,6,1
F22Q40174189,8,1
F23Q20133220,20,0
F22Q40168489,14,0
F22Q10360053,10,1
F22Q20029258,13,0
F22Q10175893,24,0
F22Q30294532,23,0
F22Q10329046,15,0
F22Q10301936,21,0
F22Q10289853,21,0
F23Q20002863,14,0
F22Q10364071,10,1
F22Q40192673,10,1
F23Q10046499,18,0
F22Q20336975,24,0
F22Q20155254,22,0
F22Q20074838,3,1
F22Q30186297,6,1
F23Q10082574,17,0
F22Q10288296,17,0
F22Q30125735,3,1
F22Q40156412,23,0
F23Q10077014,20,0
F22Q30161914,24,0
F23Q30124585,16,0
F22Q40062491,11,1
F23Q10101627,3,1
F23Q20037631,3,1
F23Q20119522,14,0
F22Q40005962,13,0
F22Q40104100,23,0
F22Q40020550,23,0
F22Q20002721,21,0
F22Q30262791,14,0
F22Q30167087,19,0
F22Q10187765,18,0
F23Q20055441,8,1
F22Q10051950,7,1
F22Q20225407,16,0
F22Q30235906,7,1
F22Q10217294,6,1
F22Q20037455,11,1
F22Q30098151,18,0
F22Q20115953,8,1
F22Q30234485,4,1
F22Q10539712,21,0
F22Q20283535,17,0
F23Q30115238,23,0
F22Q20046914,14,0
F22Q20204832,19,0
F22Q40215708,23,0
F22Q30031896,19,0
F22Q10253278,20,0
F22Q30281167,24,0
F23Q10030306,20,0
F23Q30093137,5,1
F22Q20348127,19,0
F22Q20159787,17,0
F22Q20203175,11,1
F22Q30020805,20,0
F23Q10129004,22,0
F23Q10166554,20,0
F22Q30116464,14,0
F22Q10045159,15,0
F22Q10473559,10,1
F23Q30164644,15,0
F22Q10514961,19,0
F22Q30195176,17,0
F23Q30253562,16,0
F23Q20189856,21,0
F22Q30025822,23,0
F23Q10175043,7,1
F22Q20204829,12,1
F22Q10301347,9,1
F23Q20024915,18,0
F22Q40058779,10,1
F23Q20066223,18,0
F22Q10572044,17,0
F22Q20270967,16,0
F22Q40060701,13,0
F23Q30254020,21,0
F22Q20325309,9,1
F22Q30016122,8,1
F22Q20361323,6,1
F22Q10198114,13,0
F22Q10433303,6,1
F22Q20369306,18,0
F23Q20193622,14,0
F23Q10007938,13,0
F22Q20162977,18,0
F22Q20347114,17,0
F22Q20114247,22,0
F23Q20114497,22,0
F22Q10057986,20,0
F22Q10173377,16,0
F22Q10298414,16,0
F22Q10514905,22,0
F22Q30267079,19,0
F22Q10318938,12,1
F22Q20064533,17,0
F22Q10528654,8,1
F22Q10195420,11,1
F23Q10052052,10,1
F23Q20156266,17,0
F23Q30133921,11,1
F23Q30101895,19,0
F22Q10045071,5,1
F22Q20100943,16,0
F23Q10101153,21,0
F22Q30070614,23,0
F22Q40120790,17,0
F22Q30194867,8,1
F22Q40198877,10,1
F23Q20255344,23,0
F22Q30182656,17,0
F23Q20136417,12,1
F23Q10174290,21,0
F22Q40002248,22,0
F22Q10371033,22,0
F23Q30211368,20,0
F23Q30232629,22,0
F23Q30216831,20,0
F22Q40125118,13,0
F23Q30066069,5,1
F22Q30266808,14,0
F22Q20417991,6,1
F23Q10091155,18,0
F23Q20137220,20,0
F23Q10054076,13,0
F22Q30034346,20,0
F23Q10056218,20,0
F23Q10113020,19,0
F23Q10166482,21,0
F23Q10089208,14,0
F22Q10215472,22,0
F22Q20264602,14,0
F23Q10090603,14,0
F23Q10069937,6,1
F22Q30209463,9,1
F22Q20152587,10,1
F23Q20221558,18,0
F23Q30248659,13,0
F22Q20042984,14,0
F22Q40018704,6,1
F23Q10140559,23,0
F23Q20193945,22,0
F22Q30034370,14,0
F22Q10516298,11,1
F23Q30208814,23,0
F22Q20388900,4,1
F22Q20325605,17,0
F22Q20287321,19,0
F22Q20332211,13,0
F22Q40150950,4,1
F23Q20020067,8,1
F23Q20261333,20,0
F22Q20327517,5,1
F22Q30078161,12,1
F23Q30030524,14,0
F22Q30084044,14,0
F22Q40076131,24,0
F23Q10148693,21,0
F22Q20267605,10,1
F22Q10160555,19,0
F22Q10565580,14,0
F22Q10524528,15,0
F22Q10156291,7,1
F22Q10544314,13,0
F22Q40193512,12,1
F22Q10037251,7,1
F22Q20064772,9,1
F23Q10124168,19,0
F23Q20039469,15,0
F22Q10553068,7,1
F23Q30254873,10,1
F22Q30030413,5,1
F22Q20274511,12,1
F23Q10100339,11,1
F22Q30276276,4,1
F22Q20414027,16,0
F22Q30312711,17,0
F23Q20127156,8,1
F22Q10425925,3,1
F22Q10073569,16,0
F22Q20221506,15,0
F23Q30066515,11,1
F23Q30154050,21,0
F22Q30168578,7,1
F22Q20330944,4,1
F23Q30153889,22,0
F22Q10268882,9,1
F22Q40156589,16,0
F22Q10271133,9,1
F22Q10017511,7,1
F22Q20113442,14,0
F23Q20215606,8,1
F23Q20137824,11,1
F22Q20394248,15,0
F22Q30210335,24,0
F22Q30171708,3,1
F23Q20024005,12,1
F22Q40183801,22,0
F22Q20303578,15,0
F22Q30308985,4,1
F23Q30217937,18,0
F22Q30001260,13,0
F23Q20201139,16,0
F22Q10155108,24,0
F22Q20362592,15,0
F22Q30066567,16,0
F23Q10075350,18,0
F22Q20181666,19,0
F22Q20164370,5,1
F22Q30019801,4,1
F22Q20112171,6,1
F23Q30175953,4,1
F23Q10097771,19,0
F23Q20062362,17,0
F23Q30036437,10,1
F23Q10156516,9,1
F22Q30276123,7,1
F22Q10483226,3,1
F23Q20083648,6,1
F23Q30246291,22,0
F22Q30024362,7,1
F23Q20052398,14,0
F22Q10367402,6,1
F22Q20262567,18,0
F22Q30273299,21,0
F22Q40038499,10,1
F22Q40201825,4,1
F22Q10457798,4,1
F22Q10284384,20,0
F22Q10032944,11,1
F23Q20226580,20,0
F22Q20021577,18,0
F23Q30133600,23,0
F22Q20296087,18,0
F22Q10089420,23,0
F23Q20160137,18,0
F22Q10279384,11,1
F22Q10485704,18,0
F22Q10430115,9,1
F22Q30326512,13,0
F22Q10122478,12,1
F22Q10561111,12,1
F22Q10215756,17,0
F23Q30027927,18,0
F22Q10420293,14,0
F23Q20004946,19,0
F22Q30312872,23,0
F22Q20279547,16,0
F22Q30084325,17,0
F22Q30205483,5,1
F22Q40149321,21,0
F23Q20202368,17,0
F22Q40115438,17,0
F22Q20105210,9,1
F23Q10032159,6,1
F23Q30080565,23,0
F22Q30025433,7,1
F23Q20132489,20,0
F22Q10080739,7,1
F22Q30077961,3,1
F22Q40177627,9,1
F22Q20209501,24,0
F22Q20404073,7,1
F22Q30158666,10,1
F22Q20101652,10,1
F22Q40219244,22,0
F23Q10065322,3,1
F22Q40109766,14,0
F23Q10162210,23,0
F22Q10095518,12,1
F22Q20358347,9,1
F22Q20196604,4,1
F22Q30059342,9,1
F23Q10052033,22,0
F23Q30122818,13,0
F22Q20395267,10,1
F23Q20112305,16,0
F22Q20029572,6,1
F22Q40051153,11,1
F22Q20398472,19,0
F22Q20388744,18,0
F22Q10132325,20,0
F23Q30118679,13,0
F22Q40137762,14,0
F23Q10028457,18,0
F22Q40091919,20,0
F23Q10164408,18,0
F22Q30147762,16,0
F22Q10243252,19,0
F22Q10047867,14,0
F22Q30265781,9,1
F22Q30010342,17,0
F23Q20276229,23,0
F22Q40054644,15,0
F22Q40073838,7,1
F22Q10346226,9,1
F23Q30162363,17,0
F23Q30112840,16,0
F22Q30289431,24,0
F22Q10507089,20,0
F23Q10009564,9,1
F23Q30242843,21,0
F23Q10029095,21,0
F22Q20190083,16,0
F22Q30150058,5,1
F22Q20046562,20,0
F22Q40037792,4,1
F22Q30276925,22,0
F22Q30327620,5,1
F22Q10263629,21,0
F23Q20080828,20,0
F22Q30286082,9,1
F23Q30247109,19,0
F22Q30206994,21,0
F22Q10413144,17,0
F23Q10136757,3,1
F23Q30207632,21,0
F22Q30205536,18,0
F23Q30127416,3,1
F22Q30194874,15,0
F23Q10060882,22,0
F23Q10156615,20,0
F22Q10084978,11,1
F23Q30185693,15,0
F22Q40214157,22,0
F22Q10198996,22,0
F22Q40135568,20,0
F22Q20207267,3,1
F22Q20401295,6,1
F22Q30131978,9,1
F22Q40005208,8,1
F23Q30141165,21,0
F22Q10026121,4,1
F22Q20173372,24,0
F22Q10477025,6,1
F22Q10564152,18,0
F23Q20079467,16,0
F22Q20212206,16,0
F22Q10490211,11,1
F22Q30268656,17,0
F22Q40048601,23,0
F22Q40014785,13,0
F22Q20321114,13,0
F22Q10268675,10,1
F23Q30260922,23,0
F22Q20020803,9,1
F22Q20269863,23,0
F22Q10168453,10,1
F22Q30023792,5,1
F23Q10053146,22,0
F22Q10398970,5,1
F22Q40134562,7,1
F22Q10094131,9,1
F22Q10083185,7,1
F23Q20077422,5,1
F23Q30066131,14,0
F23Q20126882,16,0
F22Q20307510,20,0
F22Q30106373,15,0
F22Q10200107,10,1
F22Q30094520,15,0
F22Q20048643,5,1
F22Q30069978,10,1
F22Q20019698,24,0
F22Q30098641,19,0
F23Q30204699,14,0
F22Q30106036,15,0
F23Q10078075,7,1
F23Q10162215,19,0
F22Q40079644,10,1
F22Q40208057,13,0
F23Q10034554,9,1
F23Q30114437,13,0
F22Q30211433,11,1
F23Q30148194,15,0
F22Q20355298,22,0
F23Q20177136,16,0
F23Q10118079,21,0
F23Q30051893,13,0
F22Q30166645,13,0
F22Q30282989,6,1
F23Q30242660,16,0
F22Q30307890,23,0
F23Q10150740,23,0
F23Q20195607,15,0
F22Q10162424,24,0
F22Q30083977,6,1
F22Q20045000,8,1
F22Q30012162,14,0
F22Q20144198,11,1
F23Q20028870,3,1
F22Q40153480,13,0
F22Q10344318,3,1
F22Q30144469,10,1
F22Q30032105,20,0
F22Q20084926,7,1
F23Q20057558,3,1
F22Q40142720,21,0
F22Q10173374,7,1
F23Q30118621,12,1
F23Q20274680,6,1
F22Q10373151,14,0
F22Q30003564,19,0
F22Q10200073,3,1
F22Q20226108,7,1
F22Q20270102,7,1
F23Q30077821,19,0
F23Q30202777,13,0
F23Q10036933,21,0
F23Q30057849,19,0
F23Q30124050,19,0
F23Q30126086,17,0
F23Q10056140,21,0
F23Q20178187,9,1
F22Q40110075,12,1
F22Q30246052,9,1
F22Q20033842,7,1
F22Q40219619,8,1
F22Q20244629,14,0
F23Q10119035,16,0
F22Q10210912,22,0
F23Q30233074,22,0
F22Q30072338,8,1
F23Q20158018,18,0
F22Q40215883,19,0
F22Q10459255,7,1
F22Q10202583,10,1
F22Q20418705,17,0
F22Q10348712,15,0
F22Q30159909,21,0
F22Q40139252,21,0
F23Q30259676,16,0
F23Q20109288,21,0
F22Q20166638,11,1
F22Q10413368,23,0
F22Q10456500,11,1
F22Q20429401,6,1
F22Q20063319,3,1
F22Q30284504,22,0
F22Q10224570,5,1
F22Q30024109,12,1
F22Q30074546,19,0
F22Q20019523,14,0
F22Q20131961,7,1
F22Q10196841,16,0
F23Q20036951,19,0
F22Q40055730,23,0
F23Q30218591,6,1
F22Q20434574,5,1
F22Q10091967,6,1
F22Q20347632,10,1
F22Q10227602,9,1
F23Q10145465,5,1
F22Q30326436,17,0
F23Q10107484,17,0
F23Q30183010,12,1
F22Q20032723,23,0
F22Q40126164,10,1
F23Q30156779,18,0
F23Q30259930,16,0
F22Q30173207,14,0
F22Q20128239,12,1
F22Q20204353,14,0
F22Q20382329,7,1
F23Q10055092,20,0
F22Q40087621,22,0
F22Q20331321,20,0
F22Q20228342,16,0
F22Q10537071,22,0
F22Q30217776,5,1
F23Q30185250,6,1
F23Q20028474,5,1
F23Q30228325,12,1
F22Q30240471,15,0
F23Q20124985,15,0
F23Q30174443,9,1
F23Q20108416,23,0
F22Q30206796,16,0
F22Q10038155,7,1
F22Q40114560,17,0
F22Q30286453,8,1
F22Q30293971,21,0
F22Q20073082,14,0
F22Q40050732,20,0
F23Q30008765,15,0
F23Q30058884,22,0
F22Q10326127,24,0
F22Q10165775,19,0
F23Q20179030,7,1
F22Q30142444,22,0
F23Q30177125,16,0
F23Q10004513,18,0
F22Q10427973,20,0
F22Q40051314,7,1
F23Q20124033,13,0
F22Q30332680,18,0
F23Q20214308,9,1
F22Q20417641,17,0
F22Q10544831,5,1
F23Q10079711,24,0
F23Q20001461,11,1
F22Q20120473,14,0
F23Q10037407,9,1
F22Q10239926,14,0
F22Q10133900,12,1
F23Q20075768,11,1
F22Q10540881,24,0
F23Q30166749,17,0
F23Q10071163,7,1
F22Q30070330,14,0
F22Q30283537,24,0
F22Q40197808,15,0
F23Q20119919,7,1
F22Q30264338,24,0
F23Q10043044,23,0
F22Q20354187,4,1
F22Q10345667,10,1
F23Q30093107,19,0
F23Q30118075,13,0
F22Q10009770,14,0
F22Q20228185,17,0
F22Q30331710,24,0
F23Q30093388,7,1
F23Q20020636,8,1
F22Q30125574,16,0
F22Q20331013,15,0
F23Q30128488,8,1
F23Q20012255,4,1
F22Q20006948,6,1
F23Q30127195,9,1
F22Q40205247,8,1
F22Q20180875,9,1
F22Q40125359,17,0
F22Q10368813,22,0
F22Q40066101,14,0
F23Q10095634,8,1
F22Q10458958,16,0
F23Q10054457,5,1
F23Q20193311,19,0
F23Q20006108,3,1
F22Q20133369,17,0
F22Q20067984,10,1
F23Q10163463,12,1
F22Q10443385,22,0
F22Q10363544,4,1
F22Q20022654,8,1
F23Q20262729,24,0
F22Q10173752,7,1
F22Q10230983,20,0
F22Q40147399,4,1
F23Q10092885,17,0
F22Q20074684,12,1
F22Q30048562,4,1
F22Q20016087,6,1
F22Q20283659,21,0
F22Q30326360,11,1
F22Q10085786,23,0
F23Q10084010,18,0
F23Q20026878,18,0
F22Q10073040,10,1
F22Q10455767,12,1
F22Q40209597,18,0
F23Q20125265,9,1
F22Q10477875,11,1
F22Q30235531,21,0
F22Q10186879,3,1
F23Q30077125,22,0
F23Q30116813,5,1
F22Q10473146,3,1
F22Q30124762,6,1
F23Q20151800,8,1
F23Q30217763,6,1
F22Q10041182,7,1
F22Q10237893,6,1
F23Q10111795,9,1
F22Q40012348,14,0
F23Q20052598,24,0
F23Q30087203,16,0
F22Q20087502,12,1
F23Q20142020,21,0
F22Q10085990,16,0
F22Q30087617,23,0
F22Q30100108,21,0
F23Q20164157,22,0
F23Q20218768,9,1
F23Q30116670,22,0
F22Q30220573,18,0
F23Q10037809,23,0
F23Q30234796,13,0
F22Q30096859,11,1
F22Q30016836,19,0
F22Q40024150,5,1
F22Q10392923,23,0
F22Q10015968,13,0
F23Q30169713,19,0
F22Q20192769,21,0
F22Q20295286,9,1
F22Q20369748,9,1
F22Q30312039,5,1
F22Q10083422,24,0
F23Q30135910,23,0
F22Q40174922,9,1
F22Q30050786,18,0
F23Q30034266,16,0
F22Q10513149,7,1
F23Q20248574,20,0
F22Q10370722,16,0
F22Q40098264,10,1
F22Q20267973,12,1
F22Q40186514,24,0
F22Q40217841,11,1
F23Q20249881,12,1
F22Q20031431,7,1
F22Q10293904,9,1
F22Q20313988,6,1
F22Q20386279,15,0
F23Q30187676,16,0
F22Q20303089,17,0
F22Q40085105,10,1
F23Q20262851,16,0
F23Q10121855,11,1
F22Q30073148,18,0
F22Q10548380,13,0
F22Q10220598,9,1
F22Q10186818,13,0
F22Q10416420,18,0
F22Q20395514,11,1
F22Q30053559,15,0
F22Q20117230,18,0
F22Q20178942,17,0
F23Q20253179,24,0
F22Q10375772,8,1
F22Q10077823,5,1
F23Q10080875,18,0
F22Q10318322,20,0
F22Q40023196,14,0
F22Q10201546,21,0
F23Q30210472,15,0
F22Q10074197,9,1
F23Q30175321,16,0
F22Q30168397,17,0
F22Q20129382,18,0
F23Q30137879,6,1
F22Q10292629,15,0
F22Q40154939,22,0
F23Q10063112,14,0
F23Q30084133,12,1
F22Q40179764,15,0
F22Q20122044,19,0
F22Q20137042,18,0
F23Q20005653,19,0
F22Q10394178,12,1
F23Q20043912,18,0
F23Q10127548,9,1
F22Q30076463,11,1
F22Q30282504,11,1
F22Q10219598,20,0
F22Q10082836,21,0
F23Q10013160,9,1
F22Q20413277,23,0
F22Q20023892,21,0
F22Q10048721,12,1
F22Q10068045,9,1
F23Q20253994,12,1
F22Q20143469,19,0
F22Q20315423,18,0
F22Q30223234,16,0
F23Q30255684,15,0
F22Q20123747,3,1
F23Q20038981,20,0
F22Q30308918,10,1
F23Q20015212,13,0
F23Q30085465,24,0
F22Q20100629,22,0
F22Q30319031,19,0
F22Q20186214,15,0
F23Q30063476,13,0
F23Q20072190,22,0
F23Q20117716,15,0
F22Q10082236,8,1
F22Q20309349,18,0
F22Q10385581,21,0
F22Q20315224,9,1
F22Q30021543,12,1
F23Q30062175,18,0
F22Q10382357,17,0
F22Q20206579,19,0
F22Q30164255,9,1
F23Q10086742,19,0
F22Q20216999,21,0
F23Q30150202,13,0
F22Q20181939,24,0
F22Q40191785,24,0
F22Q10213565,4,1
F22Q30234384,9,1
F22Q20109050,9,1
F22Q30040408,22,0
F22Q30317580,6,1
F22Q20392952,4,1
F22Q10320398,15,0
F23Q10043113,6,1
F23Q10064597,10,1
F23Q30046253,12,1
F22Q30039713,16,0
F23Q30175333,12,1
F22Q30202546,21,0
F22Q10366310,19,0
F22Q40179051,11,1
F23Q20168867,24,0
F22Q40039051,3,1
F22Q20078193,3,1
F22Q20047355,6,1
F22Q30033109,20,0
F22Q20097909,20,0
F22Q30120535,5,1
F22Q30229265,12,1
F22Q30245101,23,0
F22Q10355385,6,1
F22Q30310122,11,1
F22Q40204700,4,1
F22Q10408524,4,1
F22Q20047484,20,0
F22Q20429287,15,0
F22Q20267913,19,0
F23Q20162479,20,0
F22Q20417742,22,0
F22Q30093840,20,0
F23Q20209456,10,1
F22Q10538937,24,0
F22Q20267592,9,1
F23Q20096073,22,0
F23Q10000941,4,1
F23Q20180110,10,1
F22Q30175694,11,1
F23Q20146734,20,0
F23Q30030464,14,0
F22Q20264373,7,1
F23Q20185661,13,0
F23Q30184330,21,0
F23Q10155905,19,0
F23Q10146735,3,1
F22Q10293591,20,0
F22Q10103738,9,1
F22Q10377147,20,0
F22Q30010579,21,0
F22Q40197488,13,0
F22Q20305326,21,0
F23Q10052915,8,1
F22Q20188900,12,1
F22Q40193879,24,0
F22Q20043070,15,0
F22Q10100880,22,0
F22Q10494547,8,1
F23Q30218746,8,1
F22Q40093536,12,1
F22Q40193055,6,1
F22Q20031562,14,0
F22Q10438590,14,0
F22Q20207831,8,1
F22Q10466995,20,0
F23Q10101538,19,0
F22Q30175791,19,0
F22Q30078445,7,1
F23Q20194131,15,0
F23Q30131445,8,1
F23Q20094041,8,1
F22Q10432899,7,1
F23Q20014607,20,0
F23Q20264435,9,1
F23Q10181745,18,0
F22Q30002803,17,0
F22Q40156342,10,1
F22Q30109067,9,1
F22Q20307324,15,0
F22Q20125122,6,1
F23Q30240337,17,0
F23Q10029854,20,0
F22Q10501700,7,1
F23Q30179172,10,1
F23Q10156923,18,0
F23Q20064252,14,0
F22Q10011809,13,0
F22Q10096166,9,1
F22Q10360265,6,1
F23Q30063411,17,0
F22Q10529456,6,1
F23Q20265175,4,1
F23Q10183818,8,1
F22Q10278551,9,1
F22Q10400861,3,1
F23Q20178155,23,0
F23Q30228774,11,1
F23Q20087823,22,0
F22Q30005103,3,1
F22Q10399712,19,0
F22Q30191945,4,1
F23Q10085638,23,0
F23Q20008295,23,0
F23Q30084682,7,1
F22Q10313660,11,1
F23Q30134491,12,1
F23Q30062766,5,1
F22Q30012907,22,0
F23Q20060039,13,0
F22Q40056167,19,0
F22Q20271230,16,0
F23Q30083137,13,0
F23Q20072127,8,1
F23Q10045419,9,1
F23Q10084211,20,0
F23Q10131340,21,0
F22Q10001887,21,0
F22Q10043527,17,0
F22Q10225833,7,1
F23Q30173463,7,1
F22Q20295179,7,1
F23Q30019828,18,0
F22Q30179463,11,1
F22Q10173851,6,1
F22Q20234013,6,1
F23Q20098568,24,0
F22Q30307133,5,1
F22Q10272530,3,1
F22Q20149731,8,1
F22Q20202883,8,1
F22Q30188342,22,0
F22Q10350685,19,0
F22Q10355529,8,1
F23Q30158607,18,0
F22Q20278569,9,1
F23Q30131579,3,1
F22Q20381866,24,0
F22Q20355334,16,0
F22Q20203341,20,0
F22Q30315921,3,1
F22Q20228310,6,1
F22Q20332481,4,1
F22Q10294380,20,0
F22Q30326913,7,1
F22Q10423174,24,0
F22Q10572774,22,0
F22Q20024459,15,0
F22Q40065811,16,0
F23Q20221428,12,1
F22Q10492629,20,0
F22Q40110501,16,0
F22Q40089250,11,1
F22Q20137484,20,0
F22Q20006207,11,1
F22Q10443878,12,1
F22Q20187524,15,0
F22Q30082257,4,1
F22Q20190041,17,0
F23Q20131442,18,0
F22Q30040572,10,1
F22Q10405685,19,0
F22Q20248512,23,0
F23Q20250116,15,0
F22Q40211987,22,0
F22Q10193372,14,0
F22Q20021810,12,1
F22Q30023157,9,1
F23Q20177798,18,0
F23Q20183398,5,1
F22Q20356092,21,0
F22Q40137249,14,0
F22Q20090771,11,1
F23Q10017885,22,0
F23Q30168686,8,1
F23Q10033967,22,0
F22Q30095913,21,0
F22Q30179597,9,1
F23Q20142298,23,0
F22Q20052529,16,0
F23Q30158499,15,0
F22Q20215233,6,1
F23Q20098720,5,1
F22Q10582679,12,1
F22Q40194343,24,0
F22Q20054422,10,1
F23Q30171880,7,1
F22Q30033213,19,0
F23Q10133489,8,1
F23Q30034566,14,0
F23Q20134586,16,0
F22Q10263967,7,1
F22Q30270265,23,0
F22Q10420063,8,1
F22Q10318193,20,0
F22Q10489729,19,0
F22Q20312226,23,0
F22Q20103984,23,0
F22Q40149013,5,1
F23Q10087386,18,0
F22Q20363318,4,1
F22Q10134052,10,1
F22Q20124321,23,0
F22Q30176901,17,0
F22Q20009798,16,0
F23Q10093782,23,0
F23Q20272396,18,0
F22Q30076548,18,0
F22Q30076582,13,0
F23Q10025552,4,1
F23Q30052514,17,0
F22Q10330194,6,1
F22Q20339589,15,0
F23Q10007956,21,0
F23Q10149137,14,0
F22Q20387492,14,0
F22Q20083707,17,0
F22Q10104081,12,1
F22Q30205332,7,1
F22Q30073091,11,1
F22Q40184833,10,1
F22Q10138433,10,1
F23Q20194827,8,1
F22Q40071015,15,0
F22Q40150320,24,0
F23Q20244112,4,1
F22Q20291555,7,1
F22Q20345886,21,0
F23Q10124493,3,1
F23Q30114162,23,0
F23Q30105766,8,1
F22Q20214732,18,0
F22Q20108719,21,0
F22Q10275053,20,0
F22Q20035915,24,0
F22Q40013857,4,1
F22Q40053514,9,1
F22Q30033123,5,1
F22Q30258832,23,0
F22Q10289255,7,1
F23Q20205031,12,1
F22Q10489250,4,1
F23Q30058334,21,0
F23Q10169246,23,0
F23Q30172341,10,1
F23Q20022099,21,0
F22Q20112757,21,0
F22Q40158951,12,1
F22Q20199032,15,0
F23Q20165863,16,0
F22Q10204547,5,1
F22Q20348368,4,1
F23Q20146658,8,1
F22Q20163796,3,1
F23Q20265488,16,0
F22Q10440833,7,1
F22Q20319402,4,1
F22Q20045121,15,0
F22Q20430185,22,0
F22Q10284073,14,0
F22Q30264128,15,0
F22Q30290141,24,0
F22Q10404061,18,0
F22Q10483652,15,0
F23Q10089378,20,0
F22Q40035405,3,1
F23Q20076817,21,0
F23Q30118073,14,0
F23Q20012424,10,1
F23Q30085380,24,0
F22Q30022842,14,0
F22Q10400502,22,0
F23Q30211177,14,0
F22Q20022333,21,0
F22Q10455737,16,0
F23Q20259728,23,0
F23Q30180087,14,0
F23Q20242847,20,0
F22Q30244678,10,1
F23Q30042808,17,0
F22Q30316201,12,1
F23Q20195760,7,1
F22Q20058264,11,1
F22Q30304709,14,0
F22Q40160181,10,1
F22Q20098727,23,0
F22Q20318849,23,0
F22Q30004851,24,0
F22Q20219219,13,0
F22Q30165296,20,0
F22Q20373661,21,0
F22Q20000036,23,0
F23Q20197877,22,0
F22Q40144966,7,1
F22Q30316230,14,0
F22Q40103350,20,0
F22Q20292746,3,1
F23Q20259501,11,1
F22Q20009880,6,1
F22Q20369569,3,1
F22Q10245174,18,0
F23Q10056089,19,0
F22Q20396523,5,1
F23Q30201091,14,0
F22Q20346530,24,0
F22Q40166463,10,1
F23Q30108382,7,1
F23Q10039242,13,0
F22Q30143444,23,0
F22Q20431580,15,0
F23Q10060176,9,1
F22Q40068646,16,0
F23Q30150313,12,1
F22Q30283846,23,0
F22Q20238977,12,1
F22Q10048871,12,1
F23Q30100755,22,0
F22Q10215122,5,1
F22Q30164323,17,0
F22Q10094394,24,0
F22Q10069736,9,1
F22Q10257664,22,0
F22Q10336572,19,0
F23Q20143334,16,0
F22Q20267133,14,0
F22Q30171120,14,0
F22Q40030979,16,0
F22Q40069497,16,0
F23Q30198656,20,0
F23Q10180982,10,1
F22Q20059747,13,0
F23Q30253310,23,0
F22Q40216953,17,0
F22Q20138703,11,1
F22Q30004769,16,0
F23Q30032553,13,0
F22Q10496056,17,0
F23Q30239046,10,1
F23Q10015387,12,1
F22Q30261884,20,0
F22Q30264258,7,1
F22Q20233188,22,0
F23Q30156407,10,1
F22Q10442596,9,1
F22Q20356411,9,1
F22Q40208058,14,0
F22Q10503432,7,1
F22Q40167850,22,0
F22Q20082418,18,0
F23Q20266100,19,0
F22Q10141680,19,0
F22Q20030956,11,1
F22Q30021349,15,0
F22Q20427283,23,0
F22Q20280791,12,1
F23Q20267054,7,1
F23Q10093051,23,0
F23Q20127624,23,0
F22Q30135020,7,1
F23Q20036676,7,1
F22Q10029922,12,1
F22Q10468898,9,1
F22Q30273453,24,0
F22Q30226038,21,0
F22Q40203720,24,0
F22Q40189407,22,0
F22Q10112937,24,0
F23Q20078093,19,0
F22Q30035006,18,0
F22Q40155064,6,1
F23Q20108718,14,0
F22Q10187137,23,0
F22Q10394594,20,0
F22Q40202168,3,1
F23Q30233931,6,1
F23Q20108570,24,0
F23Q20121404,18,0
F22Q30121667,4,1
F22Q10346322,23,0
F22Q20115934,17,0
F22Q30050308,21,0
F23Q10118682,7,1
F23Q20188938,10,1
F22Q20167309,10,1
F23Q30240266,6,1
F23Q20005660,9,1
F22Q20381120,9,1
F22Q10180501,19,0
F22Q20428642,19,0
F22Q10079913,11,1
F23Q30209136,14,0
F22Q40011320,20,0
F23Q30026012,9,1
F22Q20050327,17,0
F23Q10058260,24,0
F22Q40166873,4,1
F22Q10240356,14,0
F22Q20143656,5,1
F23Q20112655,17,0
F22Q40184499,11,1
F23Q20098676,16,0
F22Q20316700,14,0
F22Q40203616,16,0
F23Q10113549,18,0
F23Q10147464,17,0
F22Q20224422,20,0
F23Q30073933,6,1
F22Q30067752,4,1
F23Q20182643,6,1
F22Q30326891,12,1
F22Q20406780,14,0
F22Q10395516,10,1
F22Q40029136,10,1
F22Q10178316,10,1
F22Q30224309,12,1
F23Q10171488,11,1
F22Q10337872,16,0
F22Q40050058,19,0
F22Q10296438,21,0
F22Q30314670,12,1
F22Q10239761,4,1
F22Q30292727,9,1
F23Q30261165,12,1
F22Q30153745,23,0
F22Q10335044,10,1
F22Q20042939,14,0
F22Q40109189,6,1
F22Q10439459,18,0
F22Q40053262,9,1
F22Q10533492,5,1
F22Q10425367,19,0
F23Q20138846,22,0
F22Q20161242,9,1
F22Q20012445,7,1
F22Q20034640,5,1
F22Q20291120,21,0
F22Q10321620,5,1
F22Q30018023,5,1
F22Q20341068,17,0
F22Q20326626,12,1
F22Q20365664,22,0
F23Q20101523,13,0
F22Q10158581,22,0
F22Q10479321,4,1
F22Q40178687,16,0
F22Q10186766,7,1
F23Q20025948,21,0
F23Q30105178,14,0
F23Q20157449,8,1
F22Q20367402,11,1
F22Q40214399,4,1
F22Q40042570,7,1
F23Q20155143,19,0
F23Q30153065,12,1
F22Q40079540,19,0
F22Q20189261,12,1
F23Q10053745,24,0
F22Q30181400,18,0
F22Q30327174,23,0
F22Q10006659,22,0
F22Q10193373,21,0
F22Q40028945,5,1
F22Q10270576,17,0
F23Q30232309,18,0
F22Q10328242,20,0
F22Q30045681,4,1
F22Q10242417,6,1
F22Q20365172,16,0
F22Q30217972,24,0
F22Q10283274,23,0
F23Q10144271,18,0
F22Q30093209,24,0
F23Q30161293,21,0
F22Q20353746,16,0
F22Q40078496,15,0
F22Q20207414,5,1
F22Q20215226,5,1
F23Q10137139,15,0
F22Q30320870,21,0
F22Q30082359,23,0
F22Q20159325,10,1
F22Q20272434,20,0
F23Q20027665,18,0
F22Q30085529,14,0
F22Q30073789,8,1
F23Q30096606,7,1
F22Q20276969,22,0
F22Q10274842,10,1
F22Q20022483,20,0
F22Q30103594,19,0
F22Q10256762,21,0
F22Q20380248,7,1
F23Q10061268,19,0
F22Q30216811,18,0
F22Q20305888,10,1
F22Q10526894,21,0
F22Q30064148,17,0
F22Q30127771,13,0
F23Q30187702,5,1
F22Q20075725,11,1
F23Q20263609,21,0
F22Q40211891,4,1
F22Q20193393,17,0
F22Q40086780,8,1
F22Q30224769,18,0
F23Q30178757,19,0
F22Q10301971,9,1
F22Q30329944,22,0
F22Q20230869,18,0
F22Q10313744,24,0
F22Q10318181,8,1
F22Q30018722,21,0
F23Q10136382,9,1
F22Q10285364,9,1
F22Q20242434,10,1
F22Q20394765,20,0
F22Q20275979,6,1
F22Q40049679,22,0
F23Q30068623,3,1
F22Q40188125,7,1
F22Q20319473,6,1
F22Q20031102,6,1
F23Q10164705,20,0
F22Q30074208,12,1
F23Q10021355,23,0
F22Q20138228,24,0
F22Q10065509,15,0
F22Q10439391,7,1
F23Q20219480,12,1
F22Q40210313,6,1
F23Q30005104,10,1
F23Q10139758,20,0
F22Q20029574,21,0
F22Q20287523,12,1
F22Q30126215,3,1
F23Q30187934,20,0
F22Q30327088,15,0
F22Q10426320,17,0
F22Q40122134,21,0
F22Q20324693,15,0
F22Q30177188,22,0
F22Q20088325,4,1
F22Q20268432,5,1
F22Q30180759,10,1
F22Q30176924,9,1
F22Q10397104,24,0
F23Q20260240,9,1
F22Q40082419,7,1
F22Q10476986,17,0
F22Q30106982,17,0
F22Q10374508,17,0
F23Q20118378,7,1
F22Q30036622,17,0
F22Q20110502,11,1
F22Q20138061,7,1
F22Q10168106,6,1
F22Q10221267,12,1
F22Q10368029,17,0
F22Q20231228,23,0
F22Q20349710,17,0
F22Q20365278,4,1
F22Q20395676,15,0
F23Q20266504,14,0
F23Q30259767,10,1
F22Q10315190,7,1
F23Q20143073,17,0
F22Q20221375,12,1
F22Q40089633,3,1
F23Q10111100,13,0
F22Q30206999,15,0
F22Q10570178,24,0
F23Q30184649,19,0
F23Q20094809,21,0
F22Q40007165,9,1
F23Q20258909,12,1
F22Q10383746,7,1
F22Q10076277,14,0
F23Q30188862,15,0
F23Q20011931,20,0
F22Q20202274,10,1
F23Q20076939,15,0
F22Q10248784,14,0
F22Q30318055,18,0
F22Q20323519,13,0
F22Q30226347,24,0
F22Q30077670,16,0
F22Q20216907,22,0
F22Q40121574,14,0
F22Q40161612,21,0
F23Q20174251,21,0
F22Q20032934,11,1
F23Q10009045,20,0
F22Q10396723,19,0
F23Q30109544,16,0
F22Q20083410,16,0
F22Q30107368,21,0
F22Q20273279,5,1
F22Q20414395,5,1
F22Q10106571,3,1
F23Q10023656,17,0
F22Q10214367,18,0
F23Q20071132,19,0
F22Q20290841,19,0
F22Q30100287,15,0
F22Q10261772,8,1
F23Q30165982,16,0
F23Q20272689,17,0
F22Q30097346,12,1
F23Q10024716,19,0
F22Q20362915,15,0
F22Q10460144,22,0
F23Q10007575,5,1
F22Q20369338,16,0
F23Q30023205,8,1
F23Q20211223,10,1
F22Q30195788,12,1
F22Q10525110,17,0
F23Q10062780,20,0
F23Q20068177,16,0
F23Q20235463,8,1
F23Q30114288,3,1
F22Q20047495,19,0
F22Q10329368,22,0
F23Q10018694,10,1
F22Q40133719,18,0
F23Q30044090,3,1
F22Q10458905,15,0
F22Q20033077,14,0
F23Q30246587,20,0
F22Q30198521,16,0
F23Q20065586,19,0
F22Q10154610,7,1
F22Q30313885,22,0
F22Q40113406,24,0
F22Q20139518,13,0
F23Q20162172,13,0
F22Q20345160,24,0
F22Q10171711,7,1
F22Q40202294,9,1
F23Q20187733,19,0
F23Q20019530,20,0
F22Q10467376,16,0
F22Q40140252,9,1
F22Q10208159,6,1
F22Q20172905,14,0
F22Q20320402,20,0
F22Q20328464,3,1
F22Q10378802,14,0
F22Q30055122,12,1
F22Q20034247,23,0
F22Q20114401,14,0
F22Q30289427,15,0
F22Q40202110,14,0
F22Q30264235,24,0
F22Q20154105,13,0
F23Q10003483,5,1
F22Q10227301,17,0
F22Q20362053,9,1
F23Q20191645,10,1
F22Q10183178,12,1
F23Q30185785,16,0
F22Q20309966,15,0
F23Q10059462,23,0
F23Q30131401,17,0
F23Q10074149,8,1
F22Q30293240,8,1
F22Q10390424,6,1
F22Q30166911,21,0
F22Q40165932,14,0
F23Q30233318,8,1
F22Q20146569,20,0
F22Q20420388,15,0
F22Q20132736,5,1
F22Q30280991,20,0
F22Q10444891,8,1
F22Q40105979,17,0
F23Q20098741,15,0
F22Q10464865,6,1
F22Q30257669,7,1
F23Q10014127,13,0
F22Q20034105,11,1
F22Q30157805,6,1
F22Q40187214,12,1
F23Q20050574,10,1
F23Q30251044,9,1
F22Q30232389,10,1
F22Q10225599,15,0
F23Q10146225,19,0
F22Q40017634,17,0
F23Q20054961,14,0
F22Q10574562,15,0
F23Q20118462,19,0
F22Q40121067,17,0
F23Q30258923,8,1
F22Q20145413,8,1
F22Q40014657,11,1
F22Q10504707,5,1
F23Q10071546,18,0
F22Q10203942,20,0
F22Q10466253,6,1
F22Q30103027,9,1
F22Q30216388,21,0
F23Q10043539,16,0
F22Q10325236,10,1
F23Q20179445,23,0
F22Q10297901,4,1
F22Q30305106,11,1
F22Q40211209,24,0
F23Q10115795,16,0
F22Q20148372,5,1
F23Q30062955,15,0
F22Q10489935,18,0
F22Q30106308,17,0
F22Q10282252,23,0
F22Q10324858,17,0
F22Q20239492,23,0
F23Q30105999,22,0
F22Q40021156,16,0
F22Q20078703,9,1
F22Q40099880,14,0
F23Q30090440,19,0
F23Q20000024,3,1
F22Q20358417,16,0
F22Q20373898,17,0
F23Q20125639,19,0
F22Q10057230,18,0
F22Q20156951,18,0
F23Q10066378,19,0
F23Q10177156,17,0
F22Q10242583,18,0
F22Q10430944,9,1
F22Q30035433,16,0
F22Q10260255,14,0
F22Q10172028,17,0
F22Q20014715,21,0
F22Q30235564,6,1
F23Q20098433,6,1
F22Q40216671,19,0
F22Q20425458,11,1
F22Q10573610,18,0
F22Q10410854,17,0
F22Q40037576,8,1
F23Q20050441,22,0
F23Q20025644,19,0
F23Q30174771,18,0
F22Q10156212,10,1
F22Q30026099,13,0
F22Q10333331,10,1
F22Q40168616,9,1
F23Q20246906,10,1
F22Q10396752,12,1
F22Q20209549,7,1
F22Q10170012,16,0
F22Q20146018,20,0
F23Q10006277,6,1
F22Q10075659,3,1
F22Q30154006,24,0
F23Q30101052,17,0
F22Q10129615,9,1
F23Q10088640,12,1
F23Q20105582,17,0
F22Q10169161,13,0
F23Q20262937,20,0
F22Q30197702,15,0
F22Q20316421,14,0
F23Q30099531,15,0
F23Q30117045,19,0
F22Q10269054,17,0
F22Q10033069,10,1
F22Q20355781,12,1
F22Q20115685,23,0
F22Q20176733,6,1
F23Q20053463,13,0
F23Q30010318,5,1
F23Q10068141,21,0
F23Q10077763,8,1
F22Q20189067,17,0
F22Q10480313,18,0
F22Q30107387,5,1
F23Q20201114,16,0
F22Q20244291,15,0
F22Q40089342,14,0
F22Q10169022,3,1
F22Q30217988,21,0
F23Q20025175,19,0
F23Q30169309,15,0
F22Q10104384,13,0
F23Q10077890,18,0
F22Q20089170,5,1
F22Q20104269,5,1
F22Q40178775,20,0
F22Q30117160,13,0
F23Q20246683,19,0
F22Q40067028,14,0
F23Q30089473,18,0
F22Q20170785,24,0
F22Q10322114,24,0
F22Q20285721,21,0
F22Q10216378,3,1
F23Q30059618,20,0
F23Q20210113,12,1
F23Q30255197,16,0
F22Q40218138,8,1
F23Q20114543,17,0
F23Q10107346,20,0
F22Q10190941,4,1
F23Q10096102,22,0
F22Q30050043,19,0
F23Q20102483,13,0
F22Q30122160,7,1
F23Q20182845,6,1
F23Q30188854,15,0
F22Q20263611,14,0
F23Q10006990,19,0
F22Q30110489,10,1
F22Q30117104,16,0
F22Q30245004,22,0
F22Q10217315,3,1
F22Q10353458,12,1
F22Q10326338,6,1
F23Q30048801,4,1
F23Q30054362,24,0
F22Q30330919,15,0
F22Q30254176,5,1
F22Q20322352,17,0
F22Q10024531,10,1
F22Q20061458,18,0
F23Q10167472,13,0
F22Q20399215,13,0
F22Q10236755,16,0
F22Q20095324,13,0
F23Q30196073,19,0
F23Q20044769,23,0
F23Q30207819,22,0
F22Q40029572,12,1
F22Q10477615,11,1
F22Q20119650,17,0
F23Q30085403,3,1
F22Q10501308,11,1
F22Q20274966,6,1
F22Q40159684,11,1
F22Q10396980,3,1
F23Q30167556,23,0
F23Q20101353,14,0
F23Q10186093,19,0
F23Q20038983,21,0
F22Q20370655,14,0
F23Q20174362,15,0
F22Q10546129,5,1
F22Q10205662,13,0
F22Q20329532,7,1
F22Q40042730,14,0
F22Q10071695,22,0
F23Q30170066,24,0
F23Q10166880,20,0
F23Q10171510,13,0
F22Q40207326,15,0
F22Q20047344,15,0
F22Q40097328,18,0
F22Q20080680,24,0
F22Q20179969,24,0
F22Q10444141,16,0
F22Q40187909,22,0
F22Q20207299,20,0
F22Q30104042,23,0
F22Q10254214,3,1
F23Q20160708,9,1
F22Q40091659,13,0
F22Q40112716,18,0
F22Q40176254,11,1
F23Q30229544,22,0
F22Q20352000,11,1
F23Q30071720,16,0
F23Q20259006,19,0
F22Q30087780,3,1
F22Q20238450,3,1
F22Q40048331,24,0
F22Q20395116,10,1
F23Q10028887,11,1
F23Q30157283,23,0
F22Q40136703,22,0
F22Q40005884,24,0
F22Q20275925,4,1
F22Q20285835,14,0
F22Q30155444,13,0
F22Q20161566,20,0
F23Q30189001,12,1
F22Q40194828,15,0
F22Q10359818,8,1
F22Q40084851,13,0
F22Q40120370,3,1
F22Q10477943,10,1
F22Q40156748,22,0
F23Q10095434,22,0
F22Q30140118,4,1
F22Q40026435,9,1
F22Q10579046,10,1
F22Q30142735,13,0
F22Q40202512,12,1
F22Q10025732,11,1
F22Q10002446,11,1
F22Q10361307,3,1
F22Q20270053,11,1
F22Q20302053,3,1
F22Q30059261,14,0
F22Q20137073,23,0
F22Q10531177,7,1
F22Q10291678,23,0
F23Q10099163,7,1
F22Q30318708,19,0
F22Q20087168,7,1
F22Q30309229,24,0
F23Q30094519,16,0
F22Q40096800,4,1
F22Q20405915,22,0
F22Q10282449,4,1
F23Q20227374,14,0
F22Q10348709,6,1
F22Q30152181,13,0
F23Q20058024,18,0
F22Q30239614,24,0
F22Q10109333,24,0
F22Q20299691,21,0
F22Q10399507,18,0
F23Q10015965,21,0
F23Q20155975,20,0
F22Q20358569,23,0
F22Q30159612,13,0
F22Q10430393,9,1
F22Q30274687,24,0
F23Q20071165,7,1
F22Q40182636,5,1
F23Q20012364,18,0
F22Q40044458,7,1
F23Q30136516,16,0
F22Q10110042,11,1
F23Q20012444,11,1
F22Q40073132,23,0
F23Q30146987,19,0
F23Q20008718,15,0
F23Q20179408,13,0
F23Q20070424,20,0
F22Q40154155,22,0
F23Q10012816,23,0
F22Q20276828,8,1
F22Q40062322,21,0
F22Q40185687,21,0
F22Q40068007,15,0
F22Q20043097,12,1
F23Q20237762,16,0
F22Q20062707,17,0
F22Q10535304,3,1
F22Q10300156,13,0
F22Q20049877,4,1
F22Q10531970,19,0
F22Q30302616,17,0
F23Q10051319,24,0
F22Q30066160,17,0
F22Q10120807,18,0
F22Q40112254,13,0
F22Q20301616,24,0
F22Q20132912,13,0
F22Q10263889,16,0
F23Q20192836,16,0
F22Q30125421,13,0
F22Q30315028,12,1
F23Q30009059,19,0
F23Q10155773,20,0
F22Q30107743,11,1
F22Q20035612,24,0
F23Q20251360,18,0
F22Q30072263,13,0
F22Q30167712,14,0
F22Q10315772,4,1
F22Q10280594,8,1
F23Q10006237,18,0
F22Q30238438,7,1
F22Q20362416,7,1
F22Q40162664,12,1
F23Q20238418,12,1
F22Q10479900,7,1
F22Q20173889,12,1
F22Q10185154,10,1
F22Q30150572,14,0
F22Q10527077,9,1
F22Q40027776,19,0
F22Q30282404,11,1
F23Q30241776,5,1
F22Q10030449,11,1
F22Q10028166,10,1
F22Q10201679,20,0
F23Q10131127,22,0
F23Q10026760,20,0
F22Q10070046,10,1
F22Q20106691,6,1
F22Q30009043,23,0
F22Q40056808,9,1
F23Q20267311,24,0
F22Q20080733,8,1
F23Q30070348,11,1
F23Q10076197,22,0
F22Q10343707,6,1
F22Q20007391,13,0
F22Q40009253,21,0
F22Q40114268,24,0
F23Q30216966,15,0
F22Q10441413,6,1
F22Q20193554,12,1
F22Q20167198,16,0
F22Q30320728,11,1
F22Q30054535,11,1
F23Q20143734,22,0
F23Q30105318,13,0
F22Q30176090,22,0
F23Q30235665,6,1
F23Q20227343,12,1
F22Q30103390,24,0
F22Q30208423,14,0
F22Q30238366,22,0
F23Q20203416,16,0
F22Q10373521,7,1
F22Q20227579,17,0
F22Q20157813,11,1
F23Q30176997,19,0
F22Q10435152,14,0
F22Q40110405,13,0
F22Q20293639,16,0
F23Q30045304,5,1
F23Q20188986,24,0
F22Q40071641,23,0
F22Q20044860,3,1
F22Q30066757,17,0
F23Q30192926,22,0
F22Q10562421,8,1
F22Q20395518,7,1
F22Q40154479,17,0
F22Q30269726,17,0
F22Q10162443,19,0
F22Q10120719,23,0
F22Q20159551,9,1
F22Q40019851,19,0
F22Q20261825,7,1
F22Q20121354,11,1
F22Q20275864,22,0
F22Q20358724,13,0
F22Q10357936,23,0
F22Q40183877,17,0
F22Q10580057,12,1
F22Q20113565,16,0
F22Q30073466,14,0
F23Q30144173,15,0
F23Q30084459,6,1
F22Q10505828,9,1
F22Q30110331,23,0
F22Q40187441,9,1
F22Q20030235,19,0
F22Q40109384,7,1
F22Q40145178,24,0
F23Q20135600,18,0
F23Q30261343,15,0
F22Q20231128,8,1
F22Q10222631,18,0
F22Q20034147,8,1
F23Q20195540,20,0
F22Q30030953,14,0
F22Q20118893,9,1
F23Q20048699,17,0
F22Q10263722,14,0
F22Q20399030,8,1
F23Q30023425,11,1
F22Q20194119,24,0
F22Q20318691,22,0
F22Q40039095,21,0
F23Q20191295,13,0
F23Q30149567,23,0
F22Q10150370,10,1
F22Q30329368,19,0
F22Q40210611,24,0
F22Q10104615,8,1
F23Q30020216,16,0
F22Q10041878,20,0
F22Q10326849,14,0
F23Q30057977,19,0
F22Q10174955,16,0
F22Q10502332,19,0
F22Q10304593,15,0
F22Q10259978,9,1
F23Q20247010,18,0
F23Q30175642,9,1
F23Q20089196,23,0
F22Q20262600,7,1
F22Q30123516,16,0
F22Q40208261,22,0
F22Q30208675,13,0
F23Q20005006,17,0
F22Q30212423,17,0
F22Q10039371,18,0
F22Q10316131,6,1
F22Q20228085,20,0
F23Q30061231,12,1
F22Q10506906,7,1
F22Q10425710,15,0
F22Q40086279,21,0
F23Q20200978,14,0
F23Q20227845,20,0
F23Q10095122,17,0
F23Q20072681,22,0
F22Q40217885,9,1
F22Q10248448,5,1
F23Q10031350,16,0
F23Q20139739,17,0
F23Q30112290,10,1
F23Q30096102,19,0
F23Q10057485,19,0
F22Q30236674,16,0
F22Q40136001,14,0
F23Q10121788,23,0
F23Q10148436,20,0
F22Q40015401,3,1
F23Q20162668,13,0
F22Q20317279,7,1
F22Q10409620,14,0
F22Q10020172,13,0
F23Q10158421,22,0
F22Q30227232,11,1
F22Q20350934,17,0
F23Q10136500,6,1
F22Q10420034,9,1
F22Q10189748,22,0
F22Q20035159,21,0
F22Q10401744,16,0
F22Q20271231,20,0
F22Q30127720,23,0
F22Q10155412,10,1
F22Q30062545,13,0
F23Q30162688,4,1
F23Q10156988,16,0
F22Q30313262,21,0
F22Q20035909,14,0
F22Q40067051,21,0
F23Q10160750,24,0
F22Q10026726,8,1
F22Q30315945,4,1
F22Q20109090,4,1
F23Q30114703,15,0
F22Q20413150,10,1
F22Q30315859,17,0
F23Q30182959,5,1
F22Q20024450,11,1
F22Q30144563,19,0
F22Q40207458,11,1
F23Q20229328,5,1
F22Q20109048,13,0
F22Q20319604,8,1
F22Q40146384,6,1
F23Q30021984,16,0
F22Q30233733,10,1
F22Q10028602,12,1
F22Q30256006,4,1
F22Q30170661,19,0
F22Q30271964,5,1
F23Q20034050,12,1
F22Q20235874,22,0
F22Q20380122,17,0
F22Q20089175,20,0
F22Q10194860,5,1
F22Q10072005,10,1
F23Q30225104,15,0
F23Q20175023,23,0
F22Q30275313,22,0
F23Q10110038,9,1
F22Q10224584,24,0
F22Q10477526,19,0
F22Q40028528,12,1
F22Q40116428,18,0
F23Q10049495,3,1
F22Q40089338,23,0
F22Q20329307,24,0
F22Q30294935,20,0
F22Q20430800,12,1
F22Q10420758,11,1
F22Q40075661,7,1
F22Q40202405,11,1
F22Q30007928,21,0
F22Q30197438,21,0
F22Q10201976,10,1
F22Q20182556,16,0
F23Q30232614,10,1
F23Q30179920,18,0
F22Q10057142,14,0
F22Q20039210,17,0
F23Q20248108,16,0
F22Q30075703,20,0
F22Q40199213,14,0
F22Q10537324,15,0
F23Q10031535,12,1
F23Q30233551,10,1
F22Q30161953,18,0
F22Q30221735,14,0
F22Q30261816,10,1
F22Q40008367,18,0
F22Q40011740,6,1
F22Q20237093,17,0
F23Q30117363,22,0
F22Q40059623,21,0
F22Q10166825,7,1
F22Q20290129,17,0
F22Q30286921,3,1
F23Q10047126,16,0
F22Q20072395,9,1
F23Q30077414,19,0
F22Q10426215,16,0
F22Q30233550,15,0
F23Q20236490,17,0
F22Q40087797,18,0
F22Q40215274,13,0
F22Q20168762,5,1
F22Q30068041,6,1
F22Q30045941,14,0
F22Q20127253,4,1
F22Q10477623,9,1
F23Q20180352,19,0
F22Q20423187,6,1
F23Q10176087,17,0
F22Q20325304,22,0
F23Q10181344,4,1
F22Q10456031,20,0
F23Q10043410,3,1
F22Q40220614,12,1
F22Q10438591,20,0
F23Q30197793,18,0
F22Q30059431,5,1
F23Q30012902,11,1
F22Q40213252,19,0
F22Q40038639,21,0
F22Q40029224,23,0
F22Q30252052,11,1
F22Q10012258,19,0
F22Q10470280,8,1
F22Q30331125,21,0
F22Q10095721,10,1
F22Q10538264,17,0
F22Q10358080,11,1
F22Q40173635,23,0
F22Q30265645,4,1
F22Q30153561,21,0
F22Q20285459,9,1
F22Q30301333,22,0
F23Q20107695,13,0
F22Q10212396,16,0
F22Q20392734,20,0
F22Q10195519,21,0
F22Q20248417,13,0
F22Q40083700,8,1
F22Q20076552,15,0
F23Q20207615,19,0
F22Q30134225,12,1
F22Q30266539,3,1
F23Q20227020,12,1
F23Q10046351,17,0
F23Q20010614,15,0
F23Q30193578,22,0
F22Q20371813,8,1
F22Q20369862,19,0
F23Q30203099,19,0
F22Q20177535,9,1
F22Q40185087,17,0
F22Q40061348,7,1
F23Q20159244,15,0
F22Q10398315,17,0
F22Q30111401,8,1
F23Q10161841,5,1
F22Q10094099,7,1
F22Q20268014,17,0
F22Q20089903,9,1
F22Q40013333,20,0
F22Q40156124,8,1
F22Q20340231,17,0
F23Q10035014,13,0
F22Q20362678,9,1
F22Q10008665,23,0
F23Q20035251,23,0
F23Q30088550,10,1
F23Q20114190,6,1
F22Q10546921,23,0
F23Q20132130,24,0
F22Q30217873,17,0
F22Q20161139,17,0
F22Q20076148,22,0
F22Q40138370,3,1
F22Q20406480,9,1
F22Q20061651,11,1
F22Q10053634,5,1
F22Q30028929,12,1
F22Q30176622,6,1
F22Q30027593,12,1
F22Q20388674,18,0
F22Q40193349,6,1
F23Q10051953,20,0
F22Q30183226,12,1
F23Q10005107,21,0
F22Q40165774,7,1
F22Q20023200,7,1
F22Q20337320,7,1
F22Q20054677,13,0
F22Q40183508,13,0
F22Q30179122,22,0
F22Q30145759,5,1
F23Q30014604,24,0
F22Q40035417,21,0
F23Q30079063,11,1
F23Q30010509,12,1
F22Q20338118,7,1
F22Q30036326,7,1
F22Q20301867,21,0
F22Q40083925,20,0
F22Q40104149,24,0
F22Q30247925,18,0
F23Q20237358,20,0
F22Q20121194,3,1
F23Q10165716,13,0
F22Q10442371,19,0
F22Q40094307,24,0
F22Q10152398,18,0
F23Q30246379,7,1
F23Q10166972,8,1
F23Q20140559,12,1
F22Q10397840,22,0
F23Q10146155,8,1
F22Q20165704,22,0
F23Q10009031,13,0
F23Q20104592,18,0
F22Q10521537,21,0
F23Q10061239,20,0
F23Q20192266,17,0
F22Q20288838,8,1
F22Q20076774,12,1
F23Q30021859,11,1
F23Q10051833,10,1
F22Q10490238,7,1
F22Q20060405,6,1
F22Q10062527,16,0
F22Q20168468,9,1
F22Q20354821,3,1
F22Q30245051,14,0
F22Q40113638,11,1
F22Q30302619,14,0
F22Q30284578,15,0
F23Q20008393,20,0
F22Q20014804,9,1
F22Q20367674,6,1
F22Q40080286,20,0
F23Q30186309,10,1
F23Q20079642,7,1
F23Q20228976,19,0
F23Q20183090,18,0
F22Q20147765,19,0
F22Q40103575,14,0
F22Q30026269,12,1
F23Q30228502,22,0
F22Q10418154,14,0
F23Q20118162,14,0
F22Q10363567,16,0
F22Q30059800,13,0
F22Q30205981,22,0
F22Q20275589,8,1
F23Q10166535,6,1
F22Q20007198,17,0
F22Q10505141,5,1
F22Q10547540,20,0
F22Q40195958,16,0
F22Q20399674,20,0
F22Q10359334,16,0
F22Q40026311,15,0
F23Q20179323,18,0
F22Q10466873,20,0
F22Q30043846,4,1
F22Q30332315,21,0
F23Q30219208,10,1
F22Q10296374,10,1
F22Q40044217,10,1
F22Q10123801,16,0
F22Q10227009,9,1
F22Q10053680,13,0
F22Q10291459,12,1
F22Q30335950,22,0
F22Q20241192,3,1
F22Q40171663,6,1
F22Q10333977,13,0
F22Q30275392,8,1
F22Q20020781,20,0
F22Q30283292,4,1
F23Q30147815,18,0
F22Q30152749,4,1
F22Q10523519,23,0
F22Q30195657,11,1
F22Q20267458,14,0
F23Q30070959,16,0
F22Q40121526,15,0
F22Q10266688,18,0
F23Q20241699,16,0
F23Q10142363,19,0
F22Q30255460,16,0
F22Q40142594,14,0
F22Q20356623,4,1
F22Q30335791,12,1
F22Q20293199,3,1
F22Q10117444,14,0
F22Q20030381,12,1
F22Q10480611,16,0
F22Q20199795,16,0
F22Q10365746,24,0
F23Q20253598,21,0
F23Q30019031,17,0
F23Q30120382,14,0
F22Q30222490,4,1
F23Q10129268,6,1
F23Q30206532,15,0
F22Q40013234,13,0
F23Q20021787,6,1
F23Q20197615,18,0
F22Q20194195,12,1
F22Q20377033,16,0
F22Q40162983,21,0
F22Q40050984,10,1
F22Q20198500,4,1
F23Q30122559,24,0
F23Q10170856,18,0
F23Q20118163,19,0
F23Q10077514,9,1
F22Q40015424,8,1
F22Q20310533,14,0
F23Q20269872,18,0
F22Q30281955,14,0
F22Q30021309,4,1
F22Q30173592,3,1
F23Q30006805,13,0
F22Q30058257,14,0
F22Q20220745,10,1
F23Q30244390,21,0
F23Q30222796,22,0
F23Q10164695,6,1
F22Q20201918,5,1
F23Q30075358,20,0
F22Q20162484,20,0
F22Q20160448,13,0
F22Q30259286,4,1
F22Q20421527,13,0
F23Q30232137,7,1
F22Q40015968,19,0
F23Q20167370,21,0
F23Q10062628,10,1
F22Q20166748,4,1
F22Q40196899,14,0
F23Q10065067,16,0
F22Q10524456,9,1
F22Q30206296,15,0
F22Q30089452,17,0
F22Q20204279,21,0
F22Q30081895,7,1
F23Q10131758,19,0
F23Q30030288,19,0
F22Q10258316,17,0
F22Q30047118,23,0
F22Q30274220,23,0
F22Q10199688,18,0
F23Q30186895,11,1
F22Q20025990,13,0
F23Q10147514,5,1
F22Q30025573,2,1
F22Q40109939,23,0
F23Q20105385,22,0
F22Q20115336,15,0
F23Q20215311,8,1
F23Q10128545,22,0
F22Q30161823,8,1
F22Q20109655,5,1
F22Q10486361,13,0
F22Q10154845,5,1
F22Q10033261,16,0
F22Q40061449,4,1
F22Q10156673,23,0
F22Q10069794,10,1
F22Q30173290,24,0
F22Q40051385,9,1
F23Q20036555,24,0
F22Q10525791,5,1
F22Q20251061,23,0
F22Q40120452,21,0
F23Q10182210,16,0
F22Q10207057,9,1
F22Q40202719,5,1
F23Q10083834,17,0
F23Q30133874,6,1
F23Q20255493,18,0
F22Q40096262,24,0
F22Q20176359,10,1
F22Q10487052,3,1
F22Q20400207,15,0
F23Q20129763,4,1
F22Q30215627,17,0
F23Q10145172,20,0
F23Q30000359,20,0
F22Q40112782,9,1
F22Q20110748,12,1
F22Q40090230,20,0
F22Q30049316,4,1
F23Q30182063,20,0
F22Q20425373,9,1
F22Q20283309,12,1
F23Q30212912,21,0
F22Q30061657,23,0
F23Q20126388,19,0
F22Q10069459,11,1
F22Q30271809,23,0
F22Q20125958,16,0
F22Q40152643,3,1
F22Q20202990,6,1
F23Q10020937,21,0
F22Q20281346,13,0
F23Q30123527,14,0
F22Q10349976,6,1
F22Q40174285,23,0
F22Q20195819,17,0
F23Q10076230,10,1
F23Q20046465,19,0
F22Q20294329,18,0
F23Q30088700,16,0
F22Q30015465,12,1
F22Q40221300,7,1
F23Q10000003,17,0
F22Q10029933,5,1
F22Q20261167,16,0
F23Q20237748,13,0
F23Q20267080,4,1
F22Q20412174,12,1
F23Q30242999,13,0
F22Q10316266,23,0
F22Q20016185,19,0
F22Q20105458,9,1
F22Q20214648,7,1
F22Q30253422,14,0
F22Q40026575,13,0
F22Q30332613,17,0
F22Q30300822,24,0
F22Q20118240,15,0
F22Q40123517,22,0
F22Q20136167,9,1
F22Q40160383,17,0
F23Q20091536,19,0
F22Q30121329,3,1
F22Q20177695,21,0
F22Q40072946,24,0
F22Q40049342,24,0
F22Q10503375,3,1
F22Q20275255,19,0
F23Q30234543,16,0
F23Q30228452,22,0
F22Q30282520,13,0
F22Q20355228,18,0
F22Q40083504,12,1
F22Q10435513,20,0
F22Q10062001,10,1
F22Q10285285,12,1
F23Q20110409,21,0
F22Q30295955,8,1
F22Q10008995,15,0
F23Q10067190,11,1
F22Q20025357,16,0
F23Q20126121,17,0
F22Q20291437,13,0
F23Q20267526,18,0
F22Q30115817,12,1
F22Q10496845,3,1
F22Q30292655,24,0
F22Q20428617,17,0
F22Q30107182,4,1
F23Q30200591,8,1
F22Q10489619,21,0
F22Q30105910,6,1
F22Q30159359,10,1
F23Q30089901,16,0
F23Q30258758,20,0
F23Q30111375,23,0
F22Q20079333,24,0
F23Q10125760,23,0
F22Q20410034,22,0
F22Q40161542,13,0
F22Q10292694,17,0
F22Q30217772,23,0
F22Q10093199,23,0
F22Q40126547,4,1
F22Q30194367,14,0
F22Q30249382,24,0
F22Q40116548,17,0
F22Q10567815,11,1
F22Q30256096,6,1
F23Q20209073,10,1
F22Q10385780,15,0
F22Q20337363,15,0
F22Q30226579,22,0
F23Q30022381,15,0
F22Q10020665,16,0
F22Q20167140,10,1
F22Q30155185,15,0
F22Q20107778,18,0
F23Q20075745,5,1
F22Q10406385,12,1
F23Q30214837,18,0
F22Q30189462,19,0
F22Q20129191,9,1
F22Q20043252,10,1
F22Q10223035,15,0
F23Q10088164,4,1
F22Q10552897,18,0
F23Q30196008,23,0
F22Q40095285,7,1
F23Q10074290,21,0
F22Q10447430,17,0
F22Q30010971,4,1
F22Q10513765,6,1
F23Q30180512,20,0
F23Q30174822,20,0
F22Q40090956,5,1
F22Q30303345,4,1
F22Q10524231,16,0
F22Q40010236,7,1
F22Q20403789,4,1
F22Q20074984,23,0
F22Q40079257,10,1
F22Q30243596,21,0
F22Q20174173,8,1
F22Q30028829,14,0
F22Q40094606,24,0
F22Q30163027,21,0
F22Q30294234,4,1
F23Q30146184,14,0
F23Q20212968,20,0
F23Q20120783,15,0
F22Q10081882,24,0
F22Q10481433,3,1
F22Q30325542,20,0
F23Q10021201,21,0
F22Q40124353,11,1
F22Q10012125,16,0
F22Q10222447,21,0
F22Q10517246,21,0
F23Q20208146,8,1
F22Q30189595,14,0
F22Q40033394,12,1
F22Q20332653,8,1
F22Q30148732,10,1
F23Q30092926,6,1
F22Q10181131,15,0
F22Q10512290,11,1
F22Q20370573,4,1
F22Q40179307,4,1
F23Q20250728,20,0
F23Q20197423,9,1
F22Q30141735,21,0
F22Q20262511,18,0
F22Q40202647,22,0
F23Q20041316,19,0
F22Q10158233,10,1
F22Q10185991,11,1
F22Q10288206,20,0
F22Q20049055,15,0
F22Q30038278,20,0
F22Q10579614,15,0
F22Q30132460,4,1
F22Q20330941,20,0
F22Q40178771,18,0
F22Q30097997,4,1
F23Q10031666,9,1
F22Q30293911,3,1
F23Q10151824,10,1
F22Q20369823,17,0
F23Q30156761,3,1
F23Q20080826,24,0
F22Q30242474,16,0
F23Q20263463,16,0
F22Q20118107,17,0
F22Q20343642,22,0
F22Q30085722,14,0
F22Q30331536,22,0
F23Q20262833,16,0
F22Q40091536,22,0
F22Q20233269,21,0
F22Q10029626,6,1
F22Q40113485,24,0
F22Q20388352,14,0
F22Q30319058,18,0
F22Q40051267,10,1
F22Q30019897,17,0
F22Q40198470,5,1
F22Q10261519,7,1
F23Q10015755,24,0
F23Q30168318,15,0
F23Q20147387,6,1
F23Q10029392,20,0
F23Q20269252,14,0
F22Q10320418,3,1
F22Q30272356,20,0
F22Q20207506,4,1
F22Q30269835,16,0
F22Q20213224,23,0
F23Q30111379,24,0
F22Q30078243,20,0
F23Q30147146,20,0
F22Q20051650,23,0
F22Q20207354,3,1
F23Q30042859,9,1
F22Q30135903,7,1
F22Q10164179,24,0
F22Q20265144,12,1
F22Q40043761,6,1
F22Q40153848,19,0
F23Q30171701,11,1
F22Q20330306,21,0
F22Q30259981,21,0
F23Q10005682,6,1
F22Q20242362,3,1
F22Q30115326,4,1
F22Q20415348,6,1
F23Q10040548,23,0
F22Q10345011,23,0
F22Q10543927,11,1
F22Q20216938,13,0
F22Q30182179,17,0
F23Q30183845,18,0
F23Q30262207,14,0
F23Q30234440,17,0
F22Q10018906,12,1
F23Q20052363,19,0
F22Q10524632,12,1
F23Q20138759,20,0
F22Q10234296,24,0
F22Q10366902,18,0
F23Q20061334,17,0
F22Q10526833,15,0
F22Q30103064,14,0
F23Q10154531,19,0
F23Q10168301,12,1
F22Q30288160,16,0
F22Q20265678,15,0
F22Q30244704,9,1
F22Q10434212,3,1
F22Q10491370,8,1
F23Q30209337,17,0
F23Q20231594,3,1
F22Q10303921,8,1
F22Q10388045,6,1
F22Q40094344,17,0
F22Q20061228,9,1
F22Q40190151,7,1
F22Q20346122,9,1
F23Q10181941,7,1
F22Q40185307,24,0
F22Q20009215,21,0
F22Q30154582,23,0
F23Q10147072,8,1
F22Q20276522,23,0
F22Q30259239,24,0
F23Q20260741,14,0
F22Q40019869,5,1
F23Q20199075,13,0
F22Q40068678,23,0
F22Q30198588,24,0
F22Q30030189,8,1
F22Q30263580,22,0
F23Q20136900,17,0
F22Q10331377,17,0
F22Q10377294,21,0
F22Q30229036,23,0
F23Q10020606,20,0
F23Q20102484,20,0
F22Q30038050,11,1
F22Q10369243,7,1
F22Q10223814,8,1
F23Q10043689,8,1
F22Q20123459,6,1
F22Q30238267,18,0
F22Q40027246,23,0
F22Q20328231,6,1
F22Q20404961,13,0
F22Q20166850,14,0
F22Q10248059,11,1
F22Q10410703,17,0
F22Q30154620,9,1
F23Q30160326,21,0
F22Q40064896,3,1
F22Q30040325,16,0
F23Q30207803,9,1
F23Q30053979,10,1
F23Q20264657,10,1
F23Q20241369,18,0
F23Q30038355,7,1
F23Q30229930,14,0
F22Q20233639,5,1
F23Q20013810,20,0
F22Q10051509,19,0
F22Q20397102,18,0
F22Q10332864,13,0
F22Q20369000,15,0
F22Q10160238,21,0
F22Q20208699,15,0
F22Q20102043,6,1
F22Q30093118,11,1
F23Q10163343,9,1
F23Q20133755,16,0
F22Q40175334,9,1
F23Q10138136,4,1
F22Q20164371,7,1
F23Q20053252,10,1
F22Q20257403,13,0
F23Q30084719,15,0
F22Q40065653,8,1
F22Q30122041,20,0
F23Q10021303,24,0
F23Q10161345,20,0
F23Q30218439,19,0
F22Q20039098,7,1
F23Q30194558,13,0
F22Q10449790,9,1
F22Q20134388,13,0
F22Q30075297,3,1
F23Q20220635,18,0
F22Q30144711,4,1
F22Q40006914,16,0
F23Q30089297,15,0
F22Q40174239,5,1
F22Q10265283,19,0
F23Q20103605,11,1
F22Q10097880,6,1
F22Q40094817,12,1
F22Q10451835,19,0
F23Q10059274,24,0
F23Q20072828,6,1
F23Q20164657,18,0
F23Q30128769,6,1
F22Q20275872,23,0
F22Q10261123,7,1
F22Q20238387,6,1
F22Q10423064,5,1
F22Q10300209,11,1
F22Q10314985,9,1
F23Q20005634,3,1
F22Q30297991,14,0
F22Q20198172,15,0
F23Q20057138,7,1
F23Q30044140,15,0
F23Q20027751,18,0
F22Q30041670,20,0
F22Q20128677,18,0
F22Q10496250,6,1
F22Q30227929,23,0
F22Q10392247,23,0
F22Q10397043,11,1
F23Q20263219,13,0
F22Q10412942,19,0
F22Q30193238,9,1
F22Q10047931,19,0
F22Q10209498,11,1
F22Q40127636,8,1
F22Q40155478,11,1
F22Q30136150,11,1
F22Q20264422,7,1
F22Q30214821,14,0
F23Q20228733,24,0
F23Q30063124,20,0
F22Q20426361,7,1
F23Q20270412,13,0
F22Q30214819,18,0
F22Q40173794,21,0
F22Q30006269,13,0
F23Q30129622,19,0
F23Q30202846,20,0
F23Q20264998,10,1
F22Q20092902,18,0
F23Q10143596,20,0
F23Q20203161,17,0
F23Q10110757,20,0
F23Q20261606,13,0
F23Q10053140,7,1
F22Q20015715,17,0
F23Q10153545,5,1
F22Q10257416,20,0
F22Q10314177,20,0
F22Q40171454,20,0
F23Q10006887,22,0
F23Q20143053,16,0
F22Q20246244,20,0
F22Q20131608,10,1
F22Q30203401,12,1
F22Q30163920,12,1
F22Q20315855,5,1
F23Q20213321,24,0
F22Q10198420,20,0
F22Q30271341,12,1
F22Q20296057,23,0
F22Q40177435,9,1
F23Q30009699,16,0
F23Q30142714,17,0
F22Q10430025,10,1
F22Q30074012,3,1
F23Q30241844,16,0
F22Q40202600,23,0
F22Q10027956,14,0
F22Q30117236,18,0
F23Q30091910,4,1
F23Q30018593,13,0
F22Q20064428,22,0
F22Q20141454,15,0
F22Q10392623,17,0
F22Q40092342,13,0
F23Q20078343,24,0
F22Q20159214,17,0
F22Q20139948,15,0
F23Q20221243,16,0
F22Q40011399,7,1
F22Q40130805,10,1
F22Q10562459,9,1
F23Q30038117,22,0
F23Q30081722,15,0
F22Q20249888,14,0
F22Q40202559,12,1
F23Q30082592,10,1
F22Q10247227,20,0
F22Q20353699,9,1
F23Q10142852,16,0
F23Q30246009,18,0
F22Q20265158,9,1
F22Q20233231,16,0
F22Q30188496,6,1
F22Q10171811,23,0
F23Q10032636,6,1
F22Q40093896,21,0
F22Q30058310,9,1
F23Q10087927,21,0
F22Q40163734,22,0
F23Q20086047,8,1
F22Q20276399,22,0
F22Q20127945,18,0
F22Q40041288,16,0
F22Q10344887,16,0
F22Q10081269,9,1
F22Q40052906,22,0
F23Q20268922,16,0
F23Q20205363,10,1
F22Q30321186,19,0
F22Q10122796,10,1
F22Q30212354,14,0
F22Q20247262,17,0
F23Q30180913,18,0
F22Q40076949,9,1
F22Q30234223,22,0
F22Q40001592,3,1
F23Q10098907,11,1
F22Q30063929,3,1
F23Q10125092,9,1
F22Q10030286,4,1
F22Q30307772,13,0
F22Q10281781,16,0
F23Q30214093,5,1
F22Q10051181,16,0
F22Q30105208,8,1
F23Q10012879,20,0
F23Q20038266,20,0
F23Q30063078,24,0
F22Q10146088,16,0
F22Q20176645,10,1
F23Q20036037,18,0
F22Q20362599,8,1
F22Q30134846,14,0
F22Q10120883,7,1
F22Q10564162,8,1
F23Q30242428,17,0
F22Q20355215,19,0
F22Q30039190,12,1
F22Q10052469,22,0
F22Q20147537,18,0
F22Q30307055,15,0
F22Q10256092,9,1
F22Q30273191,7,1
F22Q40089063,12,1
F23Q30180577,20,0
F23Q30256453,12,1
F22Q30174638,22,0
F22Q40102244,24,0
F22Q40109271,10,1
F22Q20146705,17,0
F22Q20231444,16,0
F22Q30276736,19,0
F22Q20325548,4,1
F22Q20266571,23,0
F22Q10267235,13,0
F23Q10151205,9,1
F22Q20012864,22,0
F22Q30088389,21,0
F22Q30122205,14,0
F23Q30070870,19,0
F23Q10011043,21,0
F23Q20145318,20,0
F23Q30096227,15,0
F23Q30132003,4,1
F23Q20086391,20,0
F22Q30162395,19,0
F23Q20044216,19,0
F22Q10386744,11,1
F23Q20027263,20,0
F22Q10327492,20,0
F22Q20111755,15,0
F23Q10180079,23,0
F22Q40021518,12,1
F22Q30314805,19,0
F22Q30226968,24,0
F22Q20398682,20,0
F22Q10121414,11,1
F22Q30229667,17,0
F22Q20285167,12,1
F22Q40035237,9,1
F22Q20373175,8,1
F22Q40216229,5,1
F23Q20175126,19,0
F22Q10203716,23,0
F22Q20332614,3,1
F22Q10113196,11,1
F22Q10447093,12,1
F22Q30157131,23,0
F22Q40047578,5,1
F23Q10158481,15,0
F23Q30248856,13,0
F22Q20096663,11,1
F22Q10572661,10,1
F22Q30198367,5,1
F22Q30243098,5,1
F23Q10035481,9,1
F22Q10389283,12,1
F22Q30092078,9,1
F23Q10183775,9,1
F22Q10513416,11,1
F23Q10144454,18,0
F22Q40053606,11,1
F22Q40077772,20,0
F22Q20212765,12,1
F22Q20293349,17,0
F23Q30051681,18,0
F22Q30237660,15,0
F22Q30107329,21,0
F22Q30038977,16,0
F23Q20248982,12,1
F22Q20055089,21,0
F22Q40069574,6,1
F22Q10340811,11,1
F23Q10171059,21,0
F23Q20160186,13,0
F23Q30119223,21,0
F22Q30255566,13,0
F22Q10451808,5,1
F23Q10040049,18,0
F23Q20050097,15,0
F22Q30129114,11,1
F22Q40079588,22,0
F22Q20221361,17,0
F22Q10410638,7,1
F23Q30069039,10,1
F22Q20013956,19,0
F22Q10212552,4,1
F22Q30255435,12,1
F22Q40168140,23,0
F22Q20386144,19,0
F23Q10001629,23,0
F23Q20036852,22,0
F22Q40050716,20,0
F22Q40122563,24,0
F23Q10103558,21,0
F22Q10006186,12,1
F22Q20318353,22,0
F23Q30144626,14,0
F22Q10069091,3,1
F22Q40048484,10,1
F22Q10428063,21,0
F22Q10482974,18,0
F22Q30051144,5,1
F23Q10103804,8,1
F22Q40198899,24,0
F22Q30227960,21,0
F23Q30208723,13,0
F23Q10058910,24,0
F22Q10475181,10,1
F22Q40140770,10,1
F22Q10298465,13,0
F22Q10499674,18,0
F22Q20075745,6,1
F23Q20183285,5,1
F22Q10188019,23,0
F23Q10156732,17,0
F22Q10238972,23,0
F22Q10546115,16,0
F22Q10048538,3,1
F22Q30083028,10,1
F22Q30101463,6,1
F22Q40080412,8,1
F22Q40213067,16,0
F22Q40009438,4,1
F22Q20241572,24,0
F22Q40180815,5,1
F22Q40334047,8,1
F23Q30096168,8,1
F22Q20078382,12,1
F22Q20219705,14,0
F23Q20225282,21,0
F22Q30195622,21,0
F22Q30121626,24,0
F22Q40168525,3,1
F23Q10015638,10,1
F23Q10140264,5,1
F22Q20388714,14,0
F22Q10019337,20,0
F23Q20019684,19,0
F22Q10523292,4,1
F22Q30211401,6,1
F23Q20069580,22,0
F22Q20115586,14,0
F23Q10161738,20,0
F22Q20302113,13,0
F22Q10030498,21,0
F23Q10164152,11,1
F23Q20020082,12,1
F22Q40104501,8,1
F22Q30059372,22,0
F22Q10448207,10,1
F22Q20262816,7,1
F23Q20101154,15,0
F22Q30205268,10,1
F22Q40160366,23,0
F22Q30048009,7,1
F22Q20403678,12,1
F22Q10545445,23,0
F23Q30156426,15,0
F22Q10558071,11,1
F22Q10359037,20,0
F23Q20227160,18,0
F23Q20182229,19,0
F22Q10106844,7,1
F22Q40016039,19,0
F22Q30165981,9,1
F22Q30221664,4,1
F23Q20190822,16,0
F23Q10155897,3,1
F22Q10433013,5,1
F22Q40037373,15,0
F23Q20009531,11,1
F23Q10098842,19,0
F22Q10518115,8,1
F22Q20308564,4,1
F22Q20055992,8,1
F22Q20356268,24,0
F22Q30120381,16,0
F22Q30085502,24,0
F22Q10220658,3,1
F22Q30330890,10,1
F22Q20190729,20,0
F22Q10171291,14,0
F22Q30033335,3,1
F22Q10408766,15,0
F22Q30138999,24,0
F22Q30261081,22,0
F23Q30090903,16,0
F22Q20313349,23,0
F22Q40116851,9,1
F22Q20286337,19,0
F22Q10210070,7,1
F22Q10393067,19,0
F22Q10265682,18,0
F23Q20236709,24,0
F23Q10034145,16,0
F23Q10125850,17,0
F23Q20147018,20,0
F22Q10381579,7,1
F22Q10035836,5,1
F22Q20236580,17,0
F22Q20409990,13,0
F23Q20231376,15,0
F22Q40166734,3,1
F23Q20065855,13,0
F23Q10040411,6,1
F22Q10480853,11,1
F22Q10066837,18,0
F22Q20396165,24,0
F23Q10177445,10,1
F23Q30209720,21,0
F22Q30139045,17,0
F22Q30199406,19,0
F23Q10020465,19,0
F22Q10445310,4,1
F22Q30235107,3,1
F23Q20145447,20,0
F22Q20206277,17,0
F22Q20133628,8,1
F23Q20123494,6,1
F23Q30216561,11,1
F22Q20029252,19,0
F22Q20249697,15,0
F22Q30175545,24,0
F23Q20039208,11,1
F22Q20336433,6,1
F22Q10120843,8,1
F23Q10023941,20,0
F23Q10105901,21,0
F22Q20091204,11,1
F22Q30290506,23,0
F22Q30066627,11,1
F23Q30061180,22,0
F22Q40202269,13,0
F22Q40147271,14,0
F22Q10297776,21,0
F22Q10071880,23,0
F23Q30213593,21,0
F23Q10029057,20,0
F22Q40164623,24,0
F22Q20392629,18,0
F22Q30333032,20,0
F23Q10128945,6,1
F23Q30190875,4,1
F23Q20032783,20,0
F22Q30276525,10,1
F22Q40158157,21,0
F23Q10050575,11,1
F22Q30017034,4,1
F22Q20267400,19,0
F22Q30150653,10,1
F22Q40098782,5,1
F23Q20099238,22,0
F23Q10076587,9,1
F22Q20076616,16,0
F22Q20175897,19,0
F22Q10263222,11,1
F23Q30242444,14,0
F22Q20095858,8,1
F22Q40053637,22,0
F23Q20074925,23,0
F23Q30132336,16,0
F22Q30074374,21,0
F23Q10176466,6,1
F23Q10113212,21,0
F23Q20134180,8,1
F22Q10565132,12,1
F22Q30012307,8,1
F23Q10101986,17,0
F22Q20169627,17,0
F22Q10515467,11,1
F22Q30161163,7,1
F22Q10331157,3,1
F22Q40011610,23,0
F22Q20149368,4,1
F22Q30044595,15,0
F23Q10181461,3,1
F22Q30000591,24,0
F22Q40043850,20,0
F23Q30256267,4,1
F22Q30120730,11,1
F22Q20219635,16,0
F22Q30231758,16,0
F22Q40145134,5,1
F22Q40054134,3,1
F23Q30108127,7,1
F23Q20030838,19,0
F23Q10081916,22,0
F22Q10027409,8,1
F22Q20288801,16,0
F23Q30055413,17,0
F22Q20034667,21,0
F22Q40030093,4,1
F22Q10022033,16,0
F23Q10101751,17,0
F22Q40116299,24,0
F23Q10168442,8,1
F23Q10137166,21,0
F22Q10356167,4,1
F22Q30198042,17,0
F22Q10061488,8,1
F22Q40018278,18,0
F23Q10057266,18,0
F22Q10188115,16,0
F22Q40100628,23,0
F22Q30008677,5,1
F22Q10257740,8,1
F22Q20143819,6,1
F22Q20336204,22,0
F22Q10184434,10,1
F22Q40008245,13,0
F23Q20227260,14,0
F23Q30023257,12,1
F22Q40184063,24,0
F22Q40083366,8,1
F22Q10192511,23,0
F22Q40127381,5,1
F22Q20333001,10,1
F23Q30070412,24,0
F23Q10098772,8,1
F23Q20210198,21,0
F23Q20094127,8,1
F22Q40123585,16,0
F22Q20088882,24,0
F23Q10037124,11,1
F23Q10130399,12,1
F22Q10171821,18,0
F22Q40183650,22,0
F23Q10178501,15,0
F22Q20233890,15,0
F23Q10181142,18,0
F23Q20173276,4,1
F22Q20150835,19,0
F23Q10036033,7,1
F22Q10437059,11,1
F22Q20226438,20,0
F22Q20312027,10,1
F23Q30027484,13,0
F22Q20063484,12,1
F23Q20193174,15,0
F22Q20401969,16,0
F22Q20420230,13,0
F22Q10267521,10,1
F22Q20435261,6,1
F22Q20400212,24,0
F22Q30092913,11,1
F22Q10548652,8,1
F22Q20089457,12,1
F22Q10540299,20,0
F22Q30089550,19,0
F23Q20085549,24,0
F23Q20047325,23,0
F22Q20153444,23,0
F22Q30329497,16,0
F22Q30307762,12,1
F22Q20235665,7,1
F22Q10290297,8,1
F22Q30297070,23,0
F23Q10104444,5,1
F22Q10025070,4,1
F22Q20083965,4,1
F22Q10091685,24,0
F22Q10204889,17,0
F22Q20193947,5,1
F22Q30315785,10,1
F22Q40093698,22,0
F22Q10038867,5,1
F23Q10069140,15,0
F22Q40073485,23,0
F23Q30212710,9,1
F22Q20438180,17,0
F22Q30150575,6,1
F22Q10395682,22,0
F22Q30199058,10,1
F22Q20021423,19,0
F23Q30144734,22,0
F22Q40182575,6,1
F22Q10100831,22,0
F23Q10168231,15,0
F22Q30191392,9,1
F23Q10024278,23,0
F23Q20205210,16,0
F23Q20252448,24,0
F22Q40062115,9,1
F22Q20363053,22,0
F22Q10237932,15,0
F22Q10538533,3,1
F23Q20240910,13,0
F22Q10521892,17,0
F23Q20125151,15,0
F23Q30081441,22,0
F22Q20244737,6,1
F22Q30025776,7,1
F23Q30251595,19,0
F22Q10500455,24,0
F22Q10478576,15,0
F22Q30327001,6,1
F22Q20048826,16,0
F22Q40203713,7,1
F23Q10093166,16,0
F22Q20137411,19,0
F22Q40008840,21,0
F22Q10116402,11,1
F23Q20243295,3,1
F22Q40017281,17,0
F23Q20182286,8,1
F22Q20069251,19,0
F22Q10140175,17,0
F22Q40096434,22,0
F22Q10154955,20,0
F23Q20199574,14,0
F23Q20220429,24,0
F22Q40075484,9,1
F22Q40115109,22,0
F22Q40144664,11,1
F23Q20256533,8,1
F23Q10184521,21,0
F22Q20040771,19,0
F22Q40009484,8,1
F22Q30259136,24,0
F23Q20194967,15,0
F22Q30100688,16,0
F23Q10129648,20,0
F22Q10239394,8,1
F22Q40065881,23,0
F23Q20018180,11,1
F22Q30125533,8,1
F23Q20093737,5,1
F23Q20106658,11,1
F22Q30142392,11,1
F22Q10182145,7,1
F22Q20213739,17,0
F22Q20261666,3,1
F23Q30252361,4,1
F22Q20169454,21,0
F22Q30301412,5,1
F22Q30157520,10,1
F22Q20160604,7,1
F23Q20075634,23,0
F22Q10310779,22,0
F23Q10105216,13,0
F22Q40003582,4,1
F22Q20409661,23,0
F22Q10257495,18,0
F22Q30192558,14,0
F22Q40190476,17,0
F22Q10056165,10,1
F23Q20183803,17,0
F22Q30320687,5,1
F23Q10061747,6,1
F23Q10094688,18,0
F23Q20261212,23,0
F23Q30152644,9,1
F22Q10391957,8,1
F22Q10210547,15,0
F23Q10032427,20,0
F22Q40144103,17,0
F22Q10044098,14,0
F22Q10196692,10,1
F22Q20426077,10,1
F22Q20285815,8,1
F22Q10449185,16,0
F22Q10040542,24,0
F22Q40008539,16,0
F23Q10034682,10,1
F22Q10024010,23,0
F23Q30065468,13,0
F23Q30103854,17,0
F23Q10113205,4,1
F23Q30006576,24,0
F23Q10164136,9,1
F22Q30073883,7,1
F23Q30148780,18,0
F22Q20147016,23,0
F22Q40218773,18,0
F23Q10107005,24,0
F22Q20156178,5,1
F23Q10162507,10,1
F23Q30151886,13,0
F23Q30179743,23,0
F22Q10037736,10,1
F22Q30251270,24,0
F22Q20346889,4,1
F22Q10255168,11,1
F22Q20110143,23,0
F22Q20416167,15,0
F23Q10082558,22,0
F23Q20248757,13,0
F22Q30063398,3,1
F22Q40176249,20,0
F22Q20013601,9,1
F22Q20348341,10,1
F22Q10168938,12,1
F22Q10432679,20,0
F23Q10021720,11,1
F23Q30179702,16,0
F22Q10053207,24,0
F23Q20086318,19,0
F23Q30018793,16,0
F22Q40032155,14,0
F22Q30154279,3,1
F22Q30229514,10,1
F22Q40189257,23,0
F22Q20293492,7,1
F22Q10518257,11,1
F22Q30023002,20,0
F22Q30176956,12,1
F22Q30191041,22,0
F22Q10030308,10,1
F22Q10178719,3,1
F22Q30257453,6,1
F22Q20289939,13,0
F22Q10181762,7,1
F22Q10520270,16,0
F23Q10024475,10,1
F22Q10425124,11,1
F22Q20159891,23,0
F22Q10425416,14,0
F22Q10409786,20,0
F22Q40123400,23,0
F22Q30254215,13,0
F22Q10280705,5,1
F23Q30167921,20,0
F23Q10183820,16,0
F22Q10445545,20,0
F22Q30223101,8,1
F22Q20018389,12,1
F22Q20335820,10,1
F22Q30083692,10,1
F22Q10411452,7,1
F22Q30334483,8,1
F22Q10418273,3,1
F22Q40019855,22,0
F22Q20145578,12,1
F22Q10522557,22,0
F23Q20103160,16,0
F23Q30128383,11,1
F22Q30122845,4,1
F23Q10145334,8,1
F23Q30113872,4,1
F23Q20256175,12,1
F23Q10155008,11,1
F23Q30234026,20,0
F23Q30047361,12,1
F22Q10566188,19,0
F23Q20029025,16,0
F22Q20131867,21,0
F23Q30035548,22,0
F23Q30072480,4,1
F23Q10074741,23,0
F23Q20033336,17,0
F22Q20305777,13,0
F22Q10047425,20,0
F22Q40096453,4,1
F23Q20171598,4,1
F23Q10030583,17,0
F23Q30033421,13,0
F22Q20258137,13,0
F22Q30150786,22,0
F22Q30119136,4,1
F23Q10147410,7,1
F22Q10121087,17,0
F23Q10146677,8,1
F23Q10158860,21,0
F22Q30098142,19,0
F22Q40010688,16,0
F22Q10366565,6,1
F22Q10065907,15,0
F22Q10092006,15,0
F23Q10178043,23,0
F22Q10394286,7,1
F23Q10147446,9,1
F22Q40010028,18,0
F22Q20183874,3,1
F22Q10328619,4,1
F22Q10549463,6,1
F22Q20358188,8,1
F22Q30297961,22,0
F22Q20425914,7,1
F23Q20008378,20,0
F22Q20156765,7,1
F23Q30107474,14,0
F23Q30036757,4,1
F22Q10294486,18,0
F22Q20203666,21,0
F22Q10379815,16,0
F22Q10173885,24,0
F22Q30137445,23,0
F22Q30012299,20,0
F22Q40092533,14,0
F22Q10487950,10,1
F22Q40010404,3,1
F22Q20131043,8,1
F22Q20319456,9,1
F23Q30218133,14,0
F23Q20000649,16,0
F22Q20360878,18,0
F23Q10059117,9,1
F23Q20161449,7,1
F22Q30198092,23,0
F22Q10415562,22,0
F22Q40100987,23,0
F23Q30001685,10,1
F22Q10490893,14,0
F23Q10155260,16,0
F23Q10117502,20,0
F22Q30066953,14,0
F22Q20375103,14,0
F22Q30042913,4,1
F22Q10470450,16,0
F22Q30194087,13,0
F23Q10152046,4,1
F23Q20251269,20,0
F22Q10554270,16,0
F23Q30064491,16,0
F22Q40102360,15,0
F23Q30063639,13,0
F22Q20013894,7,1
F22Q20215196,5,1
F22Q10073306,3,1
F22Q20099223,18,0
F22Q20172556,9,1
F22Q10453582,13,0
F22Q10266101,9,1
F23Q30156415,13,0
F23Q30124097,15,0
F22Q30157721,24,0
F22Q40044179,21,0
F22Q10343462,15,0
F22Q30304335,13,0
F22Q30150623,7,1
F22Q40028171,16,0
F22Q10009905,14,0
F22Q10253846,9,1
F22Q30332781,22,0
F22Q10242743,18,0
F23Q30189849,6,1
F22Q10067049,4,1
F23Q20246673,17,0
F23Q30032014,20,0
F22Q10303915,5,1
F22Q30023698,15,0
F22Q40085332,13,0
F22Q10247098,21,0
F22Q30257746,10,1
F22Q30204946,23,0
F23Q30109643,10,1
F22Q30179325,24,0
F22Q10342280,21,0
F23Q30246263,7,1
F22Q40204963,22,0
F23Q10135423,15,0
F23Q30209496,16,0
F22Q20372976,13,0
F23Q30015590,24,0
F22Q10504574,6,1
F22Q10566351,19,0
F22Q20034017,20,0
F23Q20241134,21,0
F22Q10082736,15,0
F22Q10254123,18,0
F23Q10140116,20,0
F22Q10336013,13,0
F22Q10409420,14,0
F22Q10166618,20,0
F22Q10414022,9,1
F22Q30268491,23,0
F22Q10303597,7,1
F22Q10218169,13,0
F22Q10398368,5,1
F22Q10453976,18,0
F22Q20261904,21,0
F23Q10065632,18,0
F22Q30137198,3,1
F22Q10228152,23,0
F22Q30035038,6,1
F22Q30268197,22,0
F22Q10580904,3,1
F22Q20352562,18,0
F23Q20168546,20,0
F22Q10347467,22,0
F22Q40221166,23,0
F22Q10243676,8,1
F23Q20256906,16,0
F22Q40093069,18,0
F23Q20004243,22,0
F22Q10033695,24,0
F22Q20009759,15,0
F23Q10025806,17,0
F23Q20262993,21,0
F22Q20159860,17,0
F22Q30168572,15,0
F23Q20264458,23,0
F23Q30158716,17,0
F23Q30131599,13,0
F22Q30049021,18,0
F22Q20045230,18,0
F23Q30141622,5,1
F22Q30107036,3,1
F22Q20353497,4,1
F22Q30313637,16,0
F23Q10172060,5,1
F22Q30004952,22,0
F22Q10218401,10,1
F22Q30111257,4,1
F23Q10113316,21,0
F23Q20241662,4,1
F22Q30220239,6,1
F22Q20196691,22,0
F22Q20279254,19,0
F22Q10123513,3,1
F22Q30229062,12,1
F22Q30276030,7,1
F22Q30103581,10,1
F22Q10524764,10,1
F22Q20274279,11,1
F23Q10097468,13,0
F22Q40168855,13,0
F22Q10531695,9,1
F22Q40041050,24,0
F23Q30010487,16,0
F22Q30057695,8,1
F22Q20111061,6,1
F22Q20381992,14,0
F22Q10490476,3,1
F22Q40051296,15,0
F22Q20075923,8,1
F23Q20020558,5,1
F22Q40130555,24,0
F22Q10405352,6,1
F22Q20165428,12,1
F22Q30333030,14,0
F23Q20061458,21,0
F22Q10464792,17,0
F23Q30032427,19,0
F23Q30082607,23,0
F22Q30298661,4,1
F22Q30129556,24,0
F23Q30093076,3,1
F23Q10002155,12,1
F22Q30168900,8,1
F22Q30208397,12,1
F23Q30017209,17,0
F22Q10549900,17,0
F22Q40172516,10,1
F23Q20249512,12,1
F22Q40081751,9,1
F22Q10423036,14,0
F22Q10323835,19,0
F23Q10117769,22,0
F22Q10496025,19,0
F22Q20175994,19,0
F22Q30079689,15,0
F22Q30090552,10,1
F22Q20321570,7,1
F22Q20404005,8,1
F22Q30262326,10,1
F23Q10024554,9,1
F23Q20200444,10,1
F23Q10071918,7,1
F22Q30192124,8,1
F22Q10129746,8,1
F23Q30257233,16,0
F22Q20160523,9,1
F23Q20248116,7,1
F22Q20186949,7,1
F22Q30010532,19,0
F22Q40027647,11,1
F23Q20161852,18,0
F22Q10542760,16,0
F22Q40218845,9,1
F23Q20220305,21,0
F22Q10097393,8,1
F22Q40151647,21,0
F22Q10322930,14,0
F23Q30168845,20,0
F23Q20259802,11,1
F22Q40156747,21,0
F22Q40210985,24,0
F22Q30146141,22,0
F22Q40135761,12,1
F22Q30001050,9,1
F23Q20114484,7,1
F22Q10207227,4,1
F22Q20014914,13,0
F23Q30020213,23,0
F23Q30215928,23,0
F22Q30265448,17,0
F23Q30100175,13,0
F22Q40117701,24,0
F22Q20168595,11,1
F22Q40149781,16,0
F22Q20167268,10,1
F23Q20126263,16,0
F22Q40075284,12,1
F23Q10036227,10,1
F23Q10145258,19,0
F23Q10094496,18,0
F22Q20302076,14,0
F22Q10428573,8,1
F22Q40211287,15,0
F22Q40119343,20,0
F22Q20163469,16,0
F22Q20411185,7,1
F23Q30233131,23,0
F22Q10137996,3,1
F22Q30234594,15,0
F22Q10030042,11,1
F22Q40149771,8,1
F23Q20034510,16,0
F22Q20398641,4,1
F22Q10295279,17,0
F23Q10136258,13,0
F22Q10522936,3,1
F23Q20250533,19,0
F22Q30265644,22,0
F22Q30093397,16,0
F22Q10412077,7,1
F22Q10182962,5,1
F23Q10000839,11,1
F22Q10525273,18,0
F22Q20364456,15,0
F22Q10240633,13,0
F22Q10577225,24,0
F22Q20207655,12,1
F22Q40070113,9,1
F22Q30280469,14,0
F22Q40191637,24,0
F22Q10468684,19,0
F22Q20189531,6,1
F22Q30273372,6,1
F22Q20028519,22,0
F23Q10117827,19,0
F22Q40032440,15,0
F23Q20256413,5,1
F23Q20266513,13,0
F22Q10542882,4,1
F22Q10049252,10,1
F22Q10115139,10,1
F22Q30205348,19,0
F23Q10105120,18,0
F22Q20234964,8,1
F22Q20387836,11,1
F23Q10077464,21,0
F22Q30273958,5,1
F23Q20129343,22,0
F22Q10107133,3,1
F23Q30240694,15,0
F22Q10372047,14,0
F22Q20139091,24,0
F22Q20373801,15,0
F23Q10065504,14,0
F22Q20424847,20,0
F22Q10095630,20,0
F22Q20061040,7,1
F22Q40035400,23,0
F22Q10553705,21,0
F23Q30220368,14,0
F22Q30048893,18,0
F23Q30072319,13,0
F23Q30038808,18,0
F22Q30210538,12,1
F22Q10176807,20,0
F23Q20038093,19,0
F22Q20078562,20,0
F23Q30210588,11,1
F22Q10117580,11,1
F23Q20250279,22,0
F22Q10389498,16,0
F23Q10031455,21,0
F22Q20127505,3,1
F22Q30033426,17,0
F22Q20190711,7,1
F23Q20164858,5,1
F22Q20063579,5,1
F22Q40139037,15,0
F22Q20130383,6,1
F22Q20352015,5,1
F22Q20350180,12,1
F22Q30090527,8,1
F23Q10034380,9,1
F22Q10536530,9,1
F22Q10041206,7,1
F22Q20127237,11,1
F22Q40011819,24,0
F23Q30142698,19,0
F22Q40114661,12,1
F23Q10097139,20,0
F23Q30141514,7,1
F22Q20155694,3,1
F22Q30261373,3,1
F23Q30184976,15,0
F22Q30138573,19,0
F22Q40016264,23,0
F22Q20062987,21,0
F23Q20218522,15,0
F23Q30240895,16,0
F22Q20418901,19,0
F23Q20220524,22,0
F22Q30332423,21,0
F22Q10050298,6,1
F22Q20350089,24,0
F22Q30171457,23,0
F22Q30303372,22,0
F23Q20131640,18,0
F23Q30142113,24,0
F22Q10441823,12,1
F23Q10004912,21,0
F22Q10103155,24,0
F22Q10052567,5,1
F22Q10024445,14,0
F22Q20253416,19,0
F22Q20267609,4,1
F23Q20196745,23,0
F22Q10257557,11,1
F22Q30301811,10,1
F23Q10047122,23,0
F22Q20020735,20,0
F22Q40175850,20,0
F22Q10057025,21,0
F23Q10084948,18,0
F23Q20052641,15,0
F23Q30151034,24,0
F22Q30111914,24,0
F22Q40135280,17,0
F22Q20288719,17,0
F23Q30044743,18,0
F23Q10143449,8,1
F23Q10117561,11,1
F22Q30093980,24,0
F23Q20162353,17,0
F22Q10279614,24,0
F23Q30081451,17,0
F23Q30209412,14,0
F22Q20106812,14,0
F22Q40011499,11,1
F23Q20129533,10,1
F23Q10032042,17,0
F23Q20206505,15,0
F23Q20267408,14,0
F22Q40220593,23,0
F23Q30147290,3,1
F22Q10375014,5,1
F22Q30088160,14,0
F22Q20403784,22,0
F22Q30155569,23,0
F22Q30086877,10,1
F23Q10007870,11,1
F22Q20127466,13,0
F22Q30320387,13,0
F22Q10373557,16,0
F23Q20251570,14,0
F22Q10316402,17,0
F23Q20009172,22,0
F22Q20246940,11,1
F22Q20354542,14,0
F22Q40082852,12,1
F22Q20186896,15,0
F23Q20028374,13,0
F22Q20340059,24,0
F23Q10030900,24,0
F22Q40151282,11,1
F22Q30106907,17,0
F22Q20374873,24,0
F22Q10002705,11,1
F22Q30125903,4,1
F22Q20412159,18,0
F23Q20096143,3,1
F23Q30050778,15,0
F22Q10414685,20,0
F22Q20067727,16,0
F22Q20392848,10,1
F22Q20374760,13,0
F22Q30103260,22,0
F23Q10148876,12,1
F22Q10217289,18,0
F22Q20437540,16,0
F22Q10556035,13,0
F22Q10172547,3,1
F22Q20245962,8,1
F22Q30170645,18,0
F22Q40203987,12,1
F22Q30110484,17,0
F22Q30007234,15,0
F22Q30203834,10,1
F22Q10151352,22,0
F22Q30161005,20,0
F22Q40014461,16,0
F22Q40055213,18,0
F22Q10202492,8,1
F22Q40142203,18,0
F22Q30041792,17,0
F23Q30149702,9,1
F23Q30202714,6,1
F22Q20046164,7,1
F22Q10290176,10,1
F23Q10085011,7,1
F22Q20397603,3,1
F22Q10095970,12,1
F23Q20253458,23,0
F22Q30170944,3,1
F23Q30178595,4,1
F22Q20194957,12,1
F22Q20076404,10,1
F23Q10108098,6,1
F22Q10502009,14,0
F22Q30157699,23,0
F22Q20120102,24,0
F23Q30099092,16,0
F22Q20214923,24,0
F22Q10178292,20,0
F22Q10249341,12,1
F22Q10309634,18,0
F23Q30043230,14,0
F22Q30092159,3,1
F22Q40166572,8,1
F22Q40061141,17,0
F22Q30196711,21,0
F22Q10418639,3,1
F22Q40028888,23,0
F22Q30187157,7,1
F23Q20233122,10,1
F22Q40182582,19,0
F22Q10137712,18,0
F23Q20115801,13,0
F23Q10111033,16,0
F22Q40201483,14,0
F22Q10577363,22,0
F22Q10082872,9,1
F22Q20330435,12,1
F23Q20018373,24,0
F22Q20236289,11,1
F22Q30216820,14,0
F22Q30292918,12,1
F22Q30021987,23,0
F23Q20158467,3,1
F22Q10251202,14,0
F23Q10121790,11,1
F22Q20314680,23,0
F22Q10376052,14,0
F22Q30311869,10,1
F22Q10341763,15,0
F23Q10176177,10,1
F23Q30016775,17,0
F23Q10066073,23,0
F22Q10257226,17,0
F23Q10054672,20,0
F22Q10162412,20,0
F22Q40188079,24,0
F23Q20250765,18,0
F23Q20197595,6,1
F23Q10077417,21,0
F22Q20315999,11,1
F22Q10498553,12,1
F23Q20206339,17,0
F23Q30085863,22,0
F23Q30127776,23,0
F22Q20389945,8,1
F22Q20416062,15,0
F22Q20430008,16,0
F22Q40158188,9,1
F22Q30310365,8,1
F22Q10369678,14,0
F23Q10045416,23,0
F23Q30067444,21,0
F23Q30030632,17,0
F22Q10079511,15,0
F23Q20257240,3,1
F22Q10165774,5,1
F22Q10555381,6,1
F22Q10265672,4,1
F22Q10287822,20,0
F22Q20148575,9,1
F23Q30244151,17,0
F22Q10375394,23,0
F23Q20176662,12,1
F22Q40056776,10,1
F22Q10324012,21,0
F23Q20263482,12,1
F22Q20394235,16,0
F22Q10336115,4,1
F22Q30100254,10,1
F22Q20015848,8,1
F23Q10037199,20,0
F22Q10367580,19,0
F22Q20124274,17,0
F22Q10050531,18,0
F23Q30110617,3,1
F22Q20146651,15,0
F22Q20139632,6,1
F22Q30298675,19,0
F23Q20242226,11,1
F23Q30252581,23,0
F22Q10539706,10,1
F22Q20287404,13,0
F22Q20132730,20,0
F23Q10117550,3,1
F23Q30195837,15,0
F22Q10396402,4,1
F22Q10582148,19,0
F23Q30068923,21,0
F22Q20115351,19,0
F22Q20417881,6,1
F22Q40185390,23,0
F22Q10159434,9,1
F22Q20165139,12,1
F22Q20028479,7,1
F22Q30152627,20,0
F22Q40156274,15,0
F23Q10016753,6,1
F22Q30288107,7,1
F23Q30185577,16,0
F22Q10223095,22,0
F22Q20123113,7,1
F23Q10161381,17,0
F22Q10105602,5,1
F22Q20288943,18,0
F22Q20300045,17,0
F22Q10181547,16,0
F22Q30302346,5,1
F22Q20083298,11,1
F23Q20123748,7,1
F22Q10346976,7,1
F22Q20304476,20,0
F22Q40053081,18,0
F22Q20225445,24,0
F22Q10131616,7,1
F22Q10132705,16,0
F23Q10153724,17,0
F22Q10528790,11,1
F22Q20002767,20,0
F22Q10552001,13,0
F23Q10122229,16,0
F22Q40122068,5,1
F22Q10292864,4,1
F22Q30039756,5,1
F22Q30125027,6,1
F22Q20266223,21,0
F22Q20380413,13,0
F22Q30235524,3,1
F22Q30011125,4,1
F23Q30117651,19,0
F22Q20060883,5,1
F22Q10232742,24,0
F23Q30034225,15,0
F22Q20113554,12,1
F22Q40147762,15,0
F22Q40061483,14,0
F23Q30050643,9,1
F22Q30298903,21,0
F22Q10007080,23,0
F22Q10252154,21,0
F23Q20121782,19,0
F23Q20275616,13,0
F22Q10283864,20,0
F22Q20300177,23,0
F22Q30111664,22,0
F22Q30120183,15,0
F23Q10019880,19,0
F23Q10023047,18,0
F22Q10456346,8,1
F22Q30317881,19,0
F22Q10238001,14,0
F22Q40085512,24,0
F22Q40027442,21,0
F22Q20268221,15,0
F22Q30033407,22,0
F22Q10121883,19,0
F22Q20113703,13,0
F22Q30173500,6,1
F22Q20281141,16,0
F23Q30210945,13,0
F22Q10410558,14,0
F22Q30007979,17,0
F22Q20345397,5,1
F23Q30173265,17,0
F22Q40093287,20,0
F22Q30202355,23,0
F22Q20161137,16,0
F22Q20192692,18,0
F23Q30124549,10,1
F23Q20265055,17,0
F22Q20391944,18,0
F23Q10155553,18,0
F23Q20102826,6,1
F22Q30181999,6,1
F23Q30085323,10,1
F23Q30152568,14,0
F22Q10536136,19,0
F22Q30203342,3,1
F22Q40010365,12,1
F22Q20359865,5,1
F22Q20030250,7,1
F22Q30136868,6,1
F23Q20003779,8,1
F22Q20374020,17,0
F22Q30303936,9,1
F22Q40164742,19,0
F22Q10427164,22,0
F22Q20434296,12,1
F23Q30013006,6,1
F23Q20269867,16,0
F22Q40012051,22,0
F22Q20224507,16,0
F22Q10232303,8,1
F22Q10327988,18,0
F23Q30113280,4,1
F22Q10019816,6,1
F22Q20289327,21,0
F22Q20050809,20,0
F22Q20406331,3,1
F23Q10161191,11,1
F23Q20169426,15,0
F23Q20191464,17,0
F23Q30202965,18,0
F22Q10275873,12,1
F23Q30226328,10,1
F23Q30233093,5,1
F22Q10037410,22,0
F23Q10009039,14,0
F22Q10574802,8,1
F22Q20021235,22,0
F22Q40080790,14,0
F22Q20287375,10,1
F23Q30153753,15,0
F22Q30326461,5,1
F22Q10023704,4,1
F23Q20011005,14,0
F22Q20332288,20,0
F23Q20072202,18,0
F22Q20100039,19,0
F22Q10150509,11,1
F22Q40147835,19,0
F23Q30100305,22,0
F22Q30292711,23,0
F22Q30160571,15,0
F23Q10162521,19,0
F22Q40160119,5,1
F22Q20184011,11,1
F22Q30241609,20,0
F23Q20217166,18,0
F23Q20000634,18,0
F22Q30065783,15,0
F23Q20023033,19,0
F22Q20291487,19,0
F23Q30239973,17,0
F23Q30079360,14,0
F23Q10129725,21,0
F22Q20013957,13,0
F23Q20084238,20,0
F23Q10041804,4,1
F22Q20069395,11,1
F23Q10063243,20,0
F23Q30026157,24,0
F22Q20029567,18,0
F23Q10172813,10,1
F22Q10201056,13,0
F22Q30212562,24,0
F22Q20270777,23,0
F22Q40196463,5,1
F22Q10350990,11,1
F22Q10530311,22,0
F23Q20236941,21,0
F22Q20156208,14,0
F23Q20149884,13,0
F23Q10066485,7,1
F22Q40182420,10,1
F22Q40219132,14,0
F22Q20040888,15,0
F22Q20363334,21,0
F23Q20155196,17,0
F22Q10477617,15,0
F23Q10066948,23,0
F23Q30111484,23,0
F22Q40148055,11,1
F22Q20349720,22,0
F22Q30167225,6,1
F23Q20165791,5,1
F22Q20337538,11,1
F22Q30032675,23,0
F22Q30285787,11,1
F23Q10016168,19,0
F23Q10115869,5,1
F22Q30028754,3,1
F23Q20097381,16,0
F23Q20267541,16,0
F23Q20144406,16,0
F22Q20362910,23,0
F22Q10455094,6,1
F22Q20307067,13,0
F23Q20248542,13,0
F23Q30038384,9,1
F22Q20046841,8,1
F22Q40149118,23,0
F22Q30290383,24,0
F22Q20231370,17,0
F22Q10494617,16,0
F22Q20100821,24,0
F22Q10103726,20,0
F22Q10046229,15,0
F22Q40143332,11,1
F22Q10507107,9,1
F23Q20151931,15,0
F22Q10070868,21,0
F22Q20357220,18,0
F22Q40172035,22,0
F22Q10250174,23,0
F22Q20423847,10,1
F22Q40019025,8,1
F22Q40063097,16,0
F23Q10175981,15,0
F23Q30230424,24,0
F23Q30146211,16,0
F22Q30244324,10,1
F22Q30326650,17,0
F22Q40166824,6,1
F22Q10431192,5,1
F22Q40158669,21,0
F22Q40220108,24,0
F23Q20269687,17,0
F22Q40122164,21,0
F23Q30052188,12,1
F22Q10540473,10,1
F22Q30248925,14,0
F23Q20124873,21,0
F23Q10143188,9,1
F23Q20091598,8,1
F23Q10149739,20,0
F22Q30038247,15,0
F22Q40189478,13,0
F23Q10018329,22,0
F22Q30318987,12,1
F23Q30017182,18,0
F22Q10111224,22,0
F22Q30081040,22,0
F22Q40066910,24,0
F23Q20042888,10,1
F23Q30147491,21,0
F23Q10013452,22,0
F22Q10181651,22,0
F23Q20028697,6,1
F23Q30190465,3,1
F23Q20200099,22,0
F22Q10005442,10,1
F22Q20003223,13,0
F22Q10452625,11,1
F22Q20154287,19,0
F22Q30183572,24,0
F22Q40067093,15,0
F22Q10549734,13,0
F22Q10251890,23,0
F22Q30115495,13,0
F22Q30078703,5,1
F22Q40025137,23,0
F23Q20234396,17,0
F22Q10579684,7,1
F22Q20024781,21,0
F22Q20303998,3,1
F22Q30218126,17,0
F23Q30045096,18,0
F22Q40168974,18,0
F23Q10051889,10,1
F22Q40070813,8,1
F22Q30215374,12,1
F23Q20184683,17,0
F22Q10569203,21,0
F22Q30217128,14,0
F22Q30168258,15,0
F23Q10020945,18,0
F23Q10017226,23,0
F22Q10402863,12,1
F23Q10088117,14,0
F22Q10082267,15,0
F22Q20386516,17,0
F22Q10438579,18,0
F22Q20202756,6,1
F22Q10366325,8,1
F23Q20265338,4,1
F22Q10123884,9,1
F22Q20214096,22,0
F23Q30220638,9,1
F22Q20316346,12,1
F22Q40076749,13,0
F22Q20301041,4,1
F23Q30044119,19,0
F23Q10003986,10,1
F22Q10284440,18,0
F23Q10082755,18,0
F22Q30191703,12,1
F22Q30185166,11,1
F23Q20061482,11,1
F22Q30081953,17,0
F22Q40153504,22,0
F22Q30156878,15,0
F22Q10449441,9,1
F22Q20178680,8,1
F22Q10512157,21,0
F23Q20073420,11,1
F22Q10088317,8,1
F23Q30222224,21,0
F22Q30080188,20,0
F22Q30062249,3,1
F23Q10046999,12,1
F22Q10447548,6,1
F22Q40136620,17,0
F23Q10107079,22,0
F23Q20171305,5,1
F22Q30059008,19,0
F22Q20425705,7,1
F23Q20076177,10,1
F23Q30234637,10,1
F23Q10056333,7,1
F22Q20433279,12,1
F22Q10310073,19,0
F22Q10454039,17,0
F23Q20184619,18,0
F23Q10059247,18,0
F22Q10260058,22,0
F23Q20271951,21,0
F23Q10007374,22,0
F22Q10392325,19,0
F22Q30217156,18,0
F22Q30233447,12,1
F22Q20243212,4,1
F22Q10455721,14,0
F22Q20234536,7,1
F22Q30056092,15,0
F23Q30222034,17,0
F23Q20073695,24,0
F23Q10113827,11,1
F22Q40097945,9,1
F22Q10019540,21,0
F22Q30254340,13,0
F22Q30035834,12,1
F22Q10242206,4,1
F22Q10336476,13,0
F23Q30228706,16,0
F22Q10533528,10,1
F23Q20257309,14,0
F22Q30058549,18,0
F22Q20162678,10,1
F22Q30259113,11,1
F23Q10050051,15,0
F22Q30164841,16,0
F22Q40075532,4,1
F22Q30222284,5,1
F22Q20026887,15,0
F22Q30098974,22,0
F23Q10087435,16,0
F22Q10057107,23,0
F22Q40140470,20,0
F23Q10098248,5,1
F22Q40115536,23,0
F22Q30205166,16,0
F23Q30063009,22,0
F23Q20006506,21,0
F22Q20019188,11,1
F22Q30145426,14,0
F22Q20155790,21,0
F22Q20068179,13,0
F22Q20062595,23,0
F23Q10099892,3,1
F23Q20041182,18,0
F22Q30330080,17,0
F23Q20141926,14,0
F23Q30213018,7,1
F22Q20232164,9,1
F22Q30258046,17,0
F22Q30114044,23,0
F22Q20233359,10,1
F23Q30077166,13,0
F23Q20161815,24,0
F22Q10027900,10,1
F22Q40094967,10,1
F22Q10313383,12,1
F22Q10514147,6,1
F23Q20191920,6,1
F22Q30034601,22,0
F22Q10319360,4,1
F22Q20299513,5,1
F22Q40133424,10,1
F22Q20273217,3,1
F22Q30123659,4,1
F22Q20115786,15,0
F22Q30118978,15,0
F22Q10226065,16,0
F22Q40191569,23,0
F22Q10490245,6,1
F22Q30239334,14,0
F22Q10280056,7,1
F22Q30333793,20,0
F23Q30070372,12,1
F23Q30258883,22,0
F22Q30078221,20,0
F22Q40154733,10,1
F22Q20198501,8,1
F22Q10088638,20,0
F22Q20069244,8,1
F22Q40092922,20,0
F22Q20264568,16,0
F22Q40153255,22,0
F22Q10375597,21,0
F22Q20054808,10,1
F22Q20023485,7,1
F22Q20145436,6,1
F23Q20096253,14,0
F22Q20180200,13,0
F22Q10366550,10,1
F22Q20331323,21,0
F22Q10433367,12,1
F22Q30018098,3,1
F22Q30327785,24,0
F23Q20045427,24,0
F22Q40179143,23,0
F22Q10548718,24,0
F22Q20223453,20,0
F22Q40151207,22,0
F23Q20133815,17,0
F22Q10265566,4,1
F22Q40102229,9,1
F22Q20084387,23,0
F22Q20425624,21,0
F22Q20000383,18,0
F23Q30034718,6,1
F23Q20004743,12,1
F22Q10272802,16,0
F22Q10065526,3,1
F23Q10081706,18,0
F22Q30334600,24,0
F22Q20227666,8,1
F23Q20245416,24,0
F23Q20039613,18,0
F22Q20036411,17,0
F22Q40217349,12,1
F22Q10496825,13,0
F22Q40075476,10,1
F23Q30167311,24,0
F23Q10163959,11,1
F23Q10022189,22,0
F23Q10042062,3,1
F23Q30122926,14,0
F22Q30058338,15,0
F22Q20308153,15,0
F22Q20178595,14,0
F23Q20039082,13,0
F22Q20438128,22,0
F22Q40183915,12,1
F22Q10258758,10,1
F22Q10403513,13,0
F22Q40031321,16,0
F22Q10496968,8,1
F23Q30077137,4,1
F22Q20317020,11,1
F23Q30199771,21,0
F22Q20092115,20,0
F22Q20095523,6,1
F22Q10061351,9,1
F22Q20340940,5,1
F22Q40017368,15,0
F22Q20098324,3,1
F22Q20385896,22,0
F22Q30021279,6,1
F23Q20144248,7,1
F22Q10509421,13,0
F22Q30241146,22,0
F23Q10033013,4,1
F22Q40117077,24,0
F23Q10052299,23,0
F22Q30008385,9,1
F22Q40182103,20,0
F22Q10020671,9,1
F22Q10462466,5,1
F22Q20076516,11,1
F23Q10108680,4,1
F22Q20137931,19,0
F22Q40071040,16,0
F22Q10442597,15,0
F23Q20202507,12,1
F22Q10491966,21,0
F23Q20125741,21,0
F22Q30312451,11,1
F22Q20202655,23,0
F23Q30227239,4,1
F22Q40018221,11,1
F22Q30202952,11,1
F22Q10136565,20,0
F22Q20266901,19,0
F22Q30258288,13,0
F22Q10298725,20,0
F22Q20339538,18,0
F23Q10158862,20,0
F22Q40190204,21,0
F23Q30014381,13,0
F22Q10130583,13,0
F22Q20384368,15,0
F22Q30169016,17,0
F22Q10383258,22,0
F23Q30244277,23,0
F23Q30081867,23,0
F22Q10558204,19,0
F23Q30015056,23,0
F22Q30175342,14,0
F23Q10020740,7,1
F23Q20248508,13,0
F23Q10078859,6,1
F23Q20263572,14,0
F22Q10425384,19,0
F23Q10070881,18,0
F22Q10005732,5,1
F22Q30316007,24,0
F23Q10105779,16,0
F23Q20034853,17,0
F22Q30229473,21,0
F22Q10405782,21,0
F23Q10044006,23,0
F23Q20250029,4,1
F22Q10328174,12,1
F23Q20044705,11,1
F23Q30212042,20,0
F22Q30216295,11,1
F22Q20246795,17,0
F22Q10382903,11,1
F22Q20085392,7,1
F22Q30095423,18,0
F23Q30055018,18,0
F23Q10065627,20,0
F23Q30150825,7,1
F22Q20032263,3,1
F23Q20086644,24,0
F22Q10066368,10,1
F23Q20142250,5,1
F22Q40216009,4,1
F23Q10159066,20,0
F23Q20017664,3,1
F22Q30328592,22,0
F22Q30250113,13,0
F22Q40031899,24,0
F22Q20134322,24,0
F22Q10155150,8,1
F22Q10216999,9,1
F22Q20382601,20,0
F22Q30143188,15,0
F22Q40049797,5,1
F23Q30242978,18,0
F23Q30188976,18,0
F22Q10551253,19,0
F22Q10232291,22,0
F22Q10359024,9,1
F23Q30218582,4,1
F23Q10164000,20,0
F23Q10134479,19,0
F23Q10159587,16,0
F23Q20189494,13,0
F22Q40207782,15,0
F22Q30328374,11,1
F22Q20397528,14,0
F22Q10470073,4,1
F22Q30184676,21,0
F23Q10098229,15,0
F23Q20009137,8,1
F22Q20083562,14,0
F22Q10544125,19,0
F23Q30160537,16,0
F22Q30290596,24,0
F22Q40211064,8,1
F23Q20226400,17,0
F22Q30280550,7,1
F23Q10152304,10,1
F23Q20238384,4,1
F23Q30013193,4,1
F22Q10488828,14,0
F22Q10079662,18,0
F22Q10008179,5,1
F23Q20144375,17,0
F22Q20027736,9,1
F22Q20227361,18,0
F22Q30210764,9,1
F22Q40077914,12,1
F22Q10076998,3,1
F22Q40097191,20,0
F22Q40176095,13,0
F22Q40128555,22,0
F22Q10216379,23,0
F22Q10173207,13,0
F22Q40202606,9,1
F23Q10085262,22,0
F23Q10138033,4,1
F22Q40037222,6,1
F23Q30185812,18,0
F22Q40173455,15,0
F22Q30239198,14,0
F22Q20022674,6,1
F22Q30200215,23,0
F22Q20375721,18,0
F22Q30175504,21,0
F23Q10177035,12,1
F22Q30334256,7,1
F23Q30140845,14,0
F23Q10098140,20,0
F23Q10024111,24,0
F23Q20197620,21,0
F22Q30257756,4,1
F22Q30315299,23,0
F22Q20418358,17,0
F22Q40008176,23,0
F22Q30152722,12,1
F23Q10059807,10,1
F22Q20064580,6,1
F22Q10075791,13,0
F22Q40030446,16,0
F22Q30280794,14,0
F23Q20265398,18,0
F22Q40062295,20,0
F23Q30231567,6,1
F22Q10256286,24,0
F22Q30287379,8,1
F22Q30041737,7,1
F23Q30107521,18,0
F22Q40050203,10,1
F22Q10458263,21,0
F22Q40157170,24,0
F22Q30106389,20,0
F22Q10074789,8,1
F23Q30171782,19,0
F22Q20237880,7,1
F22Q40114348,18,0
F22Q40216335,24,0
F22Q20200640,19,0
F23Q20042995,3,1
F23Q30123399,8,1
F23Q10149753,24,0
F22Q20222777,11,1
F22Q20212112,19,0
F22Q20409977,23,0
F23Q30144827,14,0
F22Q40068001,11,1
F22Q40162602,20,0
F23Q20019163,22,0
F22Q10260671,23,0
F22Q10312779,20,0
F23Q30096859,23,0
F22Q10109730,23,0
F23Q30220461,10,1
F22Q20372698,4,1
F22Q10229050,20,0
F22Q20056413,12,1
F23Q10058014,21,0
F22Q40103880,24,0
F22Q40002201,21,0
F22Q10505293,4,1
F22Q40139094,19,0
F22Q10470583,24,0
F22Q30316772,7,1
F23Q30226149,9,1
F22Q40006323,24,0
F22Q40119524,23,0
F23Q30073305,21,0
F22Q10397223,12,1
F22Q10301072,19,0
F23Q20239742,3,1
F22Q20204882,24,0
F22Q20085548,13,0
F22Q10416594,9,1
F22Q20166051,21,0
F22Q40006608,21,0
F22Q20235710,20,0
F22Q10355373,13,0
F22Q30034747,24,0
F22Q20417305,24,0
F23Q30212917,5,1
F22Q20249791,19,0
F22Q20155926,23,0
F22Q10223226,14,0
F22Q20068166,10,1
F22Q40021034,6,1
F23Q10179389,22,0
F22Q10463489,18,0
F22Q30159964,18,0
F22Q10178163,21,0
F22Q10256737,19,0
F23Q20122849,16,0
F23Q20035167,3,1
F23Q10177638,7,1
F22Q40109923,22,0
F23Q20147434,9,1
F22Q10192449,5,1
F22Q10130460,21,0
F23Q30077089,3,1
F23Q30242448,13,0
F22Q10470501,19,0
F22Q10439334,22,0
F22Q10276807,7,1
F22Q20224234,15,0
F23Q30120723,17,0
F22Q10201649,4,1
F22Q30315854,4,1
F22Q20160474,21,0
F23Q10098148,6,1
F22Q20155308,24,0
F23Q20224072,19,0
F22Q20044821,17,0
F22Q10269883,19,0
F23Q20101786,14,0
F22Q30112660,10,1
F22Q30164145,22,0
F23Q20021568,5,1
F22Q20203061,7,1
F23Q30092428,16,0
F23Q20073402,14,0
F22Q20078370,14,0
F23Q20010561,15,0
F22Q10223411,15,0
F22Q20372395,22,0
F22Q30282201,15,0
F23Q30111275,13,0
F23Q30047599,20,0
F22Q30202668,17,0
F22Q10190036,22,0
F22Q20135369,3,1
F22Q30098758,8,1
F22Q30041326,15,0
F22Q30010163,9,1
F22Q40069777,19,0
F22Q40185841,10,1
F22Q40161914,5,1
F22Q10475035,10,1
F22Q30135621,13,0
F22Q30103105,22,0
F22Q10362670,21,0
F22Q30050912,19,0
F23Q20201200,21,0
F22Q30037864,9,1
F23Q30259775,17,0
F22Q10209155,11,1
F22Q30235074,7,1
F23Q30201198,10,1
F23Q20255309,19,0
F22Q20410228,24,0
F22Q20340776,3,1
F22Q10551962,9,1
F23Q10030447,20,0
F22Q40040777,10,1
F22Q40003280,19,0
F23Q30120873,22,0
F22Q30033169,24,0
F23Q10136072,15,0
F22Q10065175,23,0
F23Q10031072,21,0
F23Q20115617,10,1
F23Q20047504,12,1
F23Q10136524,17,0
F23Q10032869,24,0
F22Q40219118,7,1
F23Q30066559,20,0
F22Q10196332,4,1
F22Q10386438,5,1
F22Q20374014,13,0
F22Q20148976,9,1
F22Q30099965,8,1
F23Q30201913,18,0
F22Q20263583,3,1
F23Q10170007,24,0
F22Q20090971,16,0
F23Q30085773,23,0
F22Q10028688,10,1
F22Q30071544,14,0
F22Q30322465,8,1
F22Q20268373,21,0
F22Q10441278,20,0
F23Q20067351,22,0
F22Q20003172,21,0
F22Q10027087,12,1
F22Q40049968,7,1
F22Q20065548,3,1
F22Q20156897,15,0
F22Q40158215,7,1
F23Q20119452,4,1
F22Q10311522,16,0
F23Q30070698,11,1
F23Q20161838,17,0
F22Q10216411,23,0
F23Q20094856,8,1
F22Q10126940,9,1
F22Q20181255,20,0
F23Q20041561,5,1
F22Q10037201,11,1
F22Q30163861,24,0
F22Q20383877,8,1
F23Q10099292,24,0
F22Q30034905,12,1
F23Q20249997,21,0
F23Q10148290,6,1
F22Q30252315,24,0
F22Q10418205,23,0
F22Q30005933,13,0
F22Q40009312,12,1
F22Q10024486,20,0
F23Q10003259,17,0
F22Q20406421,21,0
F23Q10037386,6,1
F23Q30013082,5,1
F23Q10182015,20,0
F22Q30277794,13,0
F22Q40162816,19,0
F22Q10203504,11,1
F22Q20301685,19,0
F22Q30050039,15,0
F22Q20225498,9,1
F23Q30186200,9,1
F22Q30295757,23,0
F22Q10106569,10,1
F22Q20323302,3,1
F22Q40020253,7,1
F23Q20235293,11,1
F23Q10090514,4,1
F22Q30307245,16,0
F23Q10181936,16,0
F23Q10028706,8,1
F22Q30337078,23,0
F23Q10055597,23,0
F22Q10467501,14,0
F23Q30163561,15,0
F22Q40072135,24,0
F23Q30242631,12,1
F22Q10308012,15,0
F22Q20311320,6,1
F23Q30205092,16,0
F22Q20042081,3,1
F22Q20241009,11,1
F22Q10578240,6,1
F22Q10104437,10,1
F22Q40166816,15,0
F23Q20150356,18,0
F23Q20182431,23,0
F22Q20283950,18,0
F22Q20078406,17,0
F23Q20185503,17,0
F22Q20274947,10,1
F23Q20051415,23,0
F22Q10386476,17,0
F22Q10293114,13,0
F22Q20399180,5,1
F22Q40007206,13,0
F22Q30141182,13,0
F22Q30141194,13,0
F22Q10292205,23,0
F23Q20020099,19,0
F22Q40031389,23,0
F23Q20004853,5,1
F22Q20092907,20,0
F22Q30173544,19,0
F22Q40054430,17,0
F22Q20099065,4,1
F22Q40005160,24,0
F22Q10169965,8,1
F23Q10177972,20,0
F22Q20038308,21,0
F22Q40145407,4,1
F22Q30208628,17,0
F22Q10371044,10,1
F22Q20429383,19,0
F22Q40189180,21,0
F22Q40335022,10,1
F22Q10477077,16,0
F22Q20016040,11,1
F23Q30111280,8,1
F22Q40176620,24,0
F23Q20063679,19,0
F22Q30216261,21,0
F22Q30041292,14,0
F22Q30179901,24,0
F22Q10359366,14,0
F23Q20085416,20,0
F22Q10553738,22,0
F23Q20148082,9,1
F22Q10495641,13,0
F22Q20046042,18,0
F23Q20064623,11,1
F23Q20005272,17,0
F22Q30071533,17,0
F23Q30247276,12,1
F22Q20435698,17,0
F22Q30164426,8,1
F23Q20014142,20,0
F23Q30171901,16,0
F22Q30309771,19,0
F22Q40193362,12,1
F23Q30086560,10,1
F22Q20394229,15,0
F23Q30204615,19,0
F22Q20084142,9,1
F22Q30020886,19,0
F23Q10150439,14,0
F22Q10209749,10,1
F22Q40017826,23,0
F23Q10063343,14,0
F22Q20403495,5,1
F22Q20161123,13,0
F23Q10156963,18,0
F22Q20085333,4,1
F22Q10122450,14,0
F23Q20113625,24,0
F22Q20166682,23,0
F22Q20367244,12,1
F23Q20042158,17,0
F22Q10013652,10,1
F23Q20091697,16,0
F23Q20078806,20,0
F22Q10272644,15,0
F22Q10274120,8,1
F22Q20249045,14,0
F23Q20088557,22,0
F22Q30220065,8,1
F23Q20045884,16,0
F22Q30028662,14,0
F23Q20238428,16,0
F22Q40160513,17,0
F22Q10062620,7,1
F22Q40012399,22,0
F23Q10156394,4,1
F22Q20021993,14,0
F23Q20151614,22,0
F23Q20225493,22,0
F23Q10026151,13,0
F22Q20054139,12,1
F22Q10231115,14,0
F22Q40164224,4,1
F22Q40125293,13,0
F22Q20199934,17,0
F22Q20238790,8,1
F23Q20083452,18,0
F22Q30124860,13,0
F23Q20214255,13,0
F23Q10092099,15,0
F22Q20146369,21,0
F22Q30169026,22,0
F23Q30081448,20,0
F23Q20089241,5,1
F23Q30048855,14,0
F22Q20071356,7,1
F22Q20299176,20,0
F22Q20262125,14,0
F22Q40054909,3,1
F22Q30021153,11,1
F22Q30021931,13,0
F22Q20233620,3,1
F22Q10279374,21,0
F22Q20082160,4,1
F22Q10261732,11,1
F23Q20260487,16,0
F22Q20225226,24,0
F23Q30027415,17,0
F22Q30077314,4,1
F23Q20126109,12,1
F22Q10281174,14,0
F22Q30280318,4,1
F22Q30124789,8,1
F22Q30235070,15,0
F22Q20209987,5,1
F22Q20143049,6,1
F23Q20251588,7,1
F22Q20196232,20,0
F22Q10064014,21,0
F22Q40098774,10,1
F22Q20411997,6,1
F22Q40055100,9,1
F23Q30027757,15,0
F22Q10382719,15,0
F22Q10017604,21,0
F22Q30025856,8,1
F22Q10098129,24,0
F22Q30216437,22,0
F22Q30171268,24,0
F23Q20047533,21,0
F22Q40083408,6,1
F22Q20037934,18,0
F23Q10100703,12,1
F23Q20102153,24,0
F23Q20012093,17,0
F22Q10151120,19,0
F22Q10427092,15,0
F23Q30240978,10,1
F22Q20203036,7,1
F23Q30075936,18,0
F22Q20290522,22,0
F22Q10198751,15,0
F23Q10026673,18,0
F22Q20178020,13,0
F22Q30019000,13,0
F22Q10258824,10,1
F22Q30229610,23,0
F22Q20160043,22,0
F23Q30025619,6,1
F23Q20146664,12,1
F22Q10451094,8,1
F22Q30114760,20,0
F22Q20102386,9,1
F23Q30258349,18,0
F23Q10131366,13,0
F23Q30063269,23,0
F22Q30169847,23,0
F22Q20206968,4,1
F22Q10467012,15,0
F22Q20248063,17,0
F22Q10104453,5,1
F22Q30059207,8,1
F23Q20183261,8,1
F23Q20123192,13,0
F22Q40192804,5,1
F22Q10515844,17,0
F22Q30102302,5,1
F23Q10176689,23,0
F23Q10169594,7,1
F22Q20095626,13,0
F22Q10243642,11,1
F22Q30099534,12,1
F22Q10312944,5,1
F22Q30170000,14,0
F23Q20231006,11,1
F22Q40032441,21,0
F22Q20248806,16,0
F23Q30236824,21,0
F22Q20118377,14,0
F22Q20437587,12,1
F23Q20115153,18,0
F22Q10187863,9,1
F23Q20018334,14,0
F22Q40125744,20,0
F23Q30076085,6,1
F22Q10309978,21,0
F22Q20262491,21,0
F22Q10483380,16,0
F23Q30198066,3,1
F23Q10113084,15,0
F22Q30139577,6,1
F23Q30082603,3,1
F22Q30262548,22,0
F22Q20222965,5,1
F22Q10346845,24,0
F22Q30123385,5,1
F23Q30184847,11,1
F23Q30026046,21,0
F23Q10077647,15,0
F22Q40145543,19,0
F22Q20039814,7,1
F22Q40169483,5,1
F22Q20229062,11,1
F22Q20154505,21,0
F23Q30003141,18,0
F23Q30166049,14,0
F22Q20060207,21,0
F23Q10066625,20,0
F22Q10442896,8,1
F22Q30064012,22,0
F23Q10021754,10,1
F23Q30085350,16,0
F23Q30187693,17,0
F22Q10030815,3,1
F22Q10338303,9,1
F23Q10008529,16,0
F22Q30206031,20,0
F22Q40019271,20,0
F22Q20232205,8,1
F22Q20321154,3,1
F23Q20015771,13,0
F22Q40021091,7,1
F23Q10113462,17,0
F22Q20213668,6,1
F22Q10346935,4,1
F23Q20217630,23,0
F23Q20085684,13,0
F23Q30119756,24,0
F22Q10368855,7,1
F22Q30208922,10,1
F22Q30008539,19,0
F23Q30133422,18,0
F22Q30237420,15,0
F22Q40197184,19,0
F22Q30260038,7,1
F22Q30039969,22,0
F22Q40088979,9,1
F22Q10209513,19,0
F22Q30326688,21,0
F22Q20035704,7,1
F22Q20423275,7,1
F23Q20126273,19,0
F22Q20368865,17,0
F22Q20143635,13,0
F22Q40167877,22,0
F22Q20361531,8,1
F22Q30235476,21,0
F23Q10000016,22,0
F22Q10198360,23,0
F23Q20184372,24,0
F22Q20411784,17,0
F22Q20371338,24,0
F23Q20081381,16,0
F22Q30311539,22,0
F23Q10029979,24,0
F23Q20055248,20,0
F23Q30115632,23,0
F22Q30134069,16,0
F22Q40334841,9,1
F23Q20092175,18,0
F22Q20142285,10,1
F22Q20127167,6,1
F22Q30229552,11,1
F22Q30297668,8,1
F22Q10502478,7,1
F23Q30247064,12,1
F22Q30103908,21,0
F23Q30190676,15,0
F23Q30145884,22,0
F22Q20230438,9,1
F22Q30001989,16,0
F22Q40050686,22,0
F22Q20368570,24,0
F23Q20195337,4,1
F22Q40334956,21,0
F22Q30225565,19,0
F22Q10468924,19,0
F23Q30091639,15,0
F22Q20033498,5,1
F22Q20268681,13,0
F22Q20106587,15,0
F22Q20383661,5,1
F22Q20407679,17,0
F22Q20431788,24,0
F23Q10181346,15,0
F23Q20071398,21,0
F22Q10050954,18,0
F22Q20006581,16,0
F22Q30223546,14,0
F22Q20235460,13,0
F23Q20190060,22,0
F22Q40023192,21,0
F23Q30250238,8,1
F22Q40024780,6,1
F22Q10345388,20,0
F23Q10166997,5,1
F22Q30168557,21,0
F23Q30039243,17,0
F22Q20191228,11,1
F22Q30046824,15,0
F22Q10186399,21,0
F22Q20172032,4,1
F23Q30191786,18,0
F23Q10138172,8,1
F22Q20251000,17,0
F23Q20015127,18,0
F23Q20250608,9,1
F22Q10503490,3,1
F22Q20346843,6,1
F22Q10373434,14,0
F22Q10566570,13,0
F23Q30110262,22,0
F22Q20409938,15,0
F23Q20200717,20,0
F22Q10499097,24,0
F23Q20101602,19,0
F23Q10102373,20,0
F22Q30156769,17,0
F22Q40172165,10,1
F22Q10456746,10,1
F22Q20182337,3,1
F22Q40197320,15,0
F22Q30176922,22,0
F22Q20431952,22,0
F22Q10138117,21,0
F23Q10139466,15,0
F22Q10532307,7,1
F22Q30075613,5,1
F23Q20131469,8,1
F23Q30115666,13,0
F22Q10113667,23,0
F22Q30044344,22,0
F22Q20040449,16,0
F23Q10063651,20,0
F22Q10154894,8,1
F23Q20203765,12,1
F22Q40095508,15,0
F22Q30075771,11,1
F22Q10290134,3,1
F23Q30217775,10,1
F22Q10573446,7,1
F23Q20084265,17,0
F22Q10140558,15,0
F22Q30044023,17,0
F22Q40186311,15,0
F22Q40174618,21,0
F22Q30128305,9,1
F22Q20382070,9,1
F22Q10214079,19,0
F22Q10079609,23,0
F22Q20212862,6,1
F23Q30153241,15,0
F22Q40159383,24,0
F23Q30180956,4,1
F22Q20113530,5,1
F22Q30057002,8,1
F22Q20155148,5,1
F22Q30261082,19,0
F22Q40062212,19,0
F23Q30083337,3,1
F22Q10438123,23,0
F23Q20138528,8,1
F23Q20265470,20,0
F22Q20398665,11,1
F23Q30060306,20,0
F22Q10116397,16,0
F22Q30331976,4,1
F22Q40022211,13,0
F22Q10514198,11,1
F23Q30239134,15,0
F22Q30146321,3,1
F22Q20228442,24,0
F23Q20111814,7,1
F22Q20291892,23,0
F23Q20178062,11,1
F23Q10027306,8,1
F22Q10367784,21,0
F22Q20406171,13,0
F23Q20126258,4,1
F23Q10061924,22,0
F23Q10033315,10,1
F22Q10147594,24,0
F22Q30219486,19,0
F22Q30287467,19,0
F22Q10274557,23,0
F22Q40073922,7,1
F22Q20230279,14,0
F22Q30237908,13,0
F22Q40073210,21,0
F22Q40155888,17,0
F22Q40199558,12,1
F23Q30003499,12,1
F23Q20021262,14,0
F23Q10038457,19,0
F23Q30055500,3,1
F22Q20147919,14,0
F22Q20011895,3,1
F22Q20157232,6,1
F22Q20164466,24,0
F22Q30006126,23,0
F23Q30026233,16,0
F23Q30199330,16,0
F22Q10025113,23,0
F22Q40017330,24,0
F23Q20227069,22,0
F22Q40155036,20,0
F22Q30244893,17,0
F22Q10123311,11,1
F23Q10171888,8,1
F23Q30230833,11,1
F23Q30121196,12,1
F22Q40076760,9,1
F22Q30112988,17,0
F22Q20074386,7,1
F23Q20048355,18,0
F22Q10269814,15,0
F23Q20223099,15,0
F22Q10106262,18,0
F22Q40150401,13,0
F22Q20399433,10,1
F22Q20416186,24,0
F22Q40041228,3,1
F22Q40154220,7,1
F22Q30145993,15,0
F23Q20035443,16,0
F22Q20423720,21,0
F22Q30323696,6,1
F22Q10365829,22,0
F23Q20142455,15,0
F23Q20169889,5,1
F22Q10559543,22,0
F23Q30088478,7,1
F22Q40102819,10,1
F22Q10440615,17,0
F22Q10011772,22,0
F23Q20250579,14,0
F22Q10269916,20,0
F22Q10382482,11,1
F23Q30015351,3,1
F22Q30081927,19,0
F23Q20093706,19,0
F23Q30105103,19,0
F22Q10151311,5,1
F23Q10046919,22,0
F22Q20434538,16,0
F22Q20345031,6,1
F22Q30294666,20,0
F23Q30056096,13,0
F23Q20207993,18,0
F22Q30055636,8,1
F22Q20173353,21,0
F22Q40205796,20,0
F23Q20269438,13,0
F22Q40202442,20,0
F22Q30120348,16,0
F22Q10441048,3,1
F23Q20253838,12,1
F22Q10552166,10,1
F22Q10110149,6,1
F22Q10102941,18,0
F22Q20252604,21,0
F22Q10574221,20,0
F22Q10135527,21,0
F22Q20084866,11,1
F22Q30014507,23,0
F22Q40089647,18,0
F22Q40142353,13,0
F23Q10173683,18,0
F22Q10473081,16,0
F23Q20030619,15,0
F22Q40177497,8,1
F22Q20204592,19,0
F22Q10521825,22,0
F23Q10172449,22,0
F22Q20406977,11,1
F22Q10275071,23,0
F22Q40180734,22,0
F23Q10093481,17,0
F22Q40059827,16,0
F23Q10113712,24,0
F22Q10480402,19,0
F22Q30172149,8,1
F22Q10201713,15,0
F22Q30190530,5,1
F22Q20376141,18,0
F22Q40186673,12,1
F23Q20257581,11,1
F22Q20075078,11,1
F22Q20141742,9,1
F23Q30028648,17,0
F22Q10208756,18,0
F23Q10084963,20,0
F22Q40118817,22,0
F23Q20012285,14,0
F22Q20406828,18,0
F23Q10050712,7,1
F23Q20089295,18,0
F22Q20335105,4,1
F22Q30233677,18,0
F23Q20160166,18,0
F22Q20153596,4,1
F22Q40151945,11,1
F23Q10070962,20,0
F22Q30114114,7,1
F23Q20142807,23,0
F23Q20076182,11,1
F22Q40059897,13,0
F23Q30202644,17,0
F22Q30081420,19,0
F22Q40018830,13,0
F22Q20207865,8,1
F23Q10180888,4,1
F22Q10303596,13,0
F22Q20132619,11,1
F22Q40038524,11,1
F22Q40081679,11,1
F23Q30045214,11,1
F22Q40062043,23,0
F23Q20231167,9,1
F22Q10257113,4,1
F22Q10026307,15,0
F22Q30089469,14,0
F22Q10497705,19,0
F22Q20089405,13,0
F22Q30264126,24,0
F22Q20323230,16,0
F22Q10573876,24,0
F23Q20075119,16,0
F23Q10177777,4,1
F22Q10420401,8,1
F22Q30069133,11,1
F22Q40208735,23,0
F23Q20165089,22,0
F22Q40143766,23,0
F22Q10023676,17,0
F22Q20357013,17,0
F22Q20190673,19,0
F23Q10116789,12,1
F23Q10149432,19,0
F22Q20224517,21,0
F22Q20230489,7,1
F22Q20120308,3,1
F22Q20038947,18,0
F23Q20176393,9,1
F22Q20038190,19,0
F22Q20317916,17,0
F22Q10577361,18,0
F23Q30235950,23,0
F23Q30135719,11,1
F22Q30131308,5,1
F22Q30275595,10,1
F22Q10106449,12,1
F23Q10098132,24,0
F22Q30121152,8,1
F22Q20384498,15,0
F22Q30131061,23,0
F22Q10069550,9,1
F22Q20009281,9,1
F22Q30217018,14,0
F23Q10185650,9,1
F22Q30094745,17,0
F22Q10245871,15,0
F22Q30133449,15,0
F22Q10207148,18,0
F23Q30084537,15,0
F22Q10308524,24,0
F23Q30048688,23,0
F22Q10525750,24,0
F23Q10096944,21,0
F22Q20253330,5,1
F22Q10121508,7,1
F22Q30229527,7,1
F22Q20427243,4,1
F22Q20212268,8,1
F23Q10078504,1,1
F22Q10382949,22,0
F23Q20014523,12,1
F22Q30126239,20,0
F23Q10161870,4,1
F22Q30035313,20,0
F22Q20073966,14,0
F22Q20306623,15,0
F22Q40097224,5,1
F23Q30186700,5,1
F23Q30050295,8,1
F22Q20061825,3,1
F22Q10292839,20,0
F23Q20141552,14,0
F22Q30274497,23,0
F22Q20383983,15,0
F23Q20026144,21,0
F22Q30081433,19,0
F23Q30007114,24,0
F23Q10124639,4,1
F22Q30151417,18,0
F22Q40069840,4,1
F22Q30043105,22,0
F22Q20101871,12,1
F22Q10317398,6,1
F22Q20191261,15,0
F22Q40205100,22,0
F22Q20293105,24,0
F23Q30076252,4,1
F22Q20279277,4,1
F22Q20049346,17,0
F22Q20292145,11,1
F22Q20011887,18,0
F22Q30060143,16,0
F22Q30212980,10,1
F22Q20177859,15,0
F23Q30140028,13,0
F22Q20064215,11,1
F22Q20276736,12,1
F22Q10550767,22,0
F22Q40196241,13,0
F22Q10410047,15,0
F23Q10045198,11,1
F22Q20154873,13,0
F22Q40083676,8,1
F22Q30293070,22,0
F23Q10024859,7,1
F22Q10452247,17,0
F22Q10098590,24,0
F22Q10412746,12,1
F22Q40042952,17,0
F22Q10563751,15,0
F23Q10148051,18,0
F22Q20386293,16,0
F23Q10159326,20,0
F23Q10088795,14,0
F22Q10453953,7,1
F22Q20213941,14,0
F23Q10182820,8,1
F23Q10178740,20,0
F22Q10276335,22,0
F22Q20289479,9,1
F23Q20064620,12,1
F22Q20356218,18,0
F23Q10061677,18,0
F22Q30101581,14,0
F22Q40149366,14,0
F22Q30203960,7,1
F23Q30107409,24,0
F23Q30215590,10,1
F22Q20275577,7,1
F22Q30027506,14,0
F22Q20328702,10,1
F22Q20353756,13,0
F23Q10110195,9,1
F22Q40012511,6,1
F22Q20410007,17,0
F22Q10385326,19,0
F23Q10088906,21,0
F23Q20018412,22,0
F22Q20014253,20,0
F22Q10217284,17,0
F22Q10420790,23,0
F22Q10295705,23,0
F22Q40178485,12,1
F22Q10297838,9,1
F22Q10173271,13,0
F23Q10117094,17,0
F23Q30148636,11,1
F22Q20065217,15,0
F22Q20121974,23,0
F22Q10260907,16,0
F23Q20248087,18,0
F22Q10386505,7,1
F22Q10199431,3,1
F22Q20371779,17,0
F22Q30186932,9,1
F22Q30034955,4,1
F22Q30049651,10,1
F22Q30142777,16,0
F22Q20104625,16,0
F23Q20010795,20,0
F22Q40039993,5,1
F22Q20412652,18,0
F22Q20200837,11,1
F22Q30253143,21,0
F22Q20195815,18,0
F22Q20019947,9,1
F22Q40181692,24,0
F23Q20125866,14,0
F23Q30025905,23,0
F22Q40085764,12,1
F22Q30184371,18,0
F22Q20378862,16,0
F22Q10045189,7,1
F22Q10207338,13,0
F23Q20183781,6,1
F22Q10354338,22,0
F22Q20363290,20,0
F22Q20117683,3,1
F22Q40074464,13,0
F23Q20087753,24,0
F22Q40021044,13,0
F22Q20159181,5,1
F23Q30008592,20,0
F22Q30241466,23,0
F23Q30189552,8,1
F23Q10151561,24,0
F23Q20185207,17,0
F22Q20390035,7,1
F22Q20058905,5,1
F22Q10418475,19,0
F22Q20415916,13,0
F22Q40051487,23,0
F22Q10391367,8,1
F22Q10236668,9,1
F23Q30227589,9,1
F22Q20279019,18,0
F22Q20015945,4,1
F22Q40131260,22,0
F23Q20254314,19,0
F22Q40040580,16,0
F23Q10088292,18,0
F22Q30170646,23,0
F22Q40098501,23,0
F22Q40046739,9,1
F22Q20171762,17,0
F22Q30308899,7,1
F22Q30185776,4,1
F23Q10147108,4,1
F23Q30237251,16,0
F23Q30136507,22,0
F23Q20223862,11,1
F22Q10360272,16,0
F22Q10257749,21,0
F23Q10159227,7,1
F22Q20085301,21,0
F22Q30168518,22,0
F23Q30085548,17,0
F23Q30153229,23,0
F22Q20218938,7,1
F22Q40052800,15,0
F23Q20231938,12,1
F22Q30033746,14,0
F23Q10129880,14,0
F22Q20223147,6,1
F22Q20200505,7,1
F23Q10180407,24,0
F23Q30108378,23,0
F23Q20075492,17,0
F23Q20022748,23,0
F23Q20140316,21,0
F22Q20330113,7,1
F22Q30050662,8,1
F22Q10203783,20,0
F22Q40217056,15,0
F23Q20257153,9,1
F22Q10158182,17,0
F22Q10300749,11,1
F23Q30204363,21,0
F22Q30125644,4,1
F22Q40173857,21,0
F22Q20352075,6,1
F22Q20059525,23,0
F22Q30020131,22,0
F22Q40146233,3,1
F22Q40062885,15,0
F22Q10117800,12,1
F23Q30234587,24,0
F23Q20109570,20,0
F22Q10199060,4,1
F22Q20113621,9,1
F22Q30305643,14,0
F22Q10521444,20,0
F23Q20102849,20,0
F23Q30077382,22,0
F23Q30242449,15,0
F22Q20240357,19,0
F23Q30179198,14,0
F23Q20168750,16,0
F22Q20196250,24,0
F22Q10243225,13,0
F22Q20363710,18,0
F23Q20049235,15,0
F22Q30108867,14,0
F22Q10293216,8,1
F23Q10090547,24,0
F23Q10159975,7,1
F22Q20003715,7,1
F22Q10478165,9,1
F22Q40050311,14,0
F22Q20259666,17,0
F23Q30116980,24,0
F22Q10085932,17,0
F22Q30094839,19,0
F23Q20129617,7,1
F22Q20403424,16,0
F22Q10238402,4,1
F23Q20090564,20,0
F22Q20322977,11,1
F22Q10310134,8,1
F22Q20265110,24,0
F22Q40074847,19,0
F23Q20140915,5,1
F22Q10132112,8,1
F22Q40033756,4,1
F22Q10290140,22,0
F22Q10310722,20,0
F22Q10456319,16,0
F22Q20389485,4,1
F22Q10300169,16,0
F23Q20184498,4,1
F22Q40177241,18,0
F22Q10501721,20,0
F23Q10051970,13,0
F23Q10089435,9,1
F23Q20029487,17,0
F23Q20046832,12,1
F22Q20304876,22,0
F23Q10127824,23,0
F22Q20203290,24,0
F22Q10213625,11,1
F22Q10371412,3,1
F23Q20246377,17,0
F22Q30023038,14,0
F22Q10538726,19,0
F23Q30070389,15,0
F22Q40142587,15,0
F22Q30135534,18,0
F22Q30033519,14,0
F22Q20257965,19,0
F23Q30014262,12,1
F22Q10157408,20,0
F22Q10452655,13,0
F23Q30092724,6,1
F22Q10502375,21,0
F23Q20195548,19,0
F23Q30015064,21,0
F22Q40029691,12,1
F22Q10499516,11,1
F22Q40082739,12,1
F23Q30241548,7,1
F22Q30061297,15,0
F22Q10162657,9,1
F23Q20144382,18,0
F22Q40091452,24,0
F23Q20083536,17,0
F23Q30160698,17,0
F22Q30016707,17,0
F23Q10014872,18,0
F23Q30138827,20,0
F22Q10563004,9,1
F22Q30020343,5,1
F23Q10158872,24,0
F23Q10173716,21,0
F22Q20003629,4,1
F22Q10053422,21,0
F22Q40212835,4,1
F22Q20311706,4,1
F22Q40060615,21,0
F23Q30245628,10,1
F22Q20366730,18,0
F22Q30045611,16,0
F23Q20044144,8,1
F22Q10325516,19,0
F22Q20320629,14,0
F22Q30092647,4,1
F22Q30288994,13,0
F22Q30316088,24,0
F22Q30093699,4,1
F22Q10029290,4,1
F22Q10451088,21,0
F22Q30328551,22,0
F22Q30172083,7,1
F23Q20064695,15,0
F23Q10060832,20,0
F22Q10297041,18,0
F22Q30328561,12,1
F23Q30166082,6,1
F22Q20276395,18,0
F23Q30036830,20,0
F23Q30076377,22,0
F23Q20021159,18,0
F22Q40147418,6,1
F23Q10031120,14,0
F22Q10333558,10,1
F22Q40105878,22,0
F22Q10395358,21,0
F23Q30056224,13,0
F23Q10029316,20,0
F23Q30144318,12,1
F22Q20156753,4,1
F22Q30165945,22,0
F22Q10078005,13,0
F22Q30330562,12,1
F22Q10167590,6,1
F22Q10248313,8,1
F22Q10050666,10,1
F22Q10005528,23,0
F23Q30032949,12,1
F22Q20251486,8,1
F22Q10497117,15,0
F22Q40091486,19,0
F22Q10376124,20,0
F23Q30012215,3,1
F22Q30019407,21,0
F23Q30246968,19,0
F23Q10052606,12,1
F22Q30014250,12,1
F23Q20011637,3,1
F22Q30303107,6,1
F22Q40195777,19,0
F23Q30043337,16,0
F23Q10051128,17,0
F23Q30226963,16,0
F23Q30162642,15,0
F22Q10395168,6,1
F22Q20055349,13,0
F22Q10318088,3,1
F22Q10318366,22,0
F22Q10136589,19,0
F22Q20389002,16,0
F22Q30035163,12,1
F22Q30030688,20,0
F22Q30267150,15,0
F23Q30216344,21,0
F22Q40217261,9,1
F22Q30098920,10,1
F23Q10000143,19,0
F22Q40213670,12,1
F23Q10157816,13,0
F23Q10103655,21,0
F22Q30021110,6,1
F23Q30228938,16,0
F22Q10220073,23,0
F22Q10322156,21,0
F23Q20023521,13,0
F23Q30126362,14,0
F22Q10251786,12,1
F22Q10266071,24,0
F22Q10473585,9,1
F22Q10285973,18,0
F23Q10135107,23,0
F22Q40074069,17,0
F23Q30145743,14,0
F22Q20280531,5,1
F22Q20330746,21,0
F23Q20167770,21,0
F22Q30241987,16,0
F23Q30154653,13,0
F22Q20433135,8,1
F23Q20227168,23,0
F23Q20010293,14,0
F22Q10135086,19,0
F23Q20093787,18,0
F22Q10385943,14,0
F22Q10488844,11,1
F22Q30093206,17,0
F22Q20194007,3,1
F23Q30009587,15,0
F23Q20187647,11,1
F22Q30257510,5,1
F22Q30096468,24,0
F22Q10149860,23,0
F23Q20073142,13,0
F23Q30247959,11,1
F23Q20088616,10,1
F22Q30047761,16,0
F22Q10468313,10,1
F22Q20275415,9,1
F23Q20197617,21,0
F23Q10031203,18,0
F23Q10115155,23,0
F22Q40196067,8,1
F22Q30247871,15,0
F22Q40010763,24,0
F23Q20153455,22,0
F23Q10156708,15,0
F22Q10313562,18,0
F22Q10156128,19,0
F22Q30277250,21,0
F23Q30130251,16,0
F22Q20132681,13,0
F23Q20205213,20,0
F22Q20065224,11,1
F23Q20066855,15,0
F23Q30222475,15,0
F23Q10042574,22,0
F22Q20130451,17,0
F22Q40171904,14,0
F22Q20231417,5,1
F23Q10063684,17,0
F23Q30192865,13,0
F22Q30155089,10,1
F22Q40138009,19,0
F22Q20225493,14,0
F22Q40190110,23,0
F22Q10229109,20,0
F23Q20218192,19,0
F23Q20232623,16,0
F22Q10050716,8,1
F23Q30138507,23,0
F23Q30184801,5,1
F22Q30303479,10,1
F22Q40207621,23,0
F22Q30229102,24,0
F22Q10077620,24,0
F22Q20103844,16,0
F22Q30218928,24,0
F23Q10093381,9,1
F23Q30132687,18,0
F22Q30233960,10,1
F22Q40006464,21,0
F23Q30030928,7,1
F23Q30194633,9,1
F22Q30164717,11,1
F22Q10316051,9,1
F22Q30039774,11,1
F22Q10523243,20,0
F23Q10029165,11,1
F22Q20132754,17,0
F22Q40167245,12,1
F22Q10271327,9,1
F22Q20271702,5,1
F22Q10166857,10,1
F22Q20075787,19,0
F22Q10578164,15,0
F23Q20037201,20,0
F23Q10142764,20,0
F23Q30189931,4,1
F22Q20032850,22,0
F22Q20328734,9,1
F22Q10376750,12,1
F22Q10258928,13,0
F22Q20267770,6,1
F23Q20246316,17,0
F23Q20095861,18,0
F22Q20209497,14,0
F23Q20139012,18,0
F22Q10376855,3,1
F22Q30032265,5,1
F23Q30111056,16,0
F22Q40150414,15,0
F23Q20044598,18,0
F23Q20121306,17,0
F22Q30129760,17,0
F22Q30101213,15,0
F23Q10027233,11,1
F23Q20275509,10,1
F22Q30265485,14,0
F22Q30275553,6,1
F22Q20364349,23,0
F22Q40196817,15,0
F22Q10389420,17,0
F23Q30131481,17,0
F22Q30013804,22,0
F22Q10495924,16,0
F22Q20152463,15,0
F22Q20292379,23,0
F23Q20271970,17,0
F22Q10136374,11,1
F23Q20242910,11,1
F23Q20267566,10,1
F23Q30208813,15,0
F22Q20356924,9,1
F22Q40089317,24,0
F22Q20319477,17,0
F22Q20211114,6,1
F22Q10172600,22,0
F23Q30019229,15,0
F23Q10129108,19,0
F23Q20192821,10,1
F22Q40196549,10,1
F22Q40172462,8,1
F22Q40133771,16,0
F22Q10102330,13,0
F22Q10091323,15,0
F22Q10033856,24,0
F23Q10052055,16,0
F22Q10149584,8,1
F22Q30315205,4,1
F23Q30225376,16,0
F22Q30126080,9,1
F23Q30198903,15,0
F22Q30070724,23,0
F22Q30166888,14,0
F22Q30032533,13,0
F23Q10100461,10,1
F22Q20336126,15,0
F23Q10149728,19,0
F22Q40217182,14,0
F22Q20407474,17,0
F22Q30082718,14,0
F22Q10012333,12,1
F22Q20232894,7,1
F23Q10017143,18,0
F22Q10113554,21,0
F22Q20240687,21,0
F22Q40091880,6,1
F22Q10190933,19,0
F23Q30170645,10,1
F22Q10401277,9,1
F22Q20028300,18,0
F22Q10029555,11,1
F22Q20140084,19,0
F22Q10103440,13,0
F22Q40019451,23,0
F23Q10144611,13,0
F23Q30192877,14,0
F22Q30326034,12,1
F23Q10009597,5,1
F23Q20264465,21,0
F23Q10140330,15,0
F23Q10177143,14,0
F22Q10542795,6,1
F22Q10352649,11,1
F23Q10035621,3,1
F23Q20023028,14,0
F22Q10456526,13,0
F22Q30082170,10,1
F22Q40137201,24,0
F22Q20403957,13,0
F22Q30329893,13,0
F23Q30012607,16,0
F22Q10081082,8,1
F23Q30138368,24,0
F22Q40187944,14,0
F22Q10411952,20,0
F22Q20188097,9,1
F23Q10149576,11,1
F22Q30265163,24,0
F23Q10060274,13,0
F23Q20112029,5,1
F23Q20219148,19,0
F22Q20175383,14,0
F23Q30020671,13,0
F23Q30141402,23,0
F23Q10051712,10,1
F22Q20399101,22,0
F22Q20175345,9,1
F22Q30242210,22,0
F22Q10549573,20,0
F22Q20188901,5,1
F22Q10465924,10,1
F22Q10016021,17,0
F22Q40067442,3,1
F22Q30239076,21,0
F23Q20034638,7,1
F23Q30204118,15,0
F22Q10578922,21,0
F23Q30259036,8,1
F22Q20416342,22,0
F23Q30132677,17,0
F22Q40086545,24,0
F22Q40118057,24,0
F23Q10127031,8,1
F22Q40162062,7,1
F22Q10246725,23,0
F22Q20251713,19,0
F22Q20427145,12,1
F23Q10036333,11,1
F22Q30104257,24,0
F22Q10538004,8,1
F23Q10134374,19,0
F22Q20191395,23,0
F22Q20339847,17,0
F23Q30126085,13,0
F22Q10051616,11,1
F23Q30035793,12,1
F22Q20262594,14,0
F22Q20302901,6,1
F22Q40104378,19,0
F22Q20361895,21,0
F22Q30008070,8,1
F22Q20128055,6,1
F22Q40210353,7,1
F22Q10024227,5,1
F22Q10204612,21,0
F22Q30204647,7,1
F23Q30077049,15,0
F22Q10476055,23,0
F23Q30132183,16,0
F22Q10121588,12,1
F22Q10565236,11,1
F23Q20115185,6,1
F23Q30119235,15,0
F22Q10401598,22,0
F22Q30318457,10,1
F22Q10176275,22,0
F22Q10117812,5,1
F23Q30019191,17,0
F23Q20104497,19,0
F22Q10108397,4,1
F23Q30015718,14,0
F22Q30026933,17,0
F22Q10255628,12,1
F22Q40025923,20,0
F22Q10447255,10,1
F23Q20213453,19,0
F22Q30076565,23,0
F22Q20062494,12,1
F22Q20130959,20,0
F22Q30133044,21,0
F22Q20317696,22,0
F22Q40023352,10,1
F22Q10182152,7,1
F22Q20257527,10,1
F23Q20066533,12,1
F22Q10422639,4,1
F23Q30144650,17,0
F22Q20151341,7,1
F22Q30195729,15,0
F23Q30029379,24,0
F23Q30016378,19,0
F23Q30062188,20,0
F22Q10495573,24,0
F22Q20229362,19,0
F22Q40020014,10,1
F23Q20215399,11,1
F22Q40103750,10,1
F23Q20002556,17,0
F22Q20246112,19,0
F22Q20213634,6,1
F22Q20110070,5,1
F23Q20183768,4,1
F22Q20435930,5,1
F23Q20196634,19,0
F22Q20115484,21,0
F23Q20238021,16,0
F22Q30299952,9,1
F22Q40010651,12,1
F23Q10015548,19,0
F22Q20254542,13,0
F22Q30089542,18,0
F22Q20084308,22,0
F22Q20391241,14,0
F22Q40119822,20,0
F22Q40190619,12,1
F23Q10050947,5,1
F22Q20406658,8,1
F22Q20286413,13,0
F22Q30323577,18,0
F23Q10137824,19,0
F23Q10035113,9,1
F23Q10098469,20,0
F22Q30092326,20,0
F22Q40189907,23,0
F23Q10163968,23,0
F22Q30229546,12,1
F22Q20089509,21,0
F23Q30259304,12,1
F23Q10013121,7,1
F23Q10176733,24,0
F22Q10481859,7,1
F23Q10037025,19,0
F23Q30254845,20,0
F23Q20085809,18,0
F22Q10548765,10,1
F22Q20238687,4,1
F23Q30259368,14,0
F22Q20033466,19,0
F23Q10018027,24,0
F22Q20356370,6,1
F22Q20380270,15,0
F22Q40192956,22,0
F23Q20189501,14,0
F22Q20219664,8,1
F23Q20030708,9,1
F22Q10406585,12,1
F23Q20229985,11,1
F22Q30130446,20,0
F23Q10109026,4,1
F23Q30095992,16,0
F22Q10196233,11,1
F23Q30171736,17,0
F22Q40000791,13,0
F22Q20190584,5,1
F22Q30300233,15,0
F22Q10358231,16,0
F22Q20044229,16,0
F22Q40093262,24,0
F22Q30005365,21,0
F23Q30065960,8,1
F23Q20136279,13,0
F22Q10381303,4,1
F22Q40103071,22,0
F22Q40061436,19,0
F22Q10351156,24,0
F22Q20042691,6,1
F22Q10366136,12,1
F22Q10443734,14,0
F22Q10360262,20,0
F23Q10013258,24,0
F23Q20103733,12,1
F23Q20008557,21,0
F22Q30159632,9,1
F22Q10094668,11,1
F22Q30233926,22,0
F22Q40202221,20,0
F22Q40028156,23,0
F22Q10572832,21,0
F23Q20272531,24,0
F22Q30022001,10,1
F22Q40015160,21,0
F22Q30062275,14,0
F23Q30197797,16,0
F22Q20346136,13,0
F22Q30099632,10,1
F22Q10137173,18,0
F23Q30242480,23,0
F23Q20002481,14,0
F23Q30223768,6,1
F22Q40054251,14,0
F22Q20312963,15,0
F22Q10324491,21,0
F22Q40096257,18,0
F22Q20114141,17,0
F23Q20208058,8,1
F22Q20351342,3,1
F23Q10122076,21,0
F23Q30151597,8,1
F23Q10020736,6,1
F22Q20197521,14,0
F22Q20225539,16,0
F22Q40056568,7,1
F23Q20202665,17,0
F23Q20070860,23,0
F22Q40199252,12,1
F23Q30215902,11,1
F22Q20401143,22,0
F23Q30054154,17,0
F22Q10427186,13,0
F22Q40048709,7,1
F22Q20337474,12,1
F22Q20065418,19,0
F22Q10503126,8,1
F22Q10083324,21,0
F22Q40084226,24,0
F22Q10071058,17,0
F22Q20275584,22,0
F22Q10494319,9,1
F22Q40063646,24,0
F22Q40100219,17,0
F23Q10055100,7,1
F22Q20290501,16,0
F23Q20237934,14,0
F22Q10183675,17,0
F23Q10094903,19,0
F22Q10194153,20,0
F23Q10078807,23,0
F22Q40174689,12,1
F22Q20214578,8,1
F22Q10423541,5,1
F23Q30169377,20,0
F23Q10092937,16,0
F23Q30162118,12,1
F22Q30245225,23,0
F23Q20127339,11,1
F22Q30321963,24,0
F23Q20004006,4,1
F22Q20219829,13,0
F22Q30024757,24,0
F22Q30203277,10,1
F22Q10221130,23,0
F22Q10211038,17,0
F22Q20408234,5,1
F22Q10368253,7,1
F22Q10428012,4,1
F22Q30258681,20,0
F23Q20162748,7,1
F22Q20166311,4,1
F23Q20221314,14,0
F23Q30139630,17,0
F23Q10092312,6,1
F23Q20075439,15,0
F22Q20234918,12,1
F22Q20171252,4,1
F23Q30134717,22,0
F23Q10113755,14,0
F22Q40024870,21,0
F22Q20038382,6,1
F23Q10178045,11,1
F22Q10011026,17,0
F23Q30028879,6,1
F22Q40182870,14,0
F22Q10285964,9,1
F22Q10215895,6,1
F22Q10419755,21,0
F23Q20006702,14,0
F23Q10053530,11,1
F23Q10029589,21,0
F22Q40008372,23,0
F22Q40170159,24,0
F22Q10533891,20,0
F22Q20103691,18,0
F23Q20158040,5,1
F22Q10460376,15,0
F22Q30048131,17,0
F22Q40166829,23,0
F22Q40020750,22,0
F22Q30175795,13,0
F22Q10369019,11,1
F22Q10083287,17,0
F22Q10161354,23,0
F22Q10504485,21,0
F23Q20255009,21,0
F22Q40174030,16,0
F22Q10562731,24,0
F22Q30198909,20,0
F23Q20178714,7,1
F22Q20422755,6,1
F22Q20308008,20,0
F22Q20115410,16,0
F22Q10026281,24,0
F22Q30017453,15,0
F23Q20266196,13,0
F22Q30336063,6,1
F23Q20062585,20,0
F22Q30078670,6,1
F23Q10088359,20,0
F23Q20101058,17,0
F22Q30074551,22,0
F22Q40185851,12,1
F22Q20350799,5,1
F23Q10145751,21,0
F23Q10117761,18,0
F22Q20064979,23,0
F23Q10118658,12,1
F23Q30114507,11,1
F22Q40052279,20,0
F23Q20210547,16,0
F22Q10453556,23,0
F22Q20253439,24,0
F22Q10042897,6,1
F22Q20021973,10,1
F22Q20407122,14,0
F22Q30265476,9,1
F23Q30196248,22,0
F22Q30072623,22,0
F22Q30081707,22,0
F22Q40165490,24,0
F22Q30164246,7,1
F23Q30249635,7,1
F22Q40000054,14,0
F23Q30155939,20,0
F22Q30216561,18,0
F22Q40032157,9,1
F22Q10117167,3,1
F22Q20206832,24,0
F22Q20299168,3,1
F23Q20018514,15,0
F23Q20190981,24,0
F23Q30241209,18,0
F22Q40215423,24,0
F22Q20354584,15,0
F22Q30313573,22,0
F22Q10051051,23,0
F23Q30094895,24,0
F23Q20267838,21,0
F22Q10151010,12,1
F22Q20348844,14,0
F22Q20261375,15,0
F22Q30220628,23,0
F22Q20402350,5,1
F23Q30132748,13,0
F23Q20083991,11,1
F22Q40182802,14,0
F23Q10092705,9,1
F23Q30251405,16,0
F22Q40196901,6,1
F23Q20187135,18,0
F23Q10018898,24,0
F22Q10416925,13,0
F22Q40218263,13,0
F22Q20152585,19,0
F22Q30013945,7,1
F23Q30231670,13,0
F22Q10503995,14,0
F22Q30027355,22,0
F22Q40095553,17,0
F22Q40123029,13,0
F23Q30026962,13,0
F23Q20058955,13,0
F22Q20329796,15,0
F22Q30159609,23,0
F23Q20061586,7,1
F22Q30292080,6,1
F22Q20432557,10,1
F22Q40104534,15,0
F22Q20046576,5,1
F22Q40164618,8,1
F23Q20041946,20,0
F22Q30025316,7,1
F23Q10183171,19,0
F23Q20192075,3,1
F23Q30131337,12,1
F22Q20321402,18,0
F23Q10171392,5,1
F22Q40002217,20,0
F22Q30130941,11,1
F23Q30092327,21,0
F23Q30173893,4,1
F22Q20038357,5,1
F22Q20157300,13,0
F23Q20182153,16,0
F22Q30180003,11,1
F23Q20160451,13,0
F22Q40031107,24,0
F22Q40014167,12,1
F22Q20072403,15,0
F22Q10061091,17,0
F22Q20402358,13,0
F22Q20283284,7,1
F23Q20126029,14,0
F22Q20074469,12,1
F22Q30156577,11,1
F22Q20379734,16,0
F23Q10102486,14,0
F22Q20133645,21,0
F22Q30234094,3,1
F22Q30130567,15,0
F22Q20007591,10,1
F22Q10553435,10,1
F22Q30029006,20,0
F22Q40160539,13,0
F22Q20358130,7,1
F23Q30111810,7,1
F22Q20121901,13,0
F23Q20203537,4,1
F22Q30279408,17,0
F23Q30184345,20,0
F22Q40131981,11,1
F22Q30186326,18,0
F22Q30198937,18,0
F22Q10016257,7,1
F22Q10213852,20,0
F22Q30021440,17,0
F22Q40152620,12,1
F22Q10384047,4,1
F22Q10475252,18,0
F22Q10522236,24,0
F23Q20107500,13,0
F22Q20406117,11,1
F23Q20246697,24,0
F22Q20390622,9,1
F23Q20160288,11,1
F22Q10359963,11,1
F22Q20227734,5,1
F23Q30220187,16,0
F22Q30092723,9,1
F22Q20436879,8,1
F22Q30160406,24,0
F22Q40015080,12,1
F23Q20274326,21,0
F23Q20133420,22,0
F23Q30148983,17,0
F22Q10075960,6,1
F22Q40009846,19,0
F22Q20391981,16,0
F23Q20100179,19,0
F23Q10110092,21,0
F23Q10078506,23,0
F22Q10331050,12,1
F22Q20009940,6,1
F22Q10455010,17,0
F22Q30007358,7,1
F22Q30046418,14,0
F22Q10516220,24,0
F22Q10109496,13,0
F22Q20327249,15,0
F22Q10168607,23,0
F22Q20354949,5,1
F22Q30069775,15,0
F23Q20097082,14,0
F22Q20278665,5,1
F23Q30237834,22,0
F22Q20217872,13,0
F23Q30062431,14,0
F22Q20013239,8,1
F22Q20041805,12,1
F23Q20207952,17,0
F23Q30082633,12,1
F22Q40202258,7,1
F22Q20383612,23,0
F22Q20222226,21,0
F22Q20066636,16,0
F23Q30228778,16,0
F23Q30099729,24,0
F22Q30276281,6,1
F23Q30222750,21,0
F22Q30159889,24,0
F22Q30059689,18,0
F22Q20056450,9,1
F23Q30058455,15,0
F22Q10539449,23,0
F23Q30137231,12,1
F23Q30244679,18,0
F22Q30321577,21,0
F23Q30136149,20,0
F23Q20191509,18,0
F22Q20208196,18,0
F22Q20226415,15,0
F22Q30052403,23,0
F22Q20365339,13,0
F22Q10279884,7,1
F22Q10491131,10,1
F22Q20437913,16,0
F23Q10093382,20,0
F23Q30060502,14,0
F22Q10331143,16,0
F22Q20033989,11,1
F22Q10476436,19,0
F23Q20040455,14,0
F22Q20040862,11,1
F22Q10252718,10,1
F22Q30204563,18,0
F23Q20119325,13,0
F23Q30048785,4,1
F23Q10077286,24,0
F22Q30316157,8,1
F22Q20379959,22,0
F22Q10530094,11,1
F23Q20024699,19,0
F23Q10095101,9,1
F23Q30137795,14,0
F22Q20078389,17,0
F22Q30168408,13,0
F22Q20404858,19,0
F22Q20016235,6,1
F23Q10165646,19,0
F22Q30043017,19,0
F22Q10238680,24,0
F22Q30006232,12,1
F22Q10404056,15,0
F23Q30098208,20,0
F22Q10581703,20,0
F22Q20381024,8,1
F23Q10019299,11,1
F22Q30293510,9,1
F22Q30003453,10,1
F23Q30237725,21,0
F23Q30087346,19,0
F22Q20100166,23,0
F23Q10130858,21,0
F22Q40158864,5,1
F22Q20111041,17,0
F23Q20178664,24,0
F23Q30116269,12,1
F22Q30087410,8,1
F23Q20169893,8,1
F23Q30203537,11,1
F22Q40116247,23,0
F23Q20165227,6,1
F22Q30056899,17,0
F22Q30237495,15,0
F22Q20042103,17,0
F23Q10051793,11,1
F22Q30155975,10,1
F22Q10256351,13,0
F22Q30322788,4,1
F22Q10031271,17,0
F22Q10403718,4,1
F23Q20191717,9,1
F22Q10287594,6,1
F22Q10262838,9,1
F23Q30231650,21,0
F22Q10031575,14,0
F22Q40125064,13,0
F23Q30035785,11,1
F22Q40112565,20,0
F22Q30000313,20,0
F23Q10050939,6,1
F22Q20166512,8,1
F22Q10416582,11,1
F22Q10484187,12,1
F22Q30312145,14,0
F22Q20033559,11,1
F22Q30106705,19,0
F23Q30174057,11,1
F22Q20339125,5,1
F22Q10156548,17,0
F22Q10177371,13,0
F22Q20077077,17,0
F22Q20285881,15,0
F22Q10051853,7,1
F22Q40046716,16,0
F22Q10389480,11,1
F22Q10087963,22,0
F22Q20237112,16,0
F22Q30291173,11,1
F22Q20213047,24,0
F22Q40022234,22,0
F22Q20094128,15,0
F22Q30005154,22,0
F23Q20115700,14,0
F22Q20233555,4,1
F22Q40072616,17,0
F22Q20324920,9,1
F22Q10400721,11,1
F23Q20264215,19,0
F22Q20338123,13,0
F22Q20276223,8,1
F22Q10430065,16,0
F22Q40012458,4,1
F22Q10383032,17,0
F23Q10069945,23,0
F23Q20224994,22,0
F23Q20256152,18,0
F22Q10142278,22,0
F23Q10131097,10,1
F23Q10140263,10,1
F22Q20377706,6,1
F22Q40129091,15,0
F23Q30165904,15,0
F23Q10181509,23,0
F22Q20012599,15,0
F22Q10497980,18,0
F22Q30323303,11,1
F23Q20271464,6,1
F22Q40087478,4,1
F22Q10466497,15,0
F23Q10093215,8,1
F22Q40144989,4,1
F22Q10442522,19,0
F22Q20181799,24,0
F22Q40182130,4,1
F23Q20115987,14,0
F23Q10049699,6,1
F22Q20417867,4,1
F22Q40101705,10,1
F23Q10145513,7,1
F22Q40011129,23,0
F22Q40148970,19,0
F22Q40073061,16,0
F22Q30266112,23,0
F22Q20291803,14,0
F22Q10162254,21,0
F22Q10399965,17,0
F22Q30108300,18,0
F22Q40182788,23,0
F23Q30019484,20,0
F23Q20252918,16,0
F23Q30178922,4,1
F22Q40082358,18,0
F23Q20088084,5,1
F22Q30102480,5,1
F23Q10131258,14,0
F23Q20242490,13,0
F22Q30096749,10,1
F23Q10128012,12,1
F22Q30332322,23,0
F22Q20228637,7,1
F23Q20189752,23,0
F23Q10157081,22,0
F23Q30114119,14,0
F23Q10088381,6,1
F22Q20064877,9,1
F23Q20224429,17,0
F23Q20028093,17,0
F23Q30098459,23,0
F22Q20187306,18,0
F23Q30051540,24,0
F22Q30236137,24,0
F22Q20265763,24,0
F22Q40158616,12,1
F22Q30109197,13,0
F23Q30249099,18,0
F22Q10246066,12,1
F22Q20423013,11,1
F23Q30235504,18,0
F22Q20316414,5,1
F22Q40077251,18,0
F22Q30161168,21,0
F22Q10484131,20,0
F22Q10163922,11,1
F23Q20269653,18,0
F23Q30142909,13,0
F23Q30108255,18,0
F22Q40204830,24,0
F22Q40161833,12,1
F22Q40068653,11,1
F23Q20076944,15,0
F22Q40188791,19,0
F23Q20115468,16,0
F22Q20138224,8,1
F22Q10307425,16,0
F22Q20437962,7,1
F23Q20228185,3,1
F22Q40192410,21,0
F23Q30180439,11,1
F22Q40122488,17,0
F23Q20199452,19,0
F23Q30207896,20,0
F22Q20019726,13,0
F22Q40100973,5,1
F22Q10394509,8,1
F23Q20165583,16,0
F23Q30028473,4,1
F22Q10263381,14,0
F23Q20102528,20,0
F22Q20264770,13,0
F23Q20251436,17,0
F23Q30195487,21,0
F22Q10276413,14,0
F22Q10565914,10,1
F23Q30231803,14,0
F22Q20340086,6,1
F23Q30144695,21,0
F22Q30019839,5,1
F22Q20171354,15,0
F22Q20360125,20,0
F22Q30183344,8,1
F22Q30059479,12,1
F22Q10024581,7,1
F23Q30050732,21,0
F22Q20352969,18,0
F22Q10400475,15,0
F22Q30076349,13,0
F22Q30189940,7,1
F22Q10561660,18,0
F23Q30251134,18,0
F22Q10284429,16,0
F23Q30077523,12,1
F22Q10550573,14,0
F22Q30288325,21,0
F22Q10036826,10,1
F22Q40190637,15,0
F22Q40127555,8,1
F22Q20252694,22,0
F22Q40004730,12,1
F22Q10534143,11,1
F22Q40039649,22,0
F22Q10395865,9,1
F23Q10084964,19,0
F23Q30097875,24,0
F22Q10425343,9,1
F22Q10515551,22,0
F22Q20014001,16,0
F22Q20251072,16,0
F22Q20132204,17,0
F22Q20356897,9,1
F23Q30164551,22,0
F22Q10375903,19,0
F22Q20162679,7,1
F22Q20311451,7,1
F22Q30248440,10,1
F22Q10289591,11,1
F22Q40159100,13,0
F22Q20088996,13,0
F22Q30224918,17,0
F22Q10055086,20,0
F22Q20351295,8,1
F22Q30153379,22,0
F22Q10152983,5,1
F22Q10385235,21,0
F23Q10126742,22,0
F22Q30193069,7,1
F22Q20232109,17,0
F23Q20179505,11,1
F22Q10343238,18,0
F22Q40020230,22,0
F23Q20275480,19,0
F22Q10468367,20,0
F22Q10033543,15,0
F23Q20070456,17,0
F23Q30260188,10,1
F23Q30262375,18,0
F22Q20196091,10,1
F22Q10263255,21,0
F22Q10110866,17,0
F22Q40005058,14,0
F23Q20091734,19,0
F22Q10075168,21,0
F22Q20051053,18,0
F23Q20208166,23,0
F22Q40091924,4,1
F22Q20240169,17,0
F22Q30266719,5,1
F23Q20082948,7,1
F23Q10002994,8,1
F23Q10039533,18,0
F22Q10328494,10,1
F22Q20329870,22,0
F23Q20215328,15,0
F23Q20080157,7,1
F22Q10358611,14,0
F22Q40200952,7,1
F22Q20200299,22,0
F23Q30245132,14,0
F22Q30126946,23,0
F22Q10568616,16,0
F23Q10155657,23,0
F22Q10132123,3,1
F23Q20002058,20,0
F23Q20104230,24,0
F22Q20007162,7,1
F22Q10267248,6,1
F22Q40062848,12,1
F23Q30147070,18,0
F23Q20036658,4,1
F22Q20237450,6,1
F22Q10439156,17,0
F23Q20124988,3,1
F22Q20062713,24,0
F23Q30247630,13,0
F22Q40000799,9,1
F22Q20239777,10,1
F22Q20247400,23,0
F22Q30188647,19,0
F22Q10484478,10,1
F22Q20048967,7,1
F22Q20062135,3,1
F22Q10414916,4,1
F22Q20432591,12,1
F22Q20416701,18,0
F22Q10213947,4,1
F22Q10439805,8,1
F22Q10286172,19,0
F22Q10309159,17,0
F22Q20247304,3,1
F22Q30012165,24,0
F22Q30120808,24,0
F22Q10513636,7,1
F22Q10347329,7,1
F22Q20386803,6,1
F22Q40103997,22,0
F22Q30133029,6,1
F22Q20287382,19,0
F22Q30174202,23,0
F23Q20026547,23,0
F22Q10489324,24,0
F22Q30098866,15,0
F23Q30127728,6,1
F22Q30183920,5,1
F22Q30163126,24,0
F22Q10517002,13,0
F22Q30030904,20,0
F22Q40051356,15,0
F23Q10128872,13,0
F22Q20361110,21,0
F22Q10447287,7,1
F22Q10297809,9,1
F23Q30056623,23,0
F23Q30034518,16,0
F22Q10337804,12,1
F23Q20142497,7,1
F23Q30126626,18,0
F22Q20141350,5,1
F22Q20427890,19,0
F22Q40209580,7,1
F22Q10383624,18,0
F22Q10501250,23,0
F22Q40147252,19,0
F22Q30168287,11,1
F22Q40040126,7,1
F22Q40028308,23,0
F23Q20261707,17,0
F22Q10348213,9,1
F22Q10193578,9,1
F22Q10360948,4,1
F22Q30281291,12,1
F22Q30016818,15,0
F22Q40041317,23,0
F22Q40083202,8,1
F23Q20169866,22,0
F23Q20273593,9,1
F23Q30121939,11,1
F22Q10016392,19,0
F22Q10548198,12,1
F22Q10188535,5,1
F23Q20193489,20,0
F23Q30124784,12,1
F22Q20146231,9,1
F23Q20222048,7,1
F22Q40030433,19,0
F22Q30154679,9,1
F22Q10400681,12,1
F22Q40204443,10,1
F22Q30060496,22,0
F22Q10099622,19,0
F22Q10224300,20,0
F23Q30003193,14,0
F22Q20427176,6,1
F22Q30142752,5,1
F22Q10333561,12,1
F23Q30031562,7,1
F22Q30291240,23,0
F23Q20176499,5,1
F23Q30166964,19,0
F22Q20086731,5,1
F22Q30105247,17,0
F22Q30179834,11,1
F22Q40159069,23,0
F22Q30224343,10,1
F22Q10266691,8,1
F22Q20407016,9,1
F22Q20430334,15,0
F22Q40041599,24,0
F22Q10360828,14,0
F23Q20226750,16,0
F22Q20184772,5,1
F22Q10439157,14,0
F22Q30283360,4,1
F22Q10265640,17,0
F22Q20148318,18,0
F22Q40033047,13,0
F22Q40176524,13,0
F22Q10495482,6,1
F23Q10127456,13,0
F22Q10501181,24,0
F22Q30240960,9,1
F22Q40047364,14,0
F23Q10025791,18,0
F22Q20080015,21,0
F22Q10131526,23,0
F22Q20152174,11,1
F22Q10355011,9,1
F22Q10251260,21,0
F22Q30093707,6,1
F23Q10149518,13,0
F23Q30167221,24,0
F22Q10274525,15,0
F23Q20165923,5,1
F22Q30275514,14,0
F23Q30026471,23,0
F22Q20098129,13,0
F22Q30129669,8,1
F22Q20231197,5,1
F22Q20125854,19,0
F22Q10022788,10,1
F22Q40141170,22,0
F22Q30056646,8,1
F22Q40069617,24,0
F22Q40060291,21,0
F22Q30164504,15,0
F22Q40003408,12,1
F22Q40139320,22,0
F22Q20372453,12,1
F22Q20011091,22,0
F23Q10068513,3,1
F22Q10423690,13,0
F22Q10422274,18,0
F23Q20225076,23,0
F23Q30135051,16,0
F22Q10129369,9,1
F22Q20288453,7,1
F22Q40025847,23,0
F22Q10212515,8,1
F22Q40138207,10,1
F22Q40042429,5,1
F22Q10215363,12,1
F22Q20260206,23,0
F22Q40028162,22,0
F22Q30135392,14,0
F22Q30191593,8,1
F23Q20101319,16,0
F22Q10325823,10,1
F23Q20079977,13,0
F22Q20057975,4,1
F23Q30048146,3,1
F23Q30114809,11,1
F22Q10552784,23,0
F22Q40204902,22,0
F23Q20097903,18,0
F22Q30318281,21,0
F22Q20265174,19,0
F22Q10049697,4,1
F22Q30020668,22,0
F22Q40158993,8,1
F22Q10298245,15,0
F22Q10181989,20,0
F22Q40072491,13,0
F22Q40127385,23,0
F22Q40045626,20,0
F22Q20220324,12,1
F23Q30172742,22,0
F22Q20023008,14,0
F22Q30025484,16,0
F22Q30228394,7,1
F22Q20119193,7,1
F22Q20121182,11,1
F22Q30263015,14,0
F22Q10065594,6,1
F22Q20298248,4,1
F22Q30292421,20,0
F22Q10134254,18,0
F23Q20064263,9,1
F22Q30150614,13,0
F22Q10447773,15,0
F22Q20259893,16,0
F23Q10046702,22,0
F22Q30167618,14,0
F23Q30015648,16,0
F23Q20186789,4,1
F22Q10038143,15,0
F22Q30034687,10,1
F23Q20263962,10,1
F22Q30212398,13,0
F23Q10128721,16,0
F22Q20147679,16,0
F23Q30229775,13,0
F22Q20132689,15,0
F23Q20004811,21,0
F22Q40010159,11,1
F22Q20287862,4,1
F22Q20231569,12,1
F23Q20059489,10,1
F23Q30177774,6,1
F23Q10089415,20,0
F22Q40027329,23,0
F22Q10325784,20,0
F22Q10379466,8,1
F22Q20279908,7,1
F22Q10014386,16,0
F23Q20177120,18,0
F22Q10332939,14,0
F22Q30245736,20,0
F22Q10396145,15,0
F23Q20056787,10,1
F22Q30294498,11,1
F22Q40174215,11,1
F22Q30085678,18,0
F22Q30014575,6,1
F23Q20148500,22,0
F23Q10138014,10,1
F22Q10443538,5,1
F22Q30270803,22,0
F22Q40131912,4,1
F22Q30337049,8,1
F22Q30250654,4,1
F23Q30031727,22,0
F22Q20107111,12,1
F22Q40038758,17,0
F22Q30186246,6,1
F23Q20190956,5,1
F22Q30149843,3,1
F23Q10097071,23,0
F22Q10006612,22,0
F22Q40034314,22,0
F23Q20034372,3,1
F22Q40081897,21,0
F22Q10463257,22,0
F22Q30158305,14,0
F23Q10094566,22,0
F23Q10133800,11,1
F22Q20194020,16,0
F22Q30110343,4,1
F22Q40074288,24,0
F22Q40111150,24,0
F23Q10000804,20,0
F23Q20211586,24,0
F22Q40112023,24,0
F22Q20277784,8,1
F23Q10158472,18,0
F23Q30040615,7,1
F22Q20267137,16,0
F23Q20236409,24,0
F22Q30226559,16,0
F23Q20168566,20,0
F23Q30146858,18,0
F22Q10354994,7,1
F22Q20103728,21,0
F22Q30197587,17,0
F22Q40160701,3,1
F22Q40000122,23,0
F22Q40210881,12,1
F22Q10070412,8,1
F23Q10135608,18,0
F22Q20070207,10,1
F22Q20250918,12,1
F22Q30336081,8,1
F22Q40212566,5,1
F23Q10009686,8,1
F22Q20354646,5,1
F22Q40054299,6,1
F23Q30200508,5,1
F22Q20007625,17,0
F23Q20205322,20,0
F23Q30016088,9,1
F22Q40043604,6,1
F23Q10085459,11,1
F22Q40189159,3,1
F23Q30088494,12,1
F22Q30175650,11,1
F22Q30318625,10,1
F22Q20142916,15,0
F22Q10120100,7,1
F22Q10270104,19,0
F22Q20203162,20,0
F22Q10240350,21,0
F22Q10048933,5,1
F22Q40098749,12,1
F22Q20236858,16,0
F23Q30020210,10,1
F22Q10418403,21,0
F22Q10411131,16,0
F23Q10005651,18,0
F22Q30293177,3,1
F23Q30229830,13,0
F23Q30069233,11,1
F22Q30325239,21,0
F22Q30013840,15,0
F23Q10003723,15,0
F23Q20273573,14,0
F22Q10126078,8,1
F22Q20412311,15,0
F22Q20253887,17,0
F23Q20139485,17,0
F23Q10021419,6,1
F22Q40151535,16,0
F22Q30185223,9,1
F22Q20129358,19,0
F22Q20079148,5,1
F22Q10331991,11,1
F23Q20158001,4,1
F22Q40109196,10,1
F22Q10232458,14,0
F22Q40123322,8,1
F23Q20102242,4,1
F23Q10014252,3,1
F22Q20244286,12,1
F22Q10433055,12,1
F23Q30244606,20,0
F22Q10443318,3,1
F22Q30211661,9,1
F22Q10175841,16,0
F22Q30019507,15,0
F22Q20153091,18,0
F22Q10103907,6,1
F22Q10152222,9,1
F23Q20234834,5,1
F23Q20068254,10,1
F22Q20348298,5,1
F23Q30106193,12,1
F22Q20372812,22,0
F22Q30007232,12,1
F23Q30096596,4,1
F22Q10289499,11,1
F22Q40141650,17,0
F22Q10098960,9,1
F23Q20038144,13,0
F23Q20122662,17,0
F23Q20112309,24,0
F23Q30014820,24,0
F22Q30310458,23,0
F22Q10073459,18,0
F22Q40209735,12,1
F22Q30232578,5,1
F22Q20233923,8,1
F22Q30005224,24,0
F22Q20363223,10,1
F22Q30261315,20,0
F22Q10005371,4,1
F23Q30251341,22,0
F22Q30241897,20,0
F22Q20223723,8,1
F22Q30129781,4,1
F22Q20393773,16,0
F22Q30179708,13,0
F23Q10013479,24,0
F22Q40149666,23,0
F23Q30191813,13,0
F22Q40110727,11,1
F23Q30259039,22,0
F22Q20154958,7,1
F22Q20245912,13,0
F23Q30009620,9,1
F23Q20087469,17,0
F22Q10302631,7,1
F22Q20070964,7,1
F23Q30080401,5,1
F23Q30019345,11,1
F22Q20169826,10,1
F23Q30110788,7,1
F22Q30259458,6,1
F23Q30222338,10,1
F22Q40069541,21,0
F22Q40090100,23,0
F22Q10137210,17,0
F22Q30044640,5,1
F22Q20024855,23,0
F23Q10108471,17,0
F22Q20171864,23,0
F22Q10373171,11,1
F22Q10530007,14,0
F22Q40091693,16,0
F22Q20127161,6,1
F22Q10033613,7,1
F23Q30172171,9,1
F22Q30113207,23,0
F22Q20209967,4,1
F23Q20192425,18,0
F22Q30206834,12,1
F23Q10001503,20,0
F23Q20108293,11,1
F22Q40020208,8,1
F22Q30222035,4,1
F22Q40015498,3,1
F23Q10090491,8,1
F22Q10501734,22,0
F23Q20100645,21,0
F22Q20393054,12,1
F22Q40002487,22,0
F22Q10104375,10,1
F22Q30007368,10,1
F22Q30054434,23,0
F22Q10540100,24,0
F22Q40192393,22,0
F22Q30327373,14,0
F22Q30126953,12,1
F23Q10146834,22,0
F22Q30212694,6,1
F23Q20206344,18,0
F23Q10019357,11,1
F22Q10269155,6,1
F22Q20138384,16,0
F23Q20143992,18,0
F23Q30031319,14,0
F22Q20080839,5,1
F23Q10102496,24,0
F23Q30139218,9,1
F23Q20214406,19,0
F23Q20083640,13,0
F23Q20180901,16,0
F22Q10261172,18,0
F23Q20262887,16,0
F22Q30174456,17,0
F22Q10406487,19,0
F22Q10214848,16,0
F22Q30306958,3,1
F22Q20150026,23,0
F22Q20413805,5,1
F22Q20395369,6,1
F23Q10072618,21,0
F22Q20103448,18,0
F22Q30115381,11,1
F22Q20004075,15,0
F22Q10247373,16,0
F23Q30014266,17,0
F22Q20021819,7,1
F22Q10191845,21,0
F22Q20268618,8,1
F22Q20233516,18,0
F22Q30267661,24,0
F22Q10167229,21,0
F22Q10517645,8,1
F23Q20058469,7,1
F22Q30194377,12,1
F23Q20130946,12,1
F22Q20132540,10,1
F22Q40193193,21,0
F22Q30014058,21,0
F23Q30078347,18,0
F22Q30200065,9,1
F23Q30060453,20,0
F22Q40203605,13,0
F22Q10326991,5,1
F22Q20313787,12,1
F22Q30065364,23,0
F22Q40042413,13,0
F22Q10022019,11,1
F23Q30161823,22,0
F22Q10212377,9,1
F22Q30243648,12,1
F23Q30047826,3,1
F22Q10320487,16,0
F23Q20185847,4,1
F22Q30190612,4,1
F23Q30242471,22,0
F22Q30159794,15,0
F23Q30072676,6,1
F22Q20331008,5,1
F23Q10126463,15,0
F22Q40080193,7,1
F22Q30045022,16,0
F22Q30217832,15,0
F22Q30252845,12,1
F23Q10022540,23,0
F22Q20238703,3,1
F22Q10537458,20,0
F22Q30277166,8,1
F22Q40158900,6,1
F23Q20077751,9,1
F22Q10345600,9,1
F23Q10130215,12,1
F22Q30322253,16,0
F23Q20047350,7,1
F22Q30009904,16,0
F23Q30124001,22,0
F22Q10166130,9,1
F23Q30116906,14,0
F22Q30181652,19,0
F22Q20246942,13,0
F23Q10009167,12,1
F22Q40204855,5,1
F22Q40218155,17,0
F22Q20401425,13,0
F22Q30318979,19,0
F22Q30240500,15,0
F23Q20023026,8,1
F23Q30260207,11,1
F22Q20004266,8,1
F22Q30241430,21,0
F22Q10073315,14,0
F22Q30045662,7,1
F23Q10011228,18,0
F23Q20128273,18,0
F22Q20356698,13,0
F22Q40019127,24,0
F23Q30098933,18,0
F22Q10334436,11,1
F22Q10283177,3,1
F23Q10175034,10,1
F23Q30260473,22,0
F23Q30086381,24,0
F22Q30235530,6,1
F22Q40149795,14,0
F22Q30199332,15,0
F22Q20301711,7,1
F22Q20005309,8,1
F22Q30261255,24,0
F22Q30104450,16,0
F22Q20144830,12,1
F22Q30114952,10,1
F22Q10442409,7,1
F23Q20244072,11,1
F23Q20110064,4,1
F22Q10331542,6,1
F22Q10548511,9,1
F23Q20111070,15,0
F22Q20039576,22,0
F22Q10465256,19,0
F22Q40067511,12,1
F22Q20400712,15,0
F22Q10376541,16,0
F22Q20075272,11,1
F22Q40064735,12,1
F22Q10227915,18,0
F22Q10048285,17,0
F22Q30282151,10,1
F22Q10033765,12,1
F22Q20120124,5,1
F22Q20409728,4,1
F22Q40114844,10,1
F22Q20430603,21,0
F22Q10163473,19,0
F22Q40137404,21,0
F22Q10434124,18,0
F22Q40040574,15,0
F22Q20362107,6,1
F22Q40050280,21,0
F22Q40057893,18,0
F22Q10077868,10,1
F23Q30122620,24,0
F23Q30166239,21,0
F22Q30058063,8,1
F23Q10131928,20,0
F22Q40104459,12,1
F22Q30075642,23,0
F22Q10278984,4,1
F23Q10031255,19,0
F22Q30126757,3,1
F22Q30116078,11,1
F23Q10099157,19,0
F23Q30253425,8,1
F23Q20210879,21,0
F22Q10558471,12,1
F23Q10003038,23,0
F23Q20273321,12,1
F22Q10006294,9,1
F22Q10481966,16,0
F22Q20207302,18,0
F23Q30010499,16,0
F22Q40148651,17,0
F23Q20193439,24,0
F23Q30064229,23,0
F22Q10095545,22,0
F22Q20332061,5,1
F23Q20246325,13,0
F22Q10047181,16,0
F22Q40192003,19,0
F23Q20119647,13,0
F22Q40218116,22,0
F23Q20095121,4,1
F23Q20227119,17,0
F22Q30143577,15,0
F23Q10066203,17,0
F22Q30018712,17,0
F23Q20270615,12,1
F22Q40096380,15,0
F23Q30126127,12,1
F22Q20234815,12,1
F22Q40179862,16,0
F23Q10091425,12,1
F22Q40037546,19,0
F23Q30051326,16,0
F22Q10154579,8,1
F23Q30231948,13,0
F22Q40064060,24,0
F23Q30171661,15,0
F23Q20102513,21,0
F22Q10511703,7,1
F22Q30125677,3,1
F22Q20258057,20,0
F22Q30328220,24,0
F22Q20380716,23,0
F22Q10134733,22,0
F22Q20222844,12,1
F23Q20030684,24,0
F22Q10039383,15,0
F22Q20398248,17,0
F22Q20133303,19,0
F22Q10483029,17,0
F23Q10018064,24,0
F22Q20142716,15,0
F23Q10086373,19,0
F23Q10116957,18,0
F22Q30278936,19,0
F22Q30156338,15,0
F22Q40069411,9,1
F23Q30060869,17,0
F22Q10284624,9,1
F22Q30302800,15,0
F23Q30130672,11,1
F22Q20256428,16,0
F22Q20008100,14,0
F23Q20088462,23,0
F23Q30055870,14,0
F23Q10153162,23,0
F23Q10020912,10,1
F23Q30244776,12,1
F23Q10143900,21,0
F22Q40080434,22,0
F23Q30099496,9,1
F23Q30217182,12,1
F22Q10196608,18,0
F22Q30280192,14,0
F22Q30231193,21,0
F22Q40146205,23,0
F22Q40107195,22,0
F23Q20017891,20,0
F22Q10352880,23,0
F22Q20408617,13,0
F23Q20146222,17,0
F22Q30230741,22,0
F23Q30194411,16,0
F22Q10003147,18,0
F23Q30081749,19,0
F23Q10031613,13,0
F22Q40163148,6,1
F22Q10232750,9,1
F22Q20169384,18,0
F23Q10129744,14,0
F22Q30261384,19,0
F22Q30333082,5,1
F22Q20308332,17,0
F23Q20065067,23,0
F22Q10224644,9,1
F23Q20134373,18,0
F22Q10248456,8,1
F22Q20216073,23,0
F22Q20216895,24,0
F22Q20223767,7,1
F22Q40181139,9,1
F23Q20188544,21,0
F22Q10347974,10,1
F23Q30194430,21,0
F22Q20278152,20,0
F22Q10287304,20,0
F23Q30204005,14,0
F22Q20372279,17,0
F22Q10566127,10,1
F23Q20146828,15,0
F22Q10180100,16,0
F22Q10086034,17,0
F23Q10150706,19,0
F22Q10359059,14,0
F22Q40137967,16,0
F23Q10168528,23,0
F22Q30121601,17,0
F22Q40116294,7,1
F22Q10151974,20,0
F22Q30106294,8,1
F23Q20237248,15,0
F22Q10376442,18,0
F22Q40171890,3,1
F23Q20067763,11,1
F22Q20032665,9,1
F23Q30031492,3,1
F22Q30127868,23,0
F22Q10173226,15,0
F22Q30186716,16,0
F23Q20090103,11,1
F23Q20135420,22,0
F22Q10375803,24,0
F23Q20011309,11,1
F23Q20047473,5,1
F23Q20162022,19,0
F23Q20264914,14,0
F22Q30268658,23,0
F23Q20082629,15,0
F22Q30168450,16,0
F23Q20013655,22,0
F23Q30048437,14,0
F23Q20088647,4,1
F23Q30173432,22,0
F22Q10577462,9,1
F23Q20146532,21,0
F22Q10488450,12,1
F22Q30312669,18,0
F22Q40035796,24,0
F22Q40113504,24,0
F23Q10144718,13,0
F22Q20377057,24,0
F23Q20109432,18,0
F23Q20249270,15,0
F22Q40138593,7,1
F22Q30316880,22,0
F22Q40092627,16,0
F22Q30322427,4,1
F22Q30010070,11,1
F22Q10133511,20,0
F22Q20174916,8,1
F22Q30033348,22,0
F22Q30032195,24,0
F22Q10087315,8,1
F22Q30163909,15,0
F22Q20381206,19,0
F22Q30214352,10,1
F23Q30182672,9,1
F22Q30246568,22,0
F22Q20159798,4,1
F22Q20041227,12,1
F22Q40209273,20,0
F22Q10022163,18,0
F22Q30251801,10,1
F22Q30280916,18,0
F23Q10111811,20,0
F22Q20326814,11,1
F23Q10071798,14,0
F23Q30066687,13,0
F22Q30264779,21,0
F22Q40025127,9,1
F23Q10006075,16,0
F22Q20269125,11,1
F22Q30282704,5,1
F22Q30164428,17,0
F22Q20185151,13,0
F22Q10284096,23,0
F22Q20240309,24,0
F22Q30130037,7,1
F23Q20214440,17,0
F22Q20010652,19,0
F22Q40060422,7,1
F22Q40055505,22,0
F22Q10520581,20,0
F23Q20135177,10,1
F22Q20026091,13,0
F22Q10235896,8,1
F23Q20074570,10,1
F22Q30160639,7,1
F22Q40023893,6,1
F22Q20115323,23,0
F22Q30022800,8,1
F22Q10424957,18,0
F22Q10440942,5,1
F23Q10113049,15,0
F22Q10505605,11,1
F23Q30111696,11,1
F23Q20234504,17,0
F23Q30050597,23,0
F22Q20149934,9,1
F23Q10025399,23,0
F22Q10294468,7,1
F23Q20233262,20,0
F23Q20259868,12,1
F22Q10249261,17,0
F23Q30245487,9,1
F23Q20209883,23,0
F23Q10157015,16,0
F23Q30171118,23,0
F22Q10526882,22,0
F23Q20186195,7,1
F22Q20323260,7,1
F22Q10370820,4,1
F23Q30179825,20,0
F23Q20206362,15,0
F23Q30016564,9,1
F22Q40168534,12,1
F22Q10489774,20,0
F22Q40055939,22,0
F22Q40208168,9,1
F22Q10243034,13,0
F22Q40179325,15,0
F22Q30023666,7,1
F23Q30127110,5,1
F22Q10253505,19,0
F22Q20310310,14,0
F23Q20202725,18,0
F22Q40004401,14,0
F22Q20067929,14,0
F22Q20260245,14,0
F23Q30141453,3,1
F22Q30192089,9,1
F23Q30153731,14,0
F22Q10070433,18,0
F22Q20191025,13,0
F22Q30229337,17,0
F22Q20194071,12,1
F23Q20172032,4,1
F22Q40027371,4,1
F22Q10454415,9,1
F22Q10246971,4,1
F22Q40053427,19,0
F23Q30042708,10,1
F23Q10039822,20,0
F22Q20269577,19,0
F22Q10245037,21,0
F23Q30223165,18,0
F23Q10098166,22,0
F23Q30041061,16,0
F22Q10545544,8,1
F22Q30255229,22,0
F22Q20260068,22,0
F22Q30048920,14,0
F23Q10123620,19,0
F22Q20294571,16,0
F23Q20169660,18,0
F22Q20299469,14,0
F22Q10305382,24,0
F22Q10521461,17,0
F22Q10194668,6,1
F23Q10154891,20,0
F22Q20190934,14,0
F22Q10405744,19,0
F22Q30286485,14,0
F22Q20274026,14,0
F22Q20288705,14,0
F22Q40052655,10,1
F22Q10165482,16,0
F22Q20081493,9,1
F22Q30321220,17,0
F22Q10105428,21,0
F23Q20067144,15,0
F23Q10091142,24,0
F23Q20225826,18,0
F22Q10014148,18,0
F22Q20363814,22,0
F22Q10029110,18,0
F22Q20062354,6,1
F22Q30230670,8,1
F22Q20347341,15,0
F22Q20323210,14,0
F22Q20196058,24,0
F22Q20330954,16,0
F22Q30016825,18,0
F22Q20347167,15,0
F23Q20005128,14,0
F22Q30226690,20,0
F22Q10267840,18,0
F22Q10249212,17,0
F22Q10504384,12,1
F22Q20331295,16,0
F22Q30299693,10,1
F22Q10368566,9,1
F22Q20299474,15,0
F22Q20285893,18,0
F22Q10574633,24,0
F23Q20073374,23,0
F22Q30244640,15,0
F22Q20229885,16,0
F22Q10033366,5,1
F23Q20246361,16,0
F22Q20248341,16,0
F23Q10172628,6,1
F22Q10476116,12,1
F22Q20106672,22,0
F22Q20151536,14,0
F22Q10535063,20,0
F22Q20092887,8,1
F23Q10095112,21,0
F22Q10103725,16,0
F22Q20187659,18,0
F22Q20229859,15,0
F22Q10106153,23,0
F22Q40003208,23,0
F22Q10303450,7,1
F22Q30119433,8,1
F22Q10072995,7,1
F23Q20126222,21,0
F22Q20122063,16,0
F23Q30142835,22,0
F22Q20361790,22,0
F23Q10072422,10,1
F22Q30322561,21,0
F22Q40116224,7,1
F23Q30118128,19,0
F23Q20125907,8,1
F22Q20431082,20,0
F22Q20039922,5,1
F22Q30095587,24,0
F22Q30279673,16,0
F22Q20202405,7,1
F22Q10308536,12,1
F22Q20037577,12,1
F22Q30078166,5,1
F22Q30216721,3,1
F22Q30039330,4,1
F23Q20167846,19,0
F22Q20162336,21,0
F22Q30042475,10,1
F22Q30190504,19,0
F22Q40169003,23,0
F23Q20122964,18,0
F22Q30088691,3,1
F23Q10132324,17,0
F22Q10537542,8,1
F22Q30094084,16,0
F23Q10124896,19,0
F22Q10273738,8,1
F22Q10254269,15,0
F22Q10490749,22,0
F22Q10062024,8,1
F22Q10466220,7,1
F22Q30060585,17,0
F22Q10184905,6,1
F23Q30020256,17,0
F23Q10111910,15,0
F22Q10388704,18,0
F23Q20164474,14,0
F23Q20079772,21,0
F22Q10363240,7,1
F23Q30111926,8,1
F22Q40193762,7,1
F22Q30278037,10,1
F22Q40173819,17,0
F22Q10071403,13,0
F22Q40160970,11,1
F22Q10302740,13,0
F22Q10162440,14,0
F22Q10448574,7,1
F23Q30000093,22,0
F23Q30189080,15,0
F22Q10362462,10,1
F22Q20180272,23,0
F22Q10228190,5,1
F22Q30250554,22,0
F22Q30219087,23,0
F22Q10158417,20,0
F22Q10134557,23,0
F22Q10520521,21,0
F22Q10038827,5,1
F22Q10537772,15,0
